Lat,Lon,VSM,TAV,TAH,Tsoil,Tveg,VWC,S%,C%,VSM_err
49.3649,-98.1198,0.2081,274.01,247.07,19.6,19.6,1.82,0.54,0.32,0.0143
49.3649,-98.1146,0.2388,273.94,248.36,19.6,19.6,2.26,0.54,0.33,0.0175
49.3649,-98.1094,0.3084,272.24,250.78,19.6,19.6,2.61,0.48,0.38,0.0242
49.3649,-98.1043,0.3846,271.37,252.52,19.6,19.6,2.99,0.39,0.44,0.0442
49.3649,-98.0991,0.3274,272.44,252.53,19.6,19.6,2.54,0.27,0.52,0.0267
49.3649,-98.0939,0.2738,274.2,250.55,19.6,19.6,1.79,0.18,0.59,0.0164
49.3649,-98.0887,0.2542,275.16,247.23,19.6,19.6,1.31,0.13,0.63,0.0199
49.3649,-98.0835,0.2312,274.48,244.52,19.6,19.6,0.86,0.15,0.61,0.0161
49.3649,-98.0783,0.2381,274.06,243.92,19.6,19.6,0.9,0.15,0.61,0.0127
49.3649,-98.0731,0.2384,275.21,246.08,19.6,19.6,1.29,0.16,0.61,0.0236
49.3649,-98.0679,0.2513,275.73,248.61,19.6,19.6,1.72,0.14,0.62,0.0154
49.3649,-98.0628,0.2893,275.42,249.27,19.6,19.6,2.31,0.1,0.65,0.0158
49.3649,-98.0576,0.3238,275.13,249.57,19.6,19.6,2.87,0.1,0.65,0.0223
49.3649,-98.0524,0.3113,275.43,250.28,19.5,19.5,3.0,0.11,0.64,0.0278
49.3649,-98.0472,0.2885,276.4,250.94,19.5,19.5,3.09,0.12,0.62,0.0245
49.3649,-98.042,0.2677,277.19,250.94,19.5,19.5,2.95,0.13,0.61,0.0195
49.3649,-98.0368,0.2637,277.84,251.2,19.5,19.5,2.95,0.13,0.61,0.02
49.3649,-98.0316,0.2774,276.95,251.4,19.5,19.5,2.8,0.12,0.63,0.0247
49.3649,-98.0265,0.2991,274.12,250.13,19.5,19.5,2.32,0.11,0.64,0.0199
49.3649,-98.0213,0.2998,272.12,248.14,19.5,19.5,1.91,0.1,0.65,0.0164
49.3649,-98.0161,0.2774,272.29,247.52,19.5,19.5,1.34,0.1,0.65,0.0213
49.3649,-98.0109,0.2588,273.84,248.21,19.5,19.5,1.11,0.11,0.64,0.0179
49.3649,-98.0057,0.2378,275.79,249.09,19.5,19.5,1.47,0.15,0.59,0.0207
49.3649,-98.0005,0.2287,277.38,249.85,19.6,19.6,2.0,0.16,0.57,0.0135
49.3649,-97.9953,0.2243,278.83,250.47,19.6,19.6,2.5,0.16,0.57,0.0122
49.3649,-97.9901,0.2151,279.86,250.48,19.6,19.6,2.82,0.18,0.56,0.0161
49.3649,-97.985,0.2078,278.47,250.62,19.6,19.6,2.24,0.19,0.54,0.0124
49.3649,-97.9798,0.2002,276.3,251.33,19.6,19.6,1.6,0.21,0.51,0.0119
49.3649,-97.9746,0.2075,275.26,251.47,19.6,19.6,1.57,0.22,0.5,0.024
49.3649,-97.9694,0.2206,275.02,250.79,19.6,19.6,1.59,0.19,0.54,0.0272
49.3649,-97.9642,0.2281,275.78,249.86,19.6,19.6,1.84,0.18,0.55,0.012
49.3649,-97.959,0.2365,277.32,248.32,19.6,19.6,1.96,0.16,0.57,0.0129
49.3649,-97.9538,0.2316,278.52,245.91,19.6,19.6,1.44,0.14,0.58,0.0211
49.3649,-97.9487,0.2227,278.09,242.91,19.6,19.6,0.98,0.16,0.49,0.0162
49.3649,-97.9435,,276.1,242.14,19.6,19.6,0.82,0.21,0.4,
49.3649,-97.9383,,274.12,242.12,19.6,19.6,1.26,0.29,0.34,
49.3649,-97.9331,,272.77,241.76,19.6,19.6,1.83,0.28,0.39,
49.3649,-97.9279,0.3126,272.68,240.41,19.6,19.6,2.39,0.31,0.45,0.0195
49.3649,-97.9227,0.2845,274.62,238.93,19.6,19.6,2.95,0.35,0.46,0.021
49.3649,-97.9175,0.2702,275.91,237.19,19.6,19.6,2.77,0.32,0.49,0.0168
49.3649,-97.9123,0.2846,274.74,236.18,19.6,19.6,2.64,0.31,0.5,0.0192
49.3649,-97.9072,0.3037,272.63,236.63,19.6,19.6,2.39,0.22,0.57,0.0209
49.3649,-97.902,0.2916,271.78,239.09,19.6,19.6,1.97,0.18,0.58,0.015
49.3649,-97.8968,0.2726,271.19,244.78,19.6,19.6,1.72,0.23,0.53,0.016
49.3649,-97.8916,0.2539,271.31,251.35,19.6,19.6,1.71,0.31,0.45,0.0315
49.3649,-97.8864,0.2241,276.18,253.76,19.7,19.7,2.16,0.39,0.37,0.0154
49.3649,-97.8812,0.198,279.82,252.99,19.7,19.7,2.56,0.41,0.37,0.0198
49.3649,-97.876,0.1976,281.59,253.01,19.7,19.7,3.04,0.42,0.37,0.0205
49.3649,-97.8709,0.172,283.94,254.3,19.8,19.8,3.1,0.39,0.38,0.0231
49.3649,-97.8657,0.1484,285.63,256.31,19.8,19.8,2.89,0.31,0.45,0.0209
49.3649,-97.8605,0.2057,283.35,257.25,19.8,19.8,3.05,0.22,0.53,0.019
49.3649,-97.8553,0.2323,281.93,257.98,19.8,19.8,3.01,0.18,0.55,0.018
49.3649,-97.8501,0.2119,282.55,258.55,19.8,19.8,2.84,0.2,0.53,0.0201
49.3649,-97.8449,0.1939,282.48,258.88,19.8,19.8,2.76,0.28,0.47,0.0195
49.3649,-97.8397,0.1955,281.52,257.75,19.8,19.8,2.76,0.31,0.44,0.0134
49.3649,-97.8345,0.2092,281.1,254.34,19.8,19.8,2.73,0.26,0.5,0.012
49.3649,-97.8294,0.2403,279.83,249.85,19.8,19.8,2.65,0.22,0.54,0.0184
49.3649,-97.8242,0.2327,278.41,247.85,19.8,19.8,2.11,0.2,0.54,0.0157
49.3649,-97.819,0.2135,277.84,247.1,19.8,19.8,1.52,0.2,0.53,0.0206
49.3649,-97.8138,0.2181,276.89,245.2,19.8,19.8,1.35,0.2,0.52,0.0214
49.3649,-97.8086,0.2423,275.85,240.56,19.8,19.8,1.69,0.18,0.55,0.0136
49.3649,-97.8034,0.2573,276.98,234.6,19.8,19.8,2.25,0.15,0.59,0.0171
49.3649,-97.7982,0.2468,279.33,232.52,19.8,19.8,2.37,0.11,0.64,0.0151
49.3649,-97.7931,0.238,280.35,234.77,19.8,19.8,2.47,0.1,0.65,0.019
49.3649,-97.7879,0.2648,279.55,236.42,19.8,19.8,2.87,0.1,0.65,0.0221
49.3649,-97.7827,0.2939,277.67,235.21,19.8,19.8,2.92,0.1,0.65,0.0286
49.3649,-97.7775,0.3277,275.62,232.88,19.8,19.8,2.9,0.1,0.65,0.0239
49.3649,-97.7723,0.3176,273.75,228.41,19.8,19.8,2.41,0.1,0.65,0.0186
49.3649,-97.7671,0.2883,272.69,223.76,19.8,19.8,1.62,0.1,0.65,0.0141
49.3649,-97.7619,0.2808,272.64,223.03,19.8,19.8,1.24,0.1,0.65,0.0213
49.3649,-97.7567,0.2707,272.69,224.21,19.8,19.8,0.85,0.1,0.65,0.017
49.3649,-97.7516,0.267,272.49,224.81,19.8,19.8,0.62,0.1,0.65,0.0135
49.3709,-98.1198,0.1877,273.49,247.68,19.6,19.6,1.08,0.36,0.42,0.0092
49.3709,-98.1146,0.2158,272.79,249.07,19.6,19.6,1.29,0.34,0.45,0.023
49.3709,-98.1094,0.274,271.13,251.65,19.6,19.6,1.72,0.35,0.44,0.0158
49.3709,-98.1043,0.3114,271.04,253.65,19.6,19.6,2.25,0.33,0.45,0.0248
49.3709,-98.0991,0.3015,273.33,253.27,19.6,19.6,2.48,0.25,0.51,0.0239
49.3709,-98.0939,0.2819,275.42,250.99,19.6,19.6,2.41,0.19,0.57,0.0192
49.3709,-98.0887,0.2747,275.55,248.04,19.6,19.6,2.01,0.13,0.62,0.0153
49.3709,-98.0835,0.2816,274.09,246.23,19.6,19.6,1.76,0.12,0.63,0.0126
49.3709,-98.0783,0.2706,273.8,246.56,19.6,19.6,1.77,0.14,0.62,0.0136
49.3709,-98.0731,0.2644,275.46,249.84,19.6,19.6,1.93,0.13,0.63,0.0154
49.3709,-98.0679,0.2706,276.5,252.73,19.6,19.6,2.24,0.13,0.63,0.0155
49.3709,-98.0628,0.2881,276.24,252.84,19.6,19.6,2.6,0.16,0.61,0.0204
49.3709,-98.0576,0.2994,276.12,252.78,19.5,19.5,2.86,0.17,0.6,0.0224
49.3709,-98.0524,0.2894,276.52,253.27,19.5,19.5,2.64,0.17,0.6,0.0227
49.3709,-98.0472,0.252,276.88,252.9,19.5,19.5,2.26,0.18,0.58,0.0165
49.3709,-98.042,0.2113,277.2,251.5,19.5,19.5,1.85,0.18,0.58,0.0353
49.3709,-98.0368,0.2074,277.27,250.69,19.5,19.5,1.85,0.17,0.58,0.0317
49.3709,-98.0316,0.2429,275.79,250.09,19.5,19.5,1.99,0.15,0.59,0.0151
49.3709,-98.0265,0.2662,273.25,248.71,19.5,19.5,1.88,0.13,0.61,0.0188
49.3709,-98.0213,0.2748,271.62,246.95,19.5,19.5,1.69,0.11,0.63,0.0308
49.3709,-98.0161,0.2634,271.66,246.2,19.5,19.5,1.2,0.1,0.65,0.0175
49.3709,-98.0109,0.2527,273.05,246.38,19.5,19.5,1.1,0.1,0.65,0.0168
49.3709,-98.0057,0.241,274.82,247.3,19.5,19.5,1.15,0.12,0.63,0.0205
49.3709,-98.0005,0.2344,276.12,248.28,19.6,19.6,1.4,0.14,0.6,0.0222
49.3709,-97.9953,0.2048,277.34,248.85,19.6,19.6,1.5,0.16,0.57,0.0221
49.3709,-97.9901,0.1748,278.15,248.94,19.6,19.6,1.39,0.19,0.53,0.0219
49.3709,-97.985,0.1702,277.04,249.46,19.6,19.6,1.3,0.21,0.51,0.0207
49.3709,-97.9798,0.1856,275.67,250.25,19.6,19.6,1.09,0.21,0.51,0.0182
49.3709,-97.9746,0.2019,274.46,250.03,19.6,19.6,1.08,0.2,0.52,0.019
49.3709,-97.9694,0.2409,273.53,249.38,19.6,19.6,1.45,0.18,0.56,0.0207
49.3709,-97.9642,0.2481,274.19,249.01,19.6,19.6,1.77,0.18,0.55,0.0293
49.3709,-97.959,0.248,276.28,248.42,19.6,19.6,2.02,0.18,0.55,0.0178
49.3709,-97.9538,0.234,278.08,247.39,19.6,19.6,2.15,0.21,0.51,0.0168
49.3709,-97.9487,0.2342,278.03,246.33,19.6,19.6,2.16,0.25,0.46,0.0171
49.3709,-97.9435,0.2431,276.55,246.18,19.6,19.6,2.22,0.3,0.39,0.0179
49.3709,-97.9383,0.2353,275.33,246.24,19.6,19.6,2.28,0.38,0.33,0.0175
49.3709,-97.9331,0.2702,274.2,246.02,19.6,19.6,2.5,0.37,0.39,0.0174
49.3709,-97.9279,0.3016,273.27,244.8,19.6,19.6,2.7,0.31,0.48,0.02
49.3709,-97.9227,0.3106,273.57,242.78,19.6,19.6,2.86,0.25,0.54,0.0223
49.3709,-97.9175,0.3002,274.95,239.97,19.6,19.6,2.74,0.22,0.56,0.0221
49.3709,-97.9123,0.2885,276.03,236.83,19.6,19.6,2.62,0.2,0.58,0.0206
49.3709,-97.9072,0.3015,275.33,236.06,19.6,19.6,2.58,0.13,0.63,0.0188
49.3709,-97.902,0.3059,273.99,238.6,19.6,19.6,2.5,0.13,0.63,0.0204
49.3709,-97.8968,0.2914,272.65,243.12,19.6,19.6,2.2,0.17,0.58,0.0189
49.3709,-97.8916,0.2763,271.93,248.57,19.6,19.6,2.24,0.23,0.51,0.0154
49.3709,-97.8864,0.2505,275.07,251.28,19.7,19.7,2.43,0.26,0.48,0.0147
49.3709,-97.8812,0.2415,277.92,251.41,19.7,19.7,2.69,0.28,0.47,0.0155
49.3709,-97.876,0.2459,279.61,251.93,19.7,19.7,2.92,0.26,0.49,0.0261
49.3709,-97.8709,0.2271,282.02,253.44,19.7,19.7,2.77,0.23,0.52,0.0164
49.3709,-97.8657,0.1727,284.44,256.07,19.8,19.8,2.46,0.19,0.56,0.0222
49.3709,-97.8605,0.1948,282.9,257.94,19.8,19.8,2.05,0.13,0.61,0.0191
49.3709,-97.8553,0.203,281.69,258.32,19.8,19.8,1.7,0.13,0.62,0.0292
49.3709,-97.8501,0.1877,282.55,257.84,19.8,19.8,1.79,0.16,0.58,0.0307
49.3709,-97.8449,0.1858,282.57,256.78,19.8,19.8,2.05,0.18,0.56,0.0171
49.3709,-97.8397,0.2114,281.08,254.3,19.8,19.8,2.33,0.19,0.56,0.0121
49.3709,-97.8345,0.245,279.73,250.27,19.8,19.8,2.6,0.18,0.59,0.0151
49.3709,-97.8294,0.2691,278.61,245.28,19.8,19.8,2.51,0.13,0.62,0.0145
49.3709,-97.8242,0.2522,277.74,242.64,19.8,19.8,1.98,0.13,0.61,0.0141
49.3709,-97.819,0.2398,277.15,241.74,19.8,19.8,1.41,0.14,0.6,0.0254
49.3709,-97.8138,0.2491,276.2,240.35,19.8,19.8,1.47,0.15,0.59,0.0249
49.3709,-97.8086,0.2809,275.51,237.38,19.8,19.8,2.07,0.13,0.61,0.0515
49.3709,-97.8034,0.2785,277.15,233.42,19.8,19.8,2.39,0.11,0.64,0.0196
49.3709,-97.7982,0.2375,279.73,231.77,19.8,19.8,2.17,0.1,0.65,0.0129
49.3709,-97.7931,0.2066,280.62,233.16,19.8,19.8,1.67,0.1,0.65,0.0302
49.3709,-97.7879,0.2174,279.51,234.08,19.8,19.8,1.5,0.1,0.65,0.0339
49.3709,-97.7827,0.2416,277.94,232.97,19.8,19.8,1.6,0.1,0.65,0.0251
49.3709,-97.7775,0.2563,276.37,230.83,19.8,19.8,1.56,0.1,0.65,0.0303
49.3709,-97.7723,0.2684,274.21,226.5,19.8,19.8,1.35,0.1,0.65,0.0239
49.3709,-97.7671,0.2749,272.48,222.73,19.8,19.8,1.05,0.1,0.65,0.0175
49.3709,-97.7619,0.2763,271.89,222.83,19.8,19.8,0.85,0.11,0.64,0.0144
49.3709,-97.7567,0.273,271.81,224.77,19.8,19.8,0.69,0.1,0.65,0.0143
49.3709,-97.7516,0.2725,271.81,226.27,19.8,19.8,0.63,0.1,0.65,0.0147
49.3769,-98.1198,0.2459,273.61,249.58,19.6,19.6,1.86,0.16,0.58,0.0148
49.3769,-98.1146,0.2702,273.12,251.18,19.6,19.6,1.92,0.16,0.58,0.0153
49.3769,-98.1094,0.3108,271.82,253.84,19.6,19.6,2.17,0.16,0.58,0.0242
49.3769,-98.1043,0.34,271.63,255.29,19.6,19.6,2.68,0.16,0.58,0.0234
49.3769,-98.0991,0.3503,272.39,254.39,19.6,19.6,2.91,0.16,0.57,0.0353
49.3769,-98.0939,0.3457,273.13,251.94,19.6,19.6,2.97,0.13,0.61,0.0232
49.3769,-98.0887,0.3427,272.79,248.96,19.6,19.6,2.78,0.1,0.65,0.0259
49.3769,-98.0835,0.3466,272.19,247.55,19.6,19.6,2.73,0.1,0.65,0.023
49.3769,-98.0783,0.3332,274.03,249.06,19.6,19.6,2.88,0.11,0.64,0.0239
49.3769,-98.0731,0.2971,277.0,253.12,19.6,19.6,3.05,0.14,0.62,0.0243
49.3769,-98.0679,0.282,277.54,255.72,19.6,19.6,3.15,0.17,0.6,0.0241
49.3769,-98.0628,0.2913,276.72,255.35,19.6,19.6,3.24,0.19,0.59,0.0277
49.3769,-98.0576,0.3112,276.24,254.66,19.5,19.5,3.4,0.21,0.57,0.0371
49.3769,-98.0524,0.3144,276.46,254.5,19.5,19.5,3.09,0.25,0.54,0.028
49.3769,-98.0472,0.256,276.91,254.31,19.5,19.5,2.62,0.29,0.51,0.019
49.3769,-98.042,0.2163,276.78,253.01,19.5,19.5,2.13,0.29,0.5,0.0155
49.3769,-98.0368,0.2127,275.96,250.91,19.5,19.5,2.03,0.27,0.5,0.0131
49.3769,-98.0316,0.2451,274.29,249.07,19.5,19.5,2.16,0.22,0.54,0.016
49.3769,-98.0265,0.2769,272.53,247.28,19.5,19.5,2.23,0.16,0.59,0.0185
49.3769,-98.0213,0.2717,272.7,245.89,19.5,19.5,1.83,0.13,0.61,0.0152
49.3769,-98.0161,0.2368,274.18,246.12,19.5,19.5,1.29,0.12,0.62,0.0211
49.3769,-98.0109,0.218,274.56,246.52,19.5,19.5,0.91,0.15,0.59,0.0165
49.3769,-98.0057,0.2231,274.61,246.28,19.5,19.5,0.8,0.18,0.56,0.0143
49.3769,-98.0005,0.2213,275.14,246.53,19.6,19.6,0.77,0.21,0.53,0.0144
49.3769,-97.9953,0.2055,276.1,247.1,19.6,19.6,0.97,0.23,0.5,0.0153
49.3769,-97.9901,0.1954,276.85,247.87,19.6,19.6,1.33,0.22,0.49,0.0203
49.3769,-97.985,0.1926,275.81,249.01,19.6,19.6,1.38,0.21,0.51,0.0266
49.3769,-97.9798,0.2023,274.84,249.69,19.6,19.6,1.32,0.2,0.53,0.0186
49.3769,-97.9746,0.2228,273.87,249.15,19.6,19.6,1.1,0.19,0.54,0.0188
49.3769,-97.9694,0.2366,273.48,248.25,19.6,19.6,0.92,0.18,0.56,0.0159
49.3769,-97.9642,0.2178,274.99,248.4,19.6,19.6,1.14,0.21,0.52,0.0155
49.3769,-97.959,0.2167,277.15,249.31,19.6,19.6,1.72,0.23,0.51,0.0308
49.3769,-97.9538,0.2292,277.82,249.96,19.6,19.6,2.38,0.27,0.47,0.0163
49.3769,-97.9487,0.252,276.73,250.11,19.6,19.6,3.05,0.33,0.43,0.0254
49.3769,-97.9435,0.2479,276.12,249.77,19.6,19.6,3.39,0.37,0.4,0.029
49.3769,-97.9383,0.2345,275.72,248.89,19.6,19.6,3.0,0.4,0.39,0.0185
49.3769,-97.9331,0.2469,274.95,247.37,19.6,19.6,2.4,0.34,0.46,0.0143
49.3769,-97.9279,0.2582,274.5,245.58,19.6,19.6,1.94,0.27,0.52,0.0156
49.3769,-97.9227,0.2678,274.61,244.99,19.6,19.6,1.79,0.16,0.6,0.0128
49.3769,-97.9175,0.2709,275.43,245.48,19.6,19.6,1.96,0.1,0.65,0.0125
49.3769,-97.9123,0.2682,276.5,244.66,19.6,19.6,2.32,0.1,0.64,0.0168
49.3769,-97.9072,0.2771,276.62,242.45,19.6,19.6,2.73,0.11,0.64,0.0178
49.3769,-97.902,0.2926,276.38,242.23,19.6,19.6,3.12,0.11,0.64,0.0267
49.3769,-97.8968,0.3041,275.13,243.58,19.6,19.6,3.32,0.14,0.61,0.0251
49.3769,-97.8916,0.2962,274.0,245.99,19.6,19.6,3.25,0.17,0.57,0.0297
49.3769,-97.8864,0.276,275.47,247.76,19.7,19.7,3.17,0.16,0.57,0.0265
49.3769,-97.8812,0.2638,277.22,247.93,19.7,19.7,3.15,0.16,0.58,0.0215
49.3769,-97.876,0.257,278.82,248.46,19.7,19.7,2.98,0.14,0.61,0.0181
49.3769,-97.8709,0.222,281.66,250.44,19.8,19.8,2.65,0.12,0.64,0.0176
49.3769,-97.8657,0.1724,283.98,253.24,19.8,19.8,2.22,0.1,0.65,0.0172
49.3769,-97.8605,0.1938,281.81,253.97,19.8,19.8,1.67,0.1,0.65,0.0317
49.3769,-97.8553,0.2106,280.05,253.22,19.8,19.8,1.29,0.1,0.65,0.0296
49.3769,-97.8501,0.199,280.37,251.81,19.8,19.8,1.23,0.12,0.63,0.0252
49.3769,-97.8449,0.1951,280.5,250.36,19.8,19.8,1.47,0.16,0.59,0.0294
49.3769,-97.8397,0.2223,279.19,247.81,19.8,19.8,1.82,0.17,0.58,0.0123
49.3769,-97.8345,0.255,278.24,243.9,19.8,19.8,2.01,0.14,0.61,0.0124
49.3769,-97.8294,0.2528,277.76,239.27,19.8,19.8,1.85,0.12,0.63,0.0147
49.3769,-97.8242,0.2502,276.93,236.8,19.8,19.8,1.35,0.1,0.65,0.0244
49.3769,-97.819,0.248,276.29,236.86,19.8,19.8,1.03,0.1,0.64,0.0163
49.3769,-97.8138,0.256,275.7,237.64,19.8,19.8,1.15,0.1,0.64,0.0174
49.3769,-97.8086,0.2645,275.77,237.12,19.8,19.8,1.58,0.1,0.65,0.0246
49.3769,-97.8034,0.2407,277.89,234.69,19.8,19.8,1.65,0.1,0.65,0.029
49.3769,-97.7982,0.1909,280.46,232.71,19.8,19.8,1.3,0.1,0.65,0.0208
49.3769,-97.7931,0.1723,280.65,232.28,19.8,19.8,0.77,0.1,0.65,0.0154
49.3769,-97.7879,0.1932,278.44,231.4,19.8,19.8,0.46,0.1,0.65,0.0125
49.3769,-97.7827,0.2253,276.21,230.34,19.8,19.8,0.58,0.1,0.65,0.0138
49.3769,-97.7775,0.248,274.73,229.06,19.8,19.8,0.88,0.1,0.65,0.013
49.3769,-97.7723,0.27,273.14,225.9,19.8,19.8,1.17,0.11,0.64,0.0205
49.3769,-97.7671,0.2873,271.59,223.27,19.8,19.8,1.2,0.11,0.64,0.0221
49.3769,-97.7619,0.2852,271.15,223.88,19.8,19.8,0.98,0.11,0.64,0.0195
49.3769,-97.7567,0.272,271.69,226.39,19.8,19.8,0.73,0.11,0.64,0.0127
49.3769,-97.7516,0.2684,272.07,228.31,19.8,19.8,0.61,0.1,0.65,0.0126
49.3829,-98.1198,0.2555,276.73,253.08,19.6,19.6,2.12,0.1,0.65,0.0132
49.3829,-98.1146,0.2803,274.81,253.79,19.6,19.6,2.15,0.1,0.64,0.0163
49.3829,-98.1094,0.3128,272.79,254.69,19.6,19.6,2.29,0.11,0.64,0.0187
49.3829,-98.1043,0.3474,272.52,254.92,19.6,19.6,2.73,0.11,0.63,0.0237
49.3829,-98.0991,0.3538,272.63,253.78,19.6,19.6,2.83,0.11,0.64,0.0355
49.3829,-98.0939,0.3395,272.53,251.64,19.6,19.6,2.59,0.1,0.65,0.0227
49.3829,-98.0887,0.3239,271.64,249.4,19.6,19.6,2.2,0.1,0.65,0.0169
49.3829,-98.0835,0.3273,270.8,248.7,19.6,19.6,2.12,0.1,0.65,0.0162
49.3829,-98.0783,0.3249,272.52,250.41,19.6,19.6,2.39,0.11,0.64,0.0198
49.3829,-98.0731,0.2999,275.84,254.08,19.6,19.6,2.81,0.12,0.63,0.0264
49.3829,-98.0679,0.2948,276.68,256.36,19.6,19.6,3.15,0.14,0.62,0.0267
49.3829,-98.0628,0.3067,275.73,255.97,19.6,19.6,3.18,0.16,0.6,0.0256
49.3829,-98.0576,0.2958,275.24,255.08,19.5,19.5,3.01,0.18,0.58,0.0238
49.3829,-98.0524,0.2784,275.46,254.36,19.5,19.5,2.62,0.27,0.5,0.0237
49.3829,-98.0472,0.2511,275.75,253.63,19.5,19.5,2.44,0.31,0.46,0.0189
49.3829,-98.042,0.235,275.45,252.44,19.5,19.5,2.31,0.32,0.45,0.0195
49.3829,-98.0368,0.2471,274.84,250.56,19.5,19.5,2.42,0.31,0.47,0.0165
49.3829,-98.0316,0.2705,273.98,248.81,19.5,19.5,2.59,0.25,0.51,0.0153
49.3829,-98.0265,0.3296,272.8,247.24,19.5,19.5,2.79,0.2,0.55,0.0265
49.3829,-98.0213,0.2945,272.85,246.33,19.5,19.5,2.38,0.18,0.55,0.0189
49.3829,-98.0161,0.2482,273.94,247.19,19.5,19.5,1.78,0.18,0.55,0.0312
49.3829,-98.0109,0.2086,273.82,247.3,19.5,19.5,0.97,0.22,0.51,0.0158
49.3829,-98.0057,0.1903,273.7,245.92,19.5,19.5,0.57,0.26,0.46,0.0094
49.3829,-98.0005,0.1889,274.55,245.45,19.6,19.6,0.63,0.28,0.44,0.0103
49.3829,-97.9953,0.1858,276.23,246.19,19.6,19.6,1.07,0.27,0.45,0.0147
49.3829,-97.9901,0.1851,277.65,247.77,19.6,19.6,1.54,0.21,0.51,0.0152
49.3829,-97.985,0.2234,276.76,249.16,19.6,19.6,1.75,0.17,0.56,0.0118
49.3829,-97.9798,0.2416,275.27,249.08,19.6,19.6,1.89,0.17,0.56,0.0112
49.3829,-97.9746,0.2419,273.96,247.93,19.6,19.6,1.63,0.21,0.51,0.0296
49.3829,-97.9694,0.2314,273.67,246.31,19.6,19.6,1.16,0.22,0.49,0.0167
49.3829,-97.9642,0.2064,275.28,245.89,19.6,19.6,0.92,0.24,0.48,0.0165
49.3829,-97.959,0.2005,276.96,247.56,19.6,19.6,1.07,0.24,0.48,0.0151
49.3829,-97.9538,0.1996,277.12,249.52,19.6,19.6,1.54,0.3,0.44,0.022
49.3829,-97.9487,0.2077,276.7,249.05,19.6,19.6,2.05,0.33,0.42,0.0373
49.3829,-97.9435,0.214,276.54,248.39,19.6,19.6,2.41,0.35,0.41,0.0146
49.3829,-97.9383,0.2109,276.45,248.13,19.6,19.6,2.33,0.3,0.47,0.0151
49.3829,-97.9331,0.2284,276.43,247.73,19.6,19.6,2.04,0.24,0.52,0.0373
49.3829,-97.9279,0.2448,275.56,247.0,19.6,19.6,1.69,0.18,0.57,0.0342
49.3829,-97.9227,0.2781,273.2,246.15,19.6,19.6,1.52,0.12,0.63,0.0315
49.3829,-97.9175,0.2941,272.27,246.3,19.6,19.6,1.87,0.13,0.62,0.0171
49.3829,-97.9123,0.299,273.06,247.13,19.6,19.6,2.47,0.12,0.62,0.0181
49.3829,-97.9072,0.2915,274.84,247.19,19.6,19.6,3.06,0.13,0.62,0.025
49.3829,-97.902,0.2828,276.44,247.55,19.6,19.6,3.58,0.15,0.59,0.0274
49.3829,-97.8968,0.2775,277.01,248.06,19.6,19.6,3.57,0.17,0.56,0.0211
49.3829,-97.8916,0.2871,276.73,247.75,19.6,19.6,3.67,0.18,0.55,0.0257
49.3829,-97.8864,0.2866,276.52,246.57,19.7,19.7,3.46,0.18,0.55,0.0243
49.3829,-97.8812,0.2776,276.87,245.76,19.7,19.7,2.98,0.14,0.6,0.022
49.3829,-97.876,0.2511,278.05,245.49,19.8,19.8,2.39,0.11,0.63,0.0143
49.3829,-97.8709,0.2185,280.47,246.33,19.8,19.8,1.92,0.1,0.65,0.0165
49.3829,-97.8657,0.203,281.88,247.7,19.8,19.8,1.84,0.1,0.65,0.0141
49.3829,-97.8605,0.2323,280.07,247.66,19.8,19.8,1.82,0.1,0.65,0.0133
49.3829,-97.8553,0.2373,279.35,246.6,19.8,19.8,1.91,0.1,0.65,0.0127
49.3829,-97.8501,0.2233,280.27,245.35,19.8,19.8,1.84,0.13,0.62,0.0152
49.3829,-97.8449,0.2058,280.23,243.88,19.8,19.8,1.84,0.15,0.6,0.0154
49.3829,-97.8397,0.2287,278.71,242.08,19.8,19.8,1.88,0.16,0.59,0.0119
49.3829,-97.8345,0.238,278.11,240.3,19.8,19.8,1.74,0.16,0.6,0.0135
49.3829,-97.8294,0.246,278.01,237.88,19.8,19.8,1.62,0.13,0.62,0.0313
49.3829,-97.8242,0.2453,277.62,235.8,19.8,19.8,1.39,0.11,0.63,0.0243
49.3829,-97.819,0.246,277.02,235.76,19.8,19.8,1.27,0.12,0.61,0.0188
49.3829,-97.8138,0.2477,275.87,236.38,19.8,19.8,1.05,0.11,0.62,0.0174
49.3829,-97.8086,0.2393,275.42,235.76,19.8,19.8,0.83,0.11,0.62,0.016
49.3829,-97.8034,0.2137,277.38,233.19,19.8,19.8,0.77,0.1,0.65,0.0178
49.3829,-97.7982,0.1848,279.69,231.33,19.8,19.8,0.83,0.1,0.65,0.0184
49.3829,-97.7931,0.1831,280.26,230.54,19.8,19.8,0.95,0.1,0.65,0.0224
49.3829,-97.7879,0.2067,278.51,228.96,19.8,19.8,0.87,0.1,0.65,0.0191
49.3829,-97.7827,0.2342,275.94,228.0,19.8,19.8,0.78,0.1,0.65,0.0144
49.3829,-97.7775,0.2558,273.61,228.09,19.8,19.8,0.98,0.1,0.65,0.0157
49.3829,-97.7723,0.2755,271.68,227.03,19.8,19.8,1.25,0.1,0.65,0.0113
49.3829,-97.7671,0.2842,270.43,225.8,19.8,19.8,1.26,0.1,0.65,0.0118
49.3829,-97.7619,0.2741,270.72,226.08,19.8,19.8,1.03,0.1,0.64,0.0134
49.3829,-97.7567,0.2583,271.48,227.11,19.8,19.8,0.71,0.1,0.65,0.0139
49.3829,-97.7516,0.2523,271.49,227.68,19.8,19.8,0.52,0.1,0.65,0.0112
49.3889,-98.1198,0.1865,276.88,253.8,19.6,19.6,1.02,0.14,0.6,0.0138
49.3889,-98.1146,0.2259,274.79,253.72,19.6,19.6,0.99,0.13,0.61,0.0171
49.3889,-98.1094,0.2663,272.51,253.48,19.6,19.6,1.23,0.12,0.62,0.0219
49.3889,-98.1043,0.3127,271.75,252.97,19.6,19.6,1.87,0.1,0.64,0.045
49.3889,-98.0991,0.3341,271.63,252.07,19.6,19.6,2.3,0.1,0.65,0.0165
49.3889,-98.0939,0.3295,271.56,250.98,19.6,19.6,2.35,0.11,0.65,0.019
49.3889,-98.0887,0.3032,270.78,249.85,19.6,19.6,1.91,0.13,0.63,0.0155
49.3889,-98.0835,0.2927,270.01,249.55,19.6,19.6,1.73,0.15,0.61,0.0146
49.3889,-98.0783,0.285,271.17,251.31,19.6,19.6,1.91,0.15,0.6,0.0138
49.3889,-98.0731,0.287,273.07,255.03,19.6,19.6,2.37,0.17,0.59,0.0234
49.3889,-98.0679,0.3136,273.63,256.7,19.6,19.6,2.85,0.2,0.57,0.0228
49.3889,-98.0628,0.292,273.63,255.86,19.5,19.5,2.57,0.23,0.52,0.0265
49.3889,-98.0576,0.2384,273.87,254.85,19.5,19.5,2.02,0.3,0.45,0.0171
49.3889,-98.0524,0.2115,274.1,253.76,19.5,19.5,1.37,0.35,0.41,0.0183
49.3889,-98.0472,0.1919,273.94,252.21,19.5,19.5,0.96,0.37,0.4,0.0143
49.3889,-98.042,0.2045,274.08,250.72,19.5,19.5,1.45,0.33,0.44,0.0257
49.3889,-98.0368,0.2367,274.39,249.17,19.5,19.5,2.01,0.26,0.5,0.0143
49.3889,-98.0316,0.2633,274.44,247.25,19.5,19.5,2.43,0.23,0.52,0.0151
49.3889,-98.0265,0.3294,273.46,245.44,19.5,19.5,2.86,0.2,0.56,0.0212
49.3889,-98.0213,0.3443,272.7,245.21,19.5,19.5,2.79,0.18,0.57,0.0235
49.3889,-98.0161,0.2655,273.57,246.75,19.5,19.5,2.14,0.18,0.55,0.0167
49.3889,-98.0109,0.2099,274.28,246.94,19.5,19.5,1.42,0.21,0.51,0.0093
49.3889,-98.0057,0.1764,274.81,245.11,19.5,19.5,0.75,0.24,0.47,0.009
49.3889,-98.0005,0.1648,275.53,244.43,19.6,19.6,0.5,0.25,0.46,0.01
49.3889,-97.9953,0.1634,276.32,245.0,19.6,19.6,0.64,0.23,0.49,0.0093
49.3889,-97.9901,0.1776,276.41,246.73,19.6,19.6,1.0,0.17,0.56,0.0118
49.3889,-97.985,0.2234,274.76,248.31,19.6,19.6,1.63,0.16,0.57,0.0114
49.3889,-97.9798,0.2609,273.34,248.22,19.6,19.6,2.02,0.17,0.56,0.0136
49.3889,-97.9746,0.2763,272.5,247.11,19.6,19.6,2.02,0.19,0.53,0.0172
49.3889,-97.9694,0.2868,272.29,245.49,19.6,19.6,1.97,0.21,0.51,0.0385
49.3889,-97.9642,0.249,273.53,244.85,19.6,19.6,1.44,0.21,0.51,0.0256
49.3889,-97.959,0.2153,275.24,246.6,19.6,19.6,1.1,0.23,0.5,0.0136
49.3889,-97.9538,0.194,276.37,248.54,19.6,19.6,1.32,0.29,0.44,0.0176
49.3889,-97.9487,0.1814,277.07,247.13,19.6,19.6,1.35,0.33,0.41,0.0189
49.3889,-97.9435,0.2014,276.53,246.14,19.6,19.6,1.65,0.3,0.45,0.0288
49.3889,-97.9383,0.2096,275.97,246.49,19.6,19.6,1.79,0.27,0.49,0.0284
49.3889,-97.9331,0.2267,276.25,247.5,19.6,19.6,1.81,0.22,0.53,0.0323
49.3889,-97.9279,0.2229,277.5,249.27,19.6,19.6,1.55,0.17,0.58,0.0256
49.3889,-97.9227,0.2435,276.4,249.44,19.6,19.6,1.54,0.16,0.58,0.0249
49.3889,-97.9175,0.2726,274.51,249.35,19.6,19.6,1.84,0.13,0.62,0.0332
49.3889,-97.9123,0.283,274.67,250.2,19.6,19.6,2.45,0.13,0.61,0.0175
49.3889,-97.9072,0.2821,276.69,250.72,19.6,19.6,3.06,0.16,0.58,0.0194
49.3889,-97.902,0.2729,278.15,250.87,19.6,19.6,3.61,0.19,0.54,0.0223
49.3889,-97.8968,0.2695,278.4,251.17,19.6,19.6,3.53,0.22,0.5,0.033
49.3889,-97.8916,0.2957,277.03,249.16,19.6,19.6,3.47,0.23,0.49,0.0312
49.3889,-97.8864,0.3335,276.0,246.24,19.7,19.7,3.28,0.18,0.55,0.0292
49.3889,-97.8812,0.293,276.42,245.21,19.7,19.7,2.7,0.13,0.61,0.0231
49.3889,-97.876,0.2573,277.41,244.47,19.8,19.8,2.1,0.12,0.63,0.0448
49.3889,-97.8709,0.2361,279.15,244.04,19.8,19.8,1.57,0.1,0.65,0.027
49.3889,-97.8657,0.2237,280.25,243.46,19.8,19.8,1.36,0.1,0.65,0.0219
49.3889,-97.8605,0.2459,278.78,242.81,19.8,19.8,1.59,0.1,0.65,0.0261
49.3889,-97.8553,0.2488,278.74,242.3,19.8,19.8,1.84,0.1,0.65,0.0125
49.3889,-97.8501,0.2317,280.23,241.91,19.8,19.8,1.93,0.1,0.65,0.0159
49.3889,-97.8449,0.238,280.07,241.61,19.8,19.8,2.22,0.11,0.64,0.015
49.3889,-97.8397,0.2623,278.39,240.46,19.8,19.8,2.3,0.12,0.63,0.0173
49.3889,-97.8345,0.2672,277.66,239.19,19.8,19.8,2.3,0.12,0.62,0.0137
49.3889,-97.8294,0.2527,277.57,237.69,19.8,19.8,2.13,0.15,0.59,0.0121
49.3889,-97.8242,0.2475,277.55,236.17,19.8,19.8,1.98,0.15,0.59,0.0142
49.3889,-97.819,0.2522,276.94,235.91,19.8,19.8,1.83,0.15,0.58,0.0144
49.3889,-97.8138,0.2557,275.54,235.59,19.8,19.8,1.44,0.13,0.59,0.0208
49.3889,-97.8086,0.2519,274.64,233.53,19.8,19.8,1.08,0.11,0.61,0.0189
49.3889,-97.8034,0.2409,276.17,230.08,19.8,19.8,1.12,0.11,0.63,0.0167
49.3889,-97.7982,0.2259,278.71,228.73,19.8,19.8,1.43,0.1,0.64,0.0249
49.3889,-97.7931,0.2207,279.87,228.57,19.8,19.8,1.69,0.1,0.65,0.0151
49.3889,-97.7879,0.2295,279.26,227.74,19.8,19.8,1.58,0.1,0.65,0.0274
49.3889,-97.7827,0.2275,277.76,228.2,19.8,19.8,1.01,0.1,0.65,0.0197
49.3889,-97.7775,0.2263,275.46,229.53,19.8,19.8,0.62,0.1,0.65,0.0185
49.3889,-97.7723,0.2356,273.03,228.99,19.8,19.8,0.68,0.1,0.65,0.0116
49.3889,-97.7671,0.2443,271.34,228.01,19.8,19.8,0.8,0.1,0.65,0.0108
49.3889,-97.7619,0.2495,271.42,227.86,19.8,19.8,0.91,0.1,0.65,0.0119
49.3889,-97.7567,0.2478,272.61,227.71,19.8,19.8,1.0,0.1,0.65,0.0113
49.3889,-97.7516,0.239,273.54,226.92,19.8,19.8,0.96,0.1,0.65,0.0107
49.3948,-98.1198,0.19,276.22,252.3,19.6,19.6,0.91,0.14,0.6,0.0111
49.3948,-98.1146,0.228,273.87,251.68,19.6,19.6,0.85,0.13,0.61,0.0115
49.3948,-98.1094,0.2838,271.04,250.8,19.6,19.6,1.25,0.12,0.63,0.023
49.3948,-98.1043,0.3354,269.88,250.16,19.6,19.6,1.94,0.11,0.64,0.0504
49.3948,-98.0991,0.3552,270.21,250.02,19.6,19.6,2.38,0.12,0.63,0.0237
49.3948,-98.0939,0.3421,270.85,250.53,19.6,19.6,2.66,0.18,0.58,0.0255
49.3948,-98.0887,0.2909,270.84,251.17,19.6,19.6,2.46,0.27,0.52,0.0174
49.3948,-98.0835,0.2558,270.61,252.0,19.6,19.6,2.22,0.34,0.47,0.019
49.3948,-98.0783,0.2374,271.8,254.2,19.6,19.6,2.31,0.39,0.44,0.0142
49.3948,-98.0731,0.2395,273.53,257.11,19.6,19.6,2.61,0.39,0.42,0.0195
49.3948,-98.0679,0.2627,274.19,257.26,19.6,19.6,2.87,0.36,0.42,0.0243
49.3948,-98.0628,0.2623,274.45,255.97,19.5,19.5,2.54,0.34,0.41,0.0204
49.3948,-98.0576,0.2118,274.72,254.83,19.5,19.5,1.84,0.36,0.38,0.0362
49.3948,-98.0524,0.1877,274.55,253.7,19.5,19.5,0.96,0.36,0.39,0.0111
49.3948,-98.0472,0.2065,274.25,251.94,19.5,19.5,1.02,0.31,0.44,0.0147
49.3948,-98.042,0.2295,274.85,249.58,19.5,19.5,1.67,0.24,0.51,0.0319
49.3948,-98.0368,0.2562,275.43,246.74,19.5,19.5,2.22,0.19,0.57,0.0139
49.3948,-98.0316,0.3038,275.18,244.08,19.5,19.5,2.66,0.16,0.6,0.0213
49.3948,-98.0265,0.3173,274.04,242.67,19.5,19.5,2.69,0.14,0.6,0.0241
49.3948,-98.0213,0.3183,273.68,242.83,19.5,19.5,2.58,0.16,0.58,0.021
49.3948,-98.0161,0.2495,275.07,245.19,19.5,19.5,2.03,0.19,0.54,0.0131
49.3948,-98.0109,0.2083,276.23,246.64,19.5,19.5,1.34,0.2,0.53,0.0241
49.3948,-98.0057,0.1845,276.45,244.86,19.5,19.5,0.71,0.21,0.51,0.0126
49.3948,-98.0005,0.1798,276.5,243.94,19.6,19.6,0.55,0.21,0.51,0.014
49.3948,-97.9953,0.1901,276.46,244.31,19.6,19.6,1.08,0.2,0.53,0.0137
49.3948,-97.9901,0.2127,275.6,245.27,19.6,19.6,1.97,0.18,0.55,0.013
49.3948,-97.985,0.2471,273.6,246.63,19.6,19.6,2.5,0.17,0.56,0.0137
49.3948,-97.9798,0.2703,272.89,246.92,19.6,19.6,2.98,0.16,0.57,0.0156
49.3948,-97.9746,0.2849,272.98,246.31,19.6,19.6,2.93,0.16,0.58,0.0191
49.3948,-97.9694,0.2834,273.4,245.25,19.6,19.6,2.62,0.16,0.58,0.0186
49.3948,-97.9642,0.2695,274.77,244.81,19.6,19.6,2.43,0.17,0.57,0.0171
49.3948,-97.959,0.2334,275.75,246.29,19.6,19.6,2.64,0.22,0.52,0.0692
49.3948,-97.9538,0.2134,275.55,247.93,19.6,19.6,2.65,0.27,0.47,0.0565
49.3948,-97.9487,0.2045,275.81,246.37,19.6,19.6,2.64,0.28,0.47,0.0433
49.3948,-97.9435,0.2333,275.58,245.27,19.6,19.6,2.75,0.25,0.51,0.0182
49.3948,-97.9383,0.2464,274.7,245.57,19.6,19.6,2.11,0.22,0.54,0.0416
49.3948,-97.9331,0.2439,275.18,246.71,19.6,19.6,1.97,0.2,0.56,0.0315
49.3948,-97.9279,0.2316,276.33,248.83,19.6,19.6,1.7,0.2,0.57,0.0285
49.3948,-97.9227,0.2357,276.47,250.56,19.6,19.6,1.65,0.17,0.59,0.0228
49.3948,-97.9175,0.2463,277.53,252.47,19.6,19.6,1.96,0.13,0.62,0.0283
49.3948,-97.9123,0.2491,277.57,253.28,19.6,19.6,2.28,0.13,0.63,0.0474
49.3948,-97.9072,0.2715,277.08,250.84,19.6,19.6,2.6,0.15,0.6,0.0214
49.3948,-97.902,0.2609,278.49,250.29,19.6,19.6,2.96,0.19,0.54,0.0253
49.3948,-97.8968,0.2758,277.77,249.73,19.6,19.6,3.09,0.23,0.49,0.0283
49.3948,-97.8916,0.3158,275.84,246.94,19.6,19.6,3.14,0.22,0.5,0.0289
49.3948,-97.8864,0.3081,276.91,246.9,19.7,19.7,3.09,0.17,0.56,0.0315
49.3948,-97.8812,0.2903,277.94,246.67,19.7,19.7,2.88,0.12,0.63,0.0257
49.3948,-97.876,0.2689,278.51,245.35,19.7,19.7,2.5,0.1,0.65,0.0171
49.3948,-97.8709,0.2477,279.28,243.42,19.8,19.8,2.1,0.1,0.65,0.0119
49.3948,-97.8657,0.2416,279.7,240.86,19.8,19.8,1.96,0.1,0.65,0.0144
49.3948,-97.8605,0.2428,278.78,239.62,19.8,19.8,1.65,0.1,0.65,0.0105
49.3948,-97.8553,0.2342,278.87,240.11,19.8,19.8,1.58,0.1,0.65,0.0258
49.3948,-97.8501,0.2258,279.96,240.77,19.8,19.8,1.7,0.1,0.65,0.0177
49.3948,-97.8449,0.2264,279.72,241.3,19.8,19.8,1.83,0.13,0.62,0.0126
49.3948,-97.8397,0.2376,278.53,240.23,19.8,19.8,2.0,0.15,0.58,0.0168
49.3948,-97.8345,0.2391,277.85,238.19,19.8,19.8,2.06,0.18,0.55,0.013
49.3948,-97.8294,0.2334,277.57,236.08,19.8,19.8,1.79,0.18,0.55,0.0121
49.3948,-97.8242,0.2219,277.81,235.28,19.8,19.8,1.38,0.16,0.57,0.0192
49.3948,-97.819,0.2288,276.89,235.23,19.8,19.8,1.28,0.15,0.58,0.0211
49.3948,-97.8138,0.2532,274.92,234.27,19.8,19.8,1.18,0.12,0.61,0.0187
49.3948,-97.8086,0.2527,273.84,231.12,19.8,19.8,0.94,0.11,0.62,0.018
49.3948,-97.8034,0.2505,275.18,226.96,19.8,19.8,1.12,0.11,0.61,0.0219
49.3948,-97.7982,0.2498,276.68,225.51,19.8,19.8,1.61,0.11,0.61,0.0125
49.3948,-97.7931,0.2559,277.0,225.12,19.8,19.8,1.85,0.11,0.61,0.0135
49.3948,-97.7879,0.2543,276.73,224.51,19.8,19.8,1.69,0.11,0.61,0.0141
49.3948,-97.7827,0.2383,276.3,226.16,19.8,19.8,1.1,0.11,0.62,0.0168
49.3948,-97.7775,0.2205,275.59,228.72,19.8,19.8,0.62,0.1,0.63,0.0146
49.3948,-97.7723,0.2252,274.56,228.88,19.8,19.8,0.67,0.1,0.64,0.011
49.3948,-97.7671,0.2415,273.58,228.02,19.8,19.8,1.05,0.1,0.65,0.0121
49.3948,-97.7619,0.2584,273.53,227.67,19.8,19.8,1.47,0.1,0.64,0.0141
49.3948,-97.7567,0.267,274.67,227.33,19.8,19.8,1.78,0.1,0.64,0.0147
49.3948,-97.7516,0.2679,276.28,226.33,19.8,19.8,2.01,0.1,0.63,0.0139
49.4008,-98.1198,0.2352,276.48,249.42,19.6,19.6,1.83,0.14,0.62,0.0128
49.4008,-98.1146,0.2647,273.22,248.66,19.6,19.6,1.85,0.19,0.58,0.0142
49.4008,-98.1094,0.3138,269.6,248.56,19.6,19.6,2.0,0.22,0.55,0.0164
49.4008,-98.1043,0.3157,268.71,249.0,19.6,19.6,2.21,0.21,0.55,0.02
49.4008,-98.0991,0.3011,269.41,249.5,19.6,19.6,2.28,0.21,0.53,0.0201
49.4008,-98.0939,0.2925,270.41,250.93,19.6,19.6,2.46,0.26,0.5,0.0199
49.4008,-98.0887,0.2855,270.65,252.83,19.6,19.6,2.47,0.31,0.47,0.0166
49.4008,-98.0835,0.3023,270.7,254.21,19.6,19.6,2.7,0.37,0.45,0.0197
49.4008,-98.0783,0.2831,271.79,255.99,19.6,19.6,2.75,0.42,0.42,0.0218
49.4008,-98.0731,0.2619,273.59,257.71,19.6,19.6,2.56,0.44,0.4,0.0192
49.4008,-98.0679,0.2591,274.57,257.07,19.6,19.6,2.69,0.46,0.37,0.0242
49.4008,-98.0628,0.2227,274.37,255.48,19.5,19.5,2.2,0.44,0.36,0.0185
49.4008,-98.0576,0.1941,274.02,254.02,19.5,19.5,1.61,0.42,0.37,0.014
49.4008,-98.0524,0.1784,274.38,253.03,19.5,19.5,1.35,0.39,0.38,0.0088
49.4008,-98.0472,0.1779,275.33,251.71,19.5,19.5,1.56,0.35,0.41,0.0099
49.4008,-98.042,0.2113,276.06,249.82,19.5,19.5,2.29,0.29,0.45,0.0156
49.4008,-98.0368,0.2561,276.24,247.38,19.5,19.5,2.83,0.21,0.51,0.0165
49.4008,-98.0316,0.2736,275.88,244.82,19.5,19.5,2.81,0.19,0.54,0.0194
49.4008,-98.0265,0.2863,274.69,242.96,19.5,19.5,2.58,0.19,0.54,0.0195
49.4008,-98.0213,0.2899,273.61,242.73,19.5,19.5,2.4,0.21,0.51,0.0187
49.4008,-98.0161,0.25,274.65,244.92,19.5,19.5,2.11,0.21,0.51,0.0152
49.4008,-98.0109,0.214,276.79,246.9,19.5,19.5,2.08,0.2,0.52,0.0333
49.4008,-98.0057,0.1882,278.02,246.11,19.5,19.5,1.84,0.22,0.52,0.0265
49.4008,-98.0005,0.188,278.1,245.43,19.6,19.6,2.13,0.22,0.53,0.0409
49.4008,-97.9953,0.1951,277.54,245.68,19.6,19.6,2.61,0.23,0.5,0.0538
49.4008,-97.9901,0.2234,276.64,245.92,19.6,19.6,3.29,0.21,0.52,0.1077
49.4008,-97.985,0.2721,275.29,246.13,19.6,19.6,3.53,0.17,0.56,0.02
49.4008,-97.9798,0.2778,274.67,245.6,19.6,19.6,3.34,0.18,0.55,0.0239
49.4008,-97.9746,0.2866,274.57,244.71,19.6,19.6,2.86,0.19,0.54,0.0732
49.4008,-97.9694,0.2894,274.89,243.84,19.6,19.6,2.51,0.22,0.51,0.0626
49.4008,-97.9642,0.2818,275.73,243.69,19.6,19.6,2.32,0.25,0.47,0.0608
49.4008,-97.959,0.2439,276.14,245.41,19.6,19.6,2.45,0.3,0.44,0.0509
49.4008,-97.9538,0.2253,275.64,247.67,19.6,19.6,2.55,0.33,0.42,0.0531
49.4008,-97.9487,0.2373,275.02,247.08,19.6,19.6,2.74,0.3,0.47,0.0797
49.4008,-97.9435,0.268,274.35,246.53,19.6,19.6,2.82,0.24,0.53,0.0949
49.4008,-97.9383,0.3159,273.64,246.99,19.6,19.6,2.62,0.17,0.59,0.0246
49.4008,-97.9331,0.2813,274.3,247.89,19.6,19.6,2.38,0.15,0.61,0.0526
49.4008,-97.9279,0.2516,275.9,249.8,19.6,19.6,2.13,0.15,0.61,0.0449
49.4008,-97.9227,0.2595,276.07,251.92,19.6,19.6,2.31,0.13,0.63,0.0147
49.4008,-97.9175,0.2566,276.55,254.15,19.6,19.6,2.44,0.1,0.65,0.0175
49.4008,-97.9123,0.2613,275.93,253.71,19.6,19.6,2.25,0.1,0.65,0.0163
49.4008,-97.9072,0.2566,276.03,249.13,19.6,19.6,1.98,0.12,0.64,0.0408
49.4008,-97.902,0.2435,277.56,247.04,19.6,19.6,2.06,0.14,0.6,0.04
49.4008,-97.8968,0.2563,276.88,245.47,19.6,19.6,2.48,0.16,0.57,0.0163
49.4008,-97.8916,0.2893,275.26,242.84,19.6,19.6,2.77,0.16,0.57,0.0181
49.4008,-97.8864,0.2779,277.06,244.75,19.7,19.7,2.69,0.14,0.6,0.0181
49.4008,-97.8812,0.2583,278.55,245.79,19.7,19.7,2.28,0.11,0.63,0.0152
49.4008,-97.876,0.2476,278.91,244.33,19.7,19.7,2.19,0.1,0.65,0.0178
49.4008,-97.8709,0.2371,279.23,241.38,19.8,19.8,1.87,0.1,0.65,0.0168
49.4008,-97.8657,0.2287,279.79,237.74,19.8,19.8,1.66,0.1,0.65,0.0111
49.4008,-97.8605,0.2423,278.78,236.78,19.8,19.8,1.71,0.11,0.64,0.0356
49.4008,-97.8553,0.2546,277.74,238.14,19.8,19.8,1.83,0.11,0.63,0.0354
49.4008,-97.8501,0.2514,278.31,239.85,19.8,19.8,2.11,0.14,0.6,0.0158
49.4008,-97.8449,0.2496,278.28,240.73,19.8,19.8,2.43,0.19,0.54,0.0181
49.4008,-97.8397,0.2627,276.73,239.32,19.8,19.8,2.48,0.2,0.52,0.0185
49.4008,-97.8345,0.2781,275.23,236.5,19.8,19.8,2.34,0.2,0.53,0.0196
49.4008,-97.8294,0.2649,275.36,234.08,19.8,19.8,2.09,0.18,0.55,0.0129
49.4008,-97.8242,0.253,276.56,233.61,19.8,19.8,2.03,0.15,0.59,0.0156
49.4008,-97.819,0.2641,276.11,233.22,19.8,19.8,2.06,0.13,0.62,0.0161
49.4008,-97.8138,0.2673,274.1,231.44,19.8,19.8,1.95,0.14,0.6,0.0145
49.4008,-97.8086,0.2767,272.57,227.62,19.8,19.8,1.87,0.13,0.61,0.0163
49.4008,-97.8034,0.2713,273.55,223.52,19.8,19.8,1.74,0.13,0.6,0.0122
49.4008,-97.7982,0.2691,275.29,221.98,19.8,19.8,1.95,0.12,0.6,0.0166
49.4008,-97.7931,0.2663,276.17,222.19,19.8,19.8,2.04,0.11,0.61,0.0126
49.4008,-97.7879,0.2583,275.73,222.54,19.8,19.8,1.7,0.11,0.61,0.0123
49.4008,-97.7827,0.2519,274.36,224.84,19.8,19.8,1.1,0.11,0.62,0.0167
49.4008,-97.7775,0.2442,273.18,228.31,19.8,19.8,0.66,0.1,0.63,0.0133
49.4008,-97.7723,0.2477,272.57,229.28,19.8,19.8,0.73,0.1,0.64,0.015
49.4008,-97.7671,0.2633,272.59,228.2,19.8,19.8,1.22,0.1,0.65,0.0113
49.4008,-97.7619,0.2793,273.52,226.63,19.8,19.8,1.78,0.1,0.64,0.0131
49.4008,-97.7567,0.2949,275.04,225.63,19.8,19.8,2.24,0.1,0.64,0.0157
49.4008,-97.7516,0.2959,276.23,225.18,19.8,19.8,2.32,0.1,0.63,0.0196
49.4068,-98.1198,0.2784,277.74,246.61,19.6,19.6,2.83,0.17,0.6,0.0185
49.4068,-98.1146,0.3051,275.81,246.8,19.6,19.6,2.96,0.21,0.57,0.0274
49.4068,-98.1094,0.3394,271.87,247.63,19.6,19.6,2.8,0.22,0.56,0.0196
49.4068,-98.1043,0.2975,269.61,249.24,19.6,19.6,2.37,0.24,0.53,0.0195
49.4068,-98.0991,0.2658,269.82,250.7,19.6,19.6,1.92,0.21,0.53,0.0116
49.4068,-98.0939,0.2679,270.85,252.24,19.6,19.6,2.03,0.18,0.56,0.0175
49.4068,-98.0887,0.3145,271.49,253.76,19.6,19.6,2.67,0.2,0.56,0.0196
49.4068,-98.0835,0.4007,271.58,254.83,19.6,19.6,3.29,0.19,0.58,0.0417
49.4068,-98.0783,0.3752,271.78,255.86,19.6,19.6,3.18,0.24,0.54,0.0344
49.4068,-98.0731,0.3205,272.92,256.43,19.6,19.6,2.74,0.32,0.47,0.0261
49.4068,-98.0679,0.272,273.72,255.38,19.6,19.6,2.54,0.4,0.41,0.0185
49.4068,-98.0628,0.2427,273.44,254.06,19.5,19.5,2.37,0.43,0.37,0.0213
49.4068,-98.0576,0.2234,273.22,252.93,19.5,19.5,2.26,0.43,0.37,0.014
49.4068,-98.0524,0.2114,273.92,251.9,19.5,19.5,2.26,0.43,0.37,0.0135
49.4068,-98.0472,0.2017,275.25,250.82,19.5,19.5,2.62,0.4,0.38,0.0131
49.4068,-98.042,0.2229,275.96,250.18,19.5,19.5,3.24,0.34,0.42,0.017
49.4068,-98.0368,0.2573,275.47,249.17,19.5,19.5,3.36,0.24,0.48,0.0215
49.4068,-98.0316,0.2714,274.71,247.31,19.5,19.5,2.99,0.2,0.53,0.0165
49.4068,-98.0265,0.2662,274.23,245.13,19.5,19.5,2.59,0.18,0.55,0.0179
49.4068,-98.0213,0.2596,273.45,244.31,19.5,19.5,2.65,0.19,0.53,0.0147
49.4068,-98.0161,0.2519,273.31,245.91,19.5,19.5,2.95,0.23,0.51,0.0177
49.4068,-98.0109,0.2266,275.41,247.95,19.5,19.5,3.42,0.3,0.46,0.1007
49.4068,-98.0057,0.2037,277.9,248.1,19.6,19.6,3.57,0.33,0.45,0.0202
49.4068,-98.0005,0.1901,278.53,248.04,19.6,19.6,3.53,0.35,0.42,0.0254
49.4068,-97.9953,0.2013,278.51,248.21,19.6,19.6,3.29,0.31,0.44,0.0218
49.4068,-97.9901,0.2328,278.14,247.58,19.6,19.6,3.53,0.23,0.5,0.0193
49.4068,-97.985,0.2633,276.61,246.41,19.6,19.6,2.96,0.2,0.53,0.019
49.4068,-97.9798,0.2722,275.5,245.3,19.6,19.6,2.45,0.21,0.51,0.0176
49.4068,-97.9746,0.2565,275.4,244.57,19.6,19.6,1.93,0.25,0.47,0.0403
49.4068,-97.9694,0.2449,275.47,243.82,19.6,19.6,1.52,0.29,0.41,0.0276
49.4068,-97.9642,0.239,275.96,243.68,19.6,19.6,1.41,0.3,0.4,0.023
49.4068,-97.959,0.2316,276.08,245.29,19.6,19.6,1.28,0.32,0.39,0.019
49.4068,-97.9538,0.2254,275.61,248.21,19.6,19.6,1.18,0.34,0.39,0.0169
49.4068,-97.9487,0.2198,276.55,248.04,19.6,19.6,1.36,0.3,0.45,0.0236
49.4068,-97.9435,0.2294,276.55,247.37,19.6,19.6,1.72,0.22,0.53,0.0313
49.4068,-97.9383,0.2513,275.89,247.82,19.6,19.6,2.07,0.14,0.61,0.0135
49.4068,-97.9331,0.2496,276.4,248.61,19.6,19.6,2.17,0.1,0.64,0.0094
49.4068,-97.9279,0.2466,277.21,250.39,19.6,19.6,2.45,0.1,0.64,0.0157
49.4068,-97.9227,0.2645,276.81,252.41,19.6,19.6,3.0,0.1,0.65,0.0214
49.4068,-97.9175,0.2518,277.92,254.05,19.6,19.6,2.68,0.1,0.65,0.0165
49.4068,-97.9123,0.2346,278.48,252.02,19.6,19.6,2.15,0.1,0.65,0.0176
49.4068,-97.9072,0.2325,277.53,246.75,19.6,19.6,1.53,0.1,0.65,0.0335
49.4068,-97.902,0.2376,276.99,244.06,19.6,19.6,1.65,0.1,0.65,0.0248
49.4068,-97.8968,0.2605,275.71,241.84,19.6,19.6,2.4,0.1,0.64,0.0169
49.4068,-97.8916,0.3011,273.78,238.29,19.6,19.6,2.84,0.11,0.63,0.022
49.4068,-97.8864,0.29,274.98,239.81,19.7,19.7,2.59,0.11,0.64,0.0224
49.4068,-97.8812,0.2609,276.69,241.55,19.7,19.7,1.99,0.11,0.64,0.0142
49.4068,-97.876,0.253,277.76,241.0,19.7,19.7,1.92,0.1,0.65,0.0131
49.4068,-97.8709,0.2356,279.02,238.59,19.8,19.8,1.58,0.1,0.65,0.0302
49.4068,-97.8657,0.2156,280.31,236.28,19.8,19.8,1.36,0.1,0.65,0.0247
49.4068,-97.8605,0.2307,279.48,237.31,19.8,19.8,1.55,0.13,0.62,0.0223
49.4068,-97.8553,0.2434,278.67,239.36,19.8,19.8,2.07,0.17,0.56,0.0355
49.4068,-97.8501,0.2405,279.59,240.41,19.8,19.8,2.74,0.22,0.51,0.013
49.4068,-97.8449,0.2446,278.86,240.16,19.8,19.8,3.04,0.25,0.46,0.0198
49.4068,-97.8397,0.2688,276.2,237.97,19.8,19.8,2.81,0.25,0.47,0.0182
49.4068,-97.8345,0.2887,273.64,234.35,19.8,19.8,2.62,0.24,0.5,0.0177
49.4068,-97.8294,0.3013,273.41,231.11,19.8,19.8,2.47,0.18,0.56,0.0211
49.4068,-97.8242,0.2873,274.43,229.81,19.8,19.8,2.3,0.15,0.6,0.0171
49.4068,-97.819,0.2732,274.0,228.53,19.8,19.8,2.13,0.15,0.59,0.0158
49.4068,-97.8138,0.2805,272.4,225.94,19.8,19.8,2.05,0.16,0.58,0.0153
49.4068,-97.8086,0.2938,271.42,222.19,19.8,19.8,2.08,0.15,0.59,0.0131
49.4068,-97.8034,0.2968,272.38,219.31,19.8,19.8,2.14,0.14,0.59,0.0163
49.4068,-97.7982,0.3036,273.27,217.89,19.8,19.8,2.3,0.11,0.63,0.02
49.4068,-97.7931,0.2977,273.65,217.44,19.8,19.8,2.11,0.11,0.64,0.0145
49.4068,-97.7879,0.2688,274.45,218.58,19.8,19.8,1.68,0.1,0.64,0.0135
49.4068,-97.7827,0.2452,275.5,222.12,19.8,19.8,1.16,0.1,0.65,0.0198
49.4068,-97.7775,0.2356,276.23,226.61,19.8,19.8,0.99,0.1,0.65,0.0149
49.4068,-97.7723,0.2518,275.44,227.8,19.8,19.8,1.35,0.1,0.65,0.0234
49.4068,-97.7671,0.2813,274.01,225.82,19.8,19.8,1.91,0.1,0.65,0.0126
49.4068,-97.7619,0.2985,273.92,224.2,19.8,19.8,2.26,0.1,0.65,0.0144
49.4068,-97.7567,0.3041,274.73,223.95,19.8,19.8,2.47,0.1,0.65,0.018
49.4068,-97.7516,0.3045,275.39,224.39,19.8,19.8,2.45,0.1,0.65,0.0167
49.4128,-98.1198,0.3007,277.06,244.83,19.6,19.6,2.91,0.1,0.65,0.0249
49.4128,-98.1146,0.3248,276.36,247.09,19.6,19.6,3.11,0.12,0.63,0.0305
49.4128,-98.1094,0.3426,273.66,249.61,19.6,19.6,2.97,0.15,0.62,0.0321
49.4128,-98.1043,0.3347,271.55,251.31,19.6,19.6,2.61,0.13,0.62,0.0198
49.4128,-98.0991,0.3163,271.43,251.84,19.6,19.6,2.15,0.12,0.63,0.0149
49.4128,-98.0939,0.2859,272.31,252.41,19.6,19.6,1.88,0.14,0.6,0.0147
49.4128,-98.0887,0.2666,272.51,253.25,19.6,19.6,2.02,0.2,0.55,0.015
49.4128,-98.0835,0.2904,271.86,253.79,19.6,19.6,2.44,0.23,0.52,0.0202
49.4128,-98.0783,0.2873,271.72,253.98,19.6,19.6,2.65,0.26,0.49,0.023
49.4128,-98.0731,0.2555,272.6,253.89,19.6,19.6,2.41,0.29,0.45,0.0212
49.4128,-98.0679,0.2403,273.1,253.09,19.6,19.6,2.68,0.29,0.44,0.0189
49.4128,-98.0628,0.2512,272.94,252.14,19.5,19.5,2.73,0.28,0.44,0.0249
49.4128,-98.0576,0.2681,272.94,251.28,19.5,19.5,2.88,0.29,0.44,0.025
49.4128,-98.0524,0.2652,274.15,250.58,19.5,19.5,3.06,0.31,0.43,0.0219
49.4128,-98.0472,0.2381,276.2,250.26,19.5,19.5,3.05,0.32,0.42,0.0204
49.4128,-98.042,0.2431,276.15,250.77,19.5,19.5,3.21,0.3,0.43,0.0202
49.4128,-98.0368,0.2827,273.97,251.52,19.5,19.5,3.41,0.26,0.46,0.0201
49.4128,-98.0316,0.2933,273.28,251.26,19.5,19.5,3.24,0.22,0.5,0.025
49.4128,-98.0265,0.2523,275.13,249.66,19.5,19.5,2.68,0.21,0.51,0.0164
49.4128,-98.0213,0.2226,276.41,249.12,19.5,19.5,3.06,0.24,0.49,0.094
49.4128,-98.0161,0.2091,276.37,250.75,19.5,19.5,3.23,0.29,0.45,0.0204
49.4128,-98.0109,0.2094,276.76,251.84,19.5,19.5,3.58,0.34,0.41,0.0227
49.4128,-98.0057,0.2113,277.33,251.69,19.5,19.5,3.62,0.37,0.39,0.0255
49.4128,-98.0005,0.2126,277.16,251.45,19.6,19.6,3.18,0.36,0.4,0.0213
49.4128,-97.9953,0.2446,277.1,251.11,19.6,19.6,2.97,0.27,0.47,0.0172
49.4128,-97.9901,0.2789,277.21,250.3,19.6,19.6,2.85,0.2,0.53,0.017
49.4128,-97.985,0.3005,275.66,248.56,19.6,19.6,2.63,0.17,0.56,0.0177
49.4128,-97.9798,0.2936,274.26,246.96,19.6,19.6,2.29,0.2,0.53,0.0146
49.4128,-97.9746,0.2697,274.04,246.08,19.6,19.6,2.02,0.25,0.46,0.0493
49.4128,-97.9694,0.2702,273.98,245.28,19.6,19.6,1.8,0.28,0.43,0.0398
49.4128,-97.9642,0.2664,274.72,245.23,19.6,19.6,1.65,0.27,0.44,0.0359
49.4128,-97.959,0.2545,275.89,247.21,19.6,19.6,1.75,0.26,0.46,0.0307
49.4128,-97.9538,0.2555,276.83,249.96,19.6,19.6,1.97,0.23,0.49,0.0422
49.4128,-97.9487,0.2427,277.3,248.92,19.6,19.6,2.08,0.19,0.54,0.0457
49.4128,-97.9435,0.2345,277.07,247.08,19.6,19.6,2.0,0.15,0.59,0.0136
49.4128,-97.9383,0.233,277.29,246.92,19.6,19.6,2.09,0.12,0.62,0.0132
49.4128,-97.9331,0.223,278.66,247.8,19.6,19.6,2.33,0.13,0.62,0.0158
49.4128,-97.9279,0.2195,279.03,249.57,19.6,19.6,2.59,0.16,0.59,0.0162
49.4128,-97.9227,0.2438,277.62,251.67,19.6,19.6,3.13,0.18,0.57,0.0165
49.4128,-97.9175,0.243,278.2,253.33,19.6,19.6,2.98,0.17,0.59,0.0202
49.4128,-97.9123,0.2212,279.34,251.33,19.6,19.6,2.12,0.14,0.62,0.0161
49.4128,-97.9072,0.2202,278.69,246.79,19.6,19.6,1.45,0.13,0.63,0.0237
49.4128,-97.902,0.2276,277.96,244.34,19.6,19.6,1.61,0.14,0.62,0.0323
49.4128,-97.8968,0.2545,277.33,242.49,19.6,19.6,2.28,0.13,0.63,0.018
49.4128,-97.8916,0.2878,275.11,239.06,19.6,19.6,2.53,0.1,0.64,0.0177
49.4128,-97.8864,0.2921,273.83,239.04,19.7,19.7,2.1,0.1,0.65,0.0164
49.4128,-97.8812,0.2659,274.85,240.18,19.7,19.7,1.48,0.1,0.65,0.0222
49.4128,-97.876,0.2505,276.67,239.95,19.7,19.7,1.38,0.1,0.65,0.0252
49.4128,-97.8709,0.2327,278.84,238.52,19.8,19.8,1.35,0.1,0.65,0.0239
49.4128,-97.8657,0.2132,280.67,237.68,19.8,19.8,1.53,0.13,0.62,0.0262
49.4128,-97.8605,0.2145,280.8,239.86,19.8,19.8,1.99,0.16,0.58,0.0362
49.4128,-97.8553,0.2181,280.87,242.0,19.8,19.8,2.45,0.2,0.53,0.0143
49.4128,-97.8501,0.2026,281.69,242.1,19.8,19.8,2.71,0.24,0.47,0.0144
49.4128,-97.8449,0.2085,280.32,240.18,19.8,19.8,2.61,0.27,0.44,0.016
49.4128,-97.8397,0.2336,277.32,236.12,19.8,19.8,2.1,0.25,0.48,0.0126
49.4128,-97.8345,0.2546,274.63,231.31,19.8,19.8,1.71,0.21,0.53,0.0137
49.4128,-97.8294,0.2798,272.71,227.18,19.8,19.8,1.58,0.16,0.59,0.0134
49.4128,-97.8242,0.274,272.08,225.0,19.8,19.8,1.25,0.16,0.6,0.0211
49.4128,-97.819,0.2737,271.19,223.14,19.8,19.8,0.97,0.13,0.61,0.0177
49.4128,-97.8138,0.2855,269.6,220.45,19.8,19.8,0.94,0.14,0.61,0.0169
49.4128,-97.8086,0.2991,269.22,217.51,19.8,19.8,1.29,0.13,0.61,0.0209
49.4128,-97.8034,0.2963,271.24,215.32,19.8,19.8,1.65,0.12,0.62,0.0145
49.4128,-97.7982,0.2908,273.05,213.89,19.8,19.8,1.81,0.1,0.64,0.0138
49.4128,-97.7931,0.2702,274.31,214.06,19.8,19.8,1.55,0.1,0.65,0.0131
49.4128,-97.7879,0.2429,275.97,216.12,19.8,19.8,1.18,0.1,0.65,0.0164
49.4128,-97.7827,0.2208,277.83,219.78,19.8,19.8,1.05,0.1,0.65,0.0174
49.4128,-97.7775,0.2177,279.06,223.5,19.8,19.8,1.35,0.1,0.65,0.0249
49.4128,-97.7723,0.2473,278.07,225.11,19.8,19.8,1.9,0.1,0.65,0.0126
49.4128,-97.7671,0.3029,275.34,225.43,19.8,19.8,2.47,0.1,0.65,0.0219
49.4128,-97.7619,0.3181,274.18,225.72,19.8,19.8,2.58,0.1,0.65,0.0193
49.4128,-97.7567,0.3116,274.71,226.11,19.8,19.8,2.54,0.1,0.65,0.0173
49.4128,-97.7516,0.3069,275.18,226.91,19.8,19.8,2.46,0.1,0.65,0.0156
49.4188,-98.1198,0.2881,276.35,244.28,19.6,19.6,2.95,0.15,0.6,0.0271
49.4188,-98.1146,0.3031,275.88,247.3,19.6,19.6,3.14,0.17,0.59,0.0244
49.4188,-98.1094,0.3569,273.65,250.34,19.6,19.6,3.4,0.17,0.6,0.0257
49.4188,-98.1043,0.3667,272.44,251.49,19.6,19.6,3.5,0.16,0.6,0.0337
49.4188,-98.0991,0.3251,272.54,250.76,19.6,19.6,2.79,0.17,0.58,0.0206
49.4188,-98.0939,0.2655,273.01,249.85,19.6,19.6,2.0,0.19,0.56,0.0144
49.4188,-98.0887,0.2374,272.47,249.74,19.6,19.6,1.72,0.24,0.51,0.024
49.4188,-98.0835,0.2395,270.83,250.0,19.6,19.6,1.82,0.28,0.47,0.0373
49.4188,-98.0783,0.2665,269.82,250.31,19.6,19.6,2.42,0.29,0.45,0.0238
49.4188,-98.0731,0.288,270.73,251.12,19.6,19.6,2.96,0.26,0.46,0.0295
49.4188,-98.0679,0.2677,271.84,251.22,19.6,19.6,3.0,0.27,0.45,0.0262
49.4188,-98.0628,0.2588,271.76,250.47,19.5,19.5,2.79,0.28,0.44,0.0241
49.4188,-98.0576,0.274,271.75,249.58,19.5,19.5,2.83,0.28,0.43,0.0188
49.4188,-98.0524,0.2788,273.25,248.81,19.5,19.5,2.63,0.29,0.42,0.0192
49.4188,-98.0472,0.2436,275.61,249.22,19.5,19.5,2.72,0.29,0.42,0.0187
49.4188,-98.042,0.2455,275.27,250.65,19.5,19.5,2.83,0.29,0.42,0.0172
49.4188,-98.0368,0.2887,273.7,252.46,19.5,19.5,2.83,0.28,0.42,0.0212
49.4188,-98.0316,0.2978,273.72,254.18,19.5,19.5,2.94,0.27,0.44,0.0216
49.4188,-98.0265,0.2892,275.18,253.84,19.5,19.5,3.08,0.27,0.45,0.0235
49.4188,-98.0213,0.2789,276.16,252.45,19.5,19.5,3.17,0.28,0.43,0.0319
49.4188,-98.0161,0.2523,275.67,252.32,19.5,19.5,2.97,0.3,0.42,0.0219
49.4188,-98.0109,0.2468,275.06,252.93,19.5,19.5,3.08,0.31,0.4,0.0235
49.4188,-98.0057,0.2295,275.66,253.43,19.5,19.5,2.87,0.31,0.41,0.0215
49.4188,-98.0005,0.2442,275.98,253.46,19.6,19.6,3.08,0.26,0.46,0.0235
49.4188,-97.9953,0.288,275.68,253.21,19.6,19.6,2.89,0.2,0.53,0.023
49.4188,-97.9901,0.3095,275.68,252.43,19.6,19.6,2.52,0.15,0.59,0.0198
49.4188,-97.985,0.3141,275.4,250.45,19.6,19.6,2.24,0.12,0.62,0.0216
49.4188,-97.9798,0.3377,273.82,248.92,19.6,19.6,2.29,0.15,0.59,0.0237
49.4188,-97.9746,0.3747,272.54,248.26,19.6,19.6,2.43,0.19,0.55,0.0274
49.4188,-97.9694,0.378,272.54,247.62,19.6,19.6,2.31,0.24,0.5,0.0771
49.4188,-97.9642,0.3618,273.7,247.4,19.6,19.6,2.06,0.24,0.49,0.0621
49.4188,-97.959,0.324,275.5,249.01,19.6,19.6,2.33,0.23,0.51,0.0738
49.4188,-97.9538,0.2853,277.42,250.79,19.6,19.6,2.85,0.19,0.55,0.0212
49.4188,-97.9487,0.2766,277.79,249.37,19.6,19.6,3.42,0.16,0.59,0.0308
49.4188,-97.9435,0.274,277.17,248.08,19.6,19.6,3.5,0.15,0.6,0.0251
49.4188,-97.9383,0.2429,277.81,247.92,19.6,19.6,2.88,0.15,0.59,0.0205
49.4188,-97.9331,0.182,280.62,248.15,19.6,19.6,2.15,0.2,0.55,0.0489
49.4188,-97.9279,0.144,282.72,248.58,19.6,19.6,2.2,0.27,0.48,0.0405
49.4188,-97.9227,0.1495,282.29,250.09,19.6,19.6,2.46,0.3,0.46,0.0211
49.4188,-97.9175,0.156,282.13,252.2,19.6,19.6,2.52,0.32,0.46,0.0198
49.4188,-97.9123,0.1564,281.93,251.95,19.6,19.6,2.14,0.31,0.48,0.0183
49.4188,-97.9072,0.1433,282.57,248.84,19.6,19.6,1.51,0.27,0.51,0.0286
49.4188,-97.902,0.1459,283.39,244.28,19.6,19.6,1.69,0.22,0.55,0.0316
49.4188,-97.8968,0.2014,281.52,241.02,19.6,19.6,2.3,0.17,0.59,0.0165
49.4188,-97.8916,0.2755,276.89,239.7,19.6,19.6,2.27,0.13,0.63,0.0184
49.4188,-97.8864,0.283,273.56,239.56,19.7,19.7,1.6,0.1,0.65,0.0284
49.4188,-97.8812,0.2543,274.32,238.75,19.7,19.7,0.86,0.1,0.65,0.0146
49.4188,-97.876,0.2298,276.67,238.37,19.7,19.7,0.64,0.1,0.65,0.0138
49.4188,-97.8709,0.2188,279.22,238.26,19.8,19.8,1.21,0.1,0.65,0.0182
49.4188,-97.8657,0.2142,281.21,239.3,19.8,19.8,1.91,0.12,0.63,0.0179
49.4188,-97.8605,0.2324,281.85,242.67,19.8,19.8,2.51,0.13,0.61,0.0193
49.4188,-97.8553,0.2437,281.64,244.93,19.8,19.8,2.9,0.15,0.58,0.0232
49.4188,-97.8501,0.2184,281.27,243.91,19.8,19.8,2.45,0.17,0.56,0.018
49.4188,-97.8449,0.2312,279.23,240.38,19.8,19.8,2.02,0.17,0.56,0.0336
49.4188,-97.8397,0.2537,275.94,235.3,19.8,19.8,1.69,0.17,0.57,0.0269
49.4188,-97.8345,0.2708,273.22,229.76,19.8,19.8,1.33,0.14,0.6,0.0257
49.4188,-97.8294,0.2952,271.09,225.06,19.8,19.8,1.24,0.11,0.64,0.022
49.4188,-97.8242,0.2974,270.08,222.63,19.8,19.8,1.04,0.11,0.64,0.0173
49.4188,-97.819,0.2923,269.31,220.9,19.8,19.8,0.79,0.11,0.63,0.0185
49.4188,-97.8138,0.2951,268.23,218.86,19.8,19.8,0.66,0.12,0.63,0.0159
49.4188,-97.8086,0.3093,268.15,217.01,19.8,19.8,1.01,0.11,0.63,0.0205
49.4188,-97.8034,0.2974,270.43,215.41,19.8,19.8,1.14,0.1,0.65,0.0265
49.4188,-97.7982,0.283,272.12,213.07,19.8,19.8,1.2,0.1,0.65,0.019
49.4188,-97.7931,0.2768,272.96,212.19,19.8,19.8,1.2,0.1,0.65,0.022
49.4188,-97.7879,0.2605,274.31,214.15,19.8,19.8,1.01,0.1,0.65,0.0187
49.4188,-97.7827,0.2449,276.2,218.77,19.8,19.8,1.07,0.1,0.65,0.0191
49.4188,-97.7775,0.2413,277.36,223.21,19.8,19.8,1.38,0.1,0.65,0.0232
49.4188,-97.7723,0.2551,276.69,224.64,19.8,19.8,1.72,0.1,0.65,0.013
49.4188,-97.7671,0.2872,274.69,225.87,19.8,19.8,2.13,0.1,0.65,0.0169
49.4188,-97.7619,0.318,273.11,227.55,19.8,19.8,2.41,0.1,0.65,0.0156
49.4188,-97.7567,0.3362,272.75,229.0,19.8,19.8,2.54,0.1,0.65,0.0206
49.4188,-97.7516,0.3353,272.99,230.41,19.8,19.8,2.53,0.1,0.65,0.0212
49.4248,-98.1198,0.2813,275.78,245.12,19.6,19.6,2.91,0.16,0.59,0.02
49.4248,-98.1146,0.2795,275.55,246.59,19.6,19.6,3.13,0.16,0.59,0.0188
49.4248,-98.1094,0.3102,273.4,248.44,19.6,19.6,3.24,0.18,0.58,0.0256
49.4248,-98.1043,0.333,272.15,249.18,19.6,19.6,3.51,0.17,0.58,0.0283
49.4248,-98.0991,0.3198,272.16,247.92,19.6,19.6,3.32,0.15,0.59,0.0278
49.4248,-98.0939,0.297,271.86,246.51,19.6,19.6,2.82,0.16,0.58,0.0186
49.4248,-98.0887,0.2675,270.49,245.8,19.6,19.6,2.19,0.19,0.54,0.0438
49.4248,-98.0835,0.277,268.2,245.44,19.6,19.6,1.88,0.18,0.56,0.0437
49.4248,-98.0783,0.2953,266.57,245.51,19.6,19.6,2.07,0.21,0.54,0.053
49.4248,-98.0731,0.3233,267.53,246.82,19.6,19.6,2.53,0.22,0.52,0.03
49.4248,-98.0679,0.2736,269.35,247.59,19.6,19.6,2.42,0.26,0.48,0.0535
49.4248,-98.0628,0.2655,269.54,246.95,19.5,19.5,2.49,0.32,0.42,0.0201
49.4248,-98.0576,0.2847,269.5,245.98,19.5,19.5,2.37,0.33,0.4,0.0176
49.4248,-98.0524,0.2493,271.18,245.93,19.5,19.5,2.37,0.36,0.39,0.0166
49.4248,-98.0472,0.2327,273.92,248.05,19.5,19.5,2.48,0.34,0.41,0.014
49.4248,-98.042,0.2429,274.45,250.5,19.5,19.5,2.38,0.29,0.45,0.0141
49.4248,-98.0368,0.2387,274.14,252.97,19.5,19.5,2.3,0.3,0.45,0.0159
49.4248,-98.0316,0.2477,274.1,254.98,19.5,19.5,2.45,0.31,0.45,0.0143
49.4248,-98.0265,0.2805,274.02,253.78,19.5,19.5,2.53,0.29,0.45,0.0176
49.4248,-98.0213,0.2569,274.38,250.96,19.5,19.5,2.39,0.3,0.43,0.0176
49.4248,-98.0161,0.2652,273.72,250.01,19.5,19.5,2.35,0.3,0.42,0.0186
49.4248,-98.0109,0.2593,273.09,250.79,19.5,19.5,2.42,0.29,0.41,0.0201
49.4248,-98.0057,0.2502,274.37,251.79,19.5,19.5,2.55,0.28,0.43,0.022
49.4248,-98.0005,0.2727,274.98,252.03,19.6,19.6,2.74,0.24,0.49,0.0203
49.4248,-97.9953,0.2929,274.64,251.9,19.6,19.6,2.49,0.18,0.56,0.0216
49.4248,-97.9901,0.2736,275.0,251.16,19.6,19.6,2.07,0.14,0.61,0.037
49.4248,-97.985,0.2516,276.07,249.1,19.6,19.6,1.71,0.13,0.62,0.0247
49.4248,-97.9798,0.2496,275.59,247.43,19.6,19.6,1.69,0.16,0.57,0.0278
49.4248,-97.9746,0.2767,274.31,246.9,19.6,19.6,2.1,0.22,0.52,0.0187
49.4248,-97.9694,0.3158,273.68,246.7,19.6,19.6,2.21,0.25,0.48,0.0227
49.4248,-97.9642,0.3004,274.28,246.83,19.6,19.6,1.93,0.28,0.44,0.0509
49.4248,-97.959,0.2639,276.07,248.1,19.6,19.6,2.01,0.3,0.43,0.0458
49.4248,-97.9538,0.245,277.42,248.73,19.6,19.6,2.25,0.25,0.48,0.0492
49.4248,-97.9487,0.243,276.83,247.26,19.6,19.6,2.59,0.22,0.52,0.0185
49.4248,-97.9435,0.2607,275.48,246.5,19.6,19.6,2.64,0.18,0.56,0.0173
49.4248,-97.9383,0.2491,275.88,246.41,19.6,19.6,2.22,0.16,0.58,0.0145
49.4248,-97.9331,0.1774,280.01,246.96,19.6,19.6,1.64,0.21,0.54,0.0314
49.4248,-97.9279,0.1255,283.69,248.92,19.6,19.6,1.67,0.26,0.48,0.0263
49.4248,-97.9227,0.1298,283.36,251.81,19.6,19.6,2.17,0.35,0.42,0.0157
49.4248,-97.9175,0.1311,283.14,253.88,19.6,19.6,2.43,0.4,0.38,0.0151
49.4248,-97.9123,0.1295,283.19,253.65,19.6,19.6,2.17,0.37,0.4,0.0131
49.4248,-97.9072,0.1176,283.85,250.91,19.6,19.6,1.54,0.33,0.43,0.0256
49.4248,-97.902,0.127,284.1,245.01,19.6,19.6,1.52,0.26,0.49,0.0251
49.4248,-97.8968,0.1876,281.69,239.14,19.6,19.6,1.97,0.17,0.57,0.0155
49.4248,-97.8916,0.2673,276.3,235.79,19.6,19.6,1.92,0.11,0.63,0.0168
49.4248,-97.8864,0.2761,272.54,235.21,19.7,19.7,1.31,0.1,0.65,0.02
49.4248,-97.8812,0.253,272.95,235.11,19.7,19.7,0.72,0.11,0.64,0.0144
49.4248,-97.876,0.2408,274.58,235.3,19.7,19.7,0.69,0.11,0.64,0.0161
49.4248,-97.8709,0.2388,277.08,236.46,19.8,19.8,1.28,0.11,0.64,0.0272
49.4248,-97.8657,0.2319,279.94,239.92,19.8,19.8,1.89,0.1,0.65,0.0312
49.4248,-97.8605,0.2329,280.48,244.24,19.8,19.8,2.07,0.1,0.65,0.0166
49.4248,-97.8553,0.2409,280.16,245.91,19.8,19.8,2.21,0.1,0.65,0.0147
49.4248,-97.8501,0.2337,280.2,243.77,19.8,19.8,2.05,0.11,0.64,0.0389
49.4248,-97.8449,0.2386,278.5,238.66,19.8,19.8,1.69,0.11,0.63,0.0386
49.4248,-97.8397,0.2648,275.91,232.88,19.8,19.8,1.71,0.11,0.64,0.0287
49.4248,-97.8345,0.2945,273.69,227.89,19.8,19.8,1.94,0.1,0.65,0.011
49.4248,-97.8294,0.3161,271.32,225.09,19.8,19.8,1.84,0.1,0.65,0.0149
49.4248,-97.8242,0.3184,269.68,224.04,19.8,19.8,1.49,0.1,0.65,0.0314
49.4248,-97.819,0.3156,268.55,222.8,19.8,19.8,1.18,0.1,0.65,0.0252
49.4248,-97.8138,0.3153,267.22,220.34,19.8,19.8,0.83,0.1,0.65,0.0155
49.4248,-97.8086,0.3148,266.6,217.2,19.8,19.8,0.69,0.1,0.65,0.0143
49.4248,-97.8034,0.3056,267.79,214.55,19.8,19.8,0.76,0.1,0.65,0.0132
49.4248,-97.7982,0.2966,268.42,212.2,19.8,19.8,0.78,0.1,0.65,0.0162
49.4248,-97.7931,0.2941,267.87,211.23,19.8,19.8,0.72,0.1,0.65,0.0116
49.4248,-97.7879,0.2955,268.3,212.67,19.8,19.8,0.76,0.1,0.65,0.0143
49.4248,-97.7827,0.2769,271.0,217.16,19.8,19.8,0.82,0.1,0.65,0.0141
49.4248,-97.7775,0.2604,273.24,222.31,19.8,19.8,0.92,0.1,0.65,0.0203
49.4248,-97.7723,0.2638,273.35,225.1,19.8,19.8,1.19,0.1,0.65,0.0179
49.4248,-97.7671,0.2841,272.71,226.86,19.8,19.8,1.67,0.1,0.65,0.0135
49.4248,-97.7619,0.317,271.97,228.4,19.8,19.8,2.13,0.1,0.65,0.0172
49.4248,-97.7567,0.3514,271.27,229.54,19.8,19.8,2.5,0.1,0.65,0.0228
49.4248,-97.7516,0.373,270.79,230.39,19.8,19.8,2.57,0.1,0.65,0.0218
49.4307,-98.1198,0.2772,274.33,246.24,19.6,19.6,2.37,0.15,0.6,0.0165
49.4307,-98.1146,0.2682,274.04,246.31,19.6,19.6,2.06,0.14,0.61,0.0432
49.4307,-98.1094,0.2859,271.78,246.93,19.6,19.6,2.12,0.13,0.61,0.0159
49.4307,-98.1043,0.3027,270.24,246.79,19.6,19.6,2.22,0.13,0.61,0.0156
49.4307,-98.0991,0.3198,269.79,245.16,19.6,19.6,2.48,0.13,0.61,0.0162
49.4307,-98.0939,0.311,269.46,243.89,19.6,19.6,2.32,0.16,0.58,0.0203
49.4307,-98.0887,0.2773,268.48,243.06,19.6,19.6,1.77,0.19,0.54,0.0161
49.4307,-98.0835,0.2798,266.11,241.95,19.6,19.6,1.43,0.19,0.53,0.024
49.4307,-98.0783,0.2798,263.57,240.87,19.6,19.6,0.92,0.19,0.54,0.0224
49.4307,-98.0731,0.2991,262.99,241.24,19.6,19.6,1.23,0.22,0.51,0.0253
49.4307,-98.0679,0.3116,263.61,241.63,19.6,19.6,1.43,0.26,0.47,0.0346
49.4307,-98.0628,0.3159,264.03,241.43,19.5,19.5,2.11,0.33,0.41,0.018
49.4307,-98.0576,0.3159,264.94,241.76,19.5,19.5,2.8,0.37,0.39,0.0243
49.4307,-98.0524,0.3225,267.68,243.62,19.5,19.5,3.04,0.36,0.42,0.0318
49.4307,-98.0472,0.2897,270.63,246.92,19.5,19.5,3.05,0.35,0.45,0.0264
49.4307,-98.042,0.2827,271.52,249.93,19.5,19.5,2.89,0.36,0.44,0.0296
49.4307,-98.0368,0.2707,271.92,252.42,19.5,19.5,2.6,0.34,0.45,0.0196
49.4307,-98.0316,0.2391,272.65,254.03,19.5,19.5,2.29,0.36,0.43,0.0175
49.4307,-98.0265,0.2154,272.41,252.32,19.5,19.5,1.91,0.37,0.41,0.0136
49.4307,-98.0213,0.224,271.58,248.73,19.5,19.5,1.72,0.33,0.41,0.027
49.4307,-98.0161,0.2446,271.11,247.11,19.5,19.5,1.79,0.29,0.42,0.0291
49.4307,-98.0109,0.2404,272.17,247.7,19.5,19.5,1.97,0.29,0.42,0.0468
49.4307,-98.0057,0.2402,273.72,248.69,19.5,19.5,2.29,0.26,0.44,0.0128
49.4307,-98.0005,0.2816,273.45,248.6,19.6,19.6,2.67,0.21,0.51,0.0228
49.4307,-97.9953,0.292,272.12,247.83,19.6,19.6,2.23,0.17,0.56,0.0124
49.4307,-97.9901,0.2752,271.52,246.73,19.6,19.6,1.57,0.15,0.59,0.0283
49.4307,-97.985,0.2391,271.83,244.88,19.6,19.6,0.9,0.18,0.55,0.0147
49.4307,-97.9798,0.2173,271.48,243.32,19.6,19.6,0.77,0.23,0.49,0.0145
49.4307,-97.9746,0.2194,271.37,242.81,19.6,19.6,1.09,0.27,0.44,0.0167
49.4307,-97.9694,0.2317,271.64,242.62,19.6,19.6,1.24,0.3,0.41,0.0204
49.4307,-97.9642,0.2395,273.02,242.87,19.6,19.6,1.26,0.31,0.41,0.0239
49.4307,-97.959,0.2356,275.28,244.07,19.6,19.6,1.5,0.27,0.45,0.0288
49.4307,-97.9538,0.2398,276.3,244.96,19.6,19.6,1.98,0.22,0.51,0.0381
49.4307,-97.9487,0.2604,274.93,244.43,19.6,19.6,2.36,0.17,0.57,0.0169
49.4307,-97.9435,0.2822,273.61,244.12,19.6,19.6,2.46,0.14,0.61,0.0161
49.4307,-97.9383,0.2805,274.69,244.62,19.6,19.6,2.35,0.12,0.62,0.0168
49.4307,-97.9331,0.2199,279.62,246.67,19.6,19.6,2.14,0.17,0.57,0.0106
49.4307,-97.9279,0.146,283.77,250.51,19.6,19.6,2.17,0.27,0.49,0.0173
49.4307,-97.9227,0.1409,284.01,253.58,19.6,19.6,2.5,0.34,0.42,0.0148
49.4307,-97.9175,0.1329,283.98,254.49,19.6,19.6,2.49,0.35,0.4,0.0149
49.4307,-97.9123,0.1278,283.55,251.32,19.6,19.6,2.0,0.32,0.43,0.0314
49.4307,-97.9072,0.1161,283.69,246.06,19.6,19.6,1.45,0.24,0.49,0.0248
49.4307,-97.902,0.117,284.5,240.21,19.6,19.6,1.09,0.19,0.52,0.0196
49.4307,-97.8968,0.1508,283.09,235.28,19.6,19.6,1.26,0.14,0.58,0.0253
49.4307,-97.8916,0.2348,276.38,233.78,19.6,19.6,1.17,0.12,0.6,0.021
49.4307,-97.8864,0.258,271.2,233.53,19.7,19.7,0.84,0.15,0.58,0.0154
49.4307,-97.8812,0.2613,271.2,232.61,19.7,19.7,0.97,0.14,0.6,0.0156
49.4307,-97.876,0.2633,272.72,231.96,19.7,19.7,1.31,0.13,0.61,0.0267
49.4307,-97.8709,0.2595,274.74,232.17,19.8,19.8,1.49,0.12,0.63,0.0236
49.4307,-97.8657,0.2573,276.5,235.21,19.8,19.8,1.63,0.1,0.65,0.0345
49.4307,-97.8605,0.2593,276.59,239.6,19.8,19.8,1.69,0.1,0.65,0.0294
49.4307,-97.8553,0.2503,277.53,241.66,19.8,19.8,1.72,0.1,0.65,0.0299
49.4307,-97.8501,0.2384,278.74,239.78,19.8,19.8,1.68,0.1,0.65,0.0299
49.4307,-97.8449,0.2466,277.62,235.28,19.8,19.8,1.65,0.1,0.65,0.0295
49.4307,-97.8397,0.2602,276.0,230.33,19.8,19.8,1.52,0.1,0.65,0.0208
49.4307,-97.8345,0.2716,275.03,226.46,19.8,19.8,1.58,0.1,0.65,0.0327
49.4307,-97.8294,0.3079,271.98,224.77,19.8,19.8,1.76,0.1,0.65,0.0164
49.4307,-97.8242,0.3342,268.46,224.25,19.8,19.8,1.61,0.1,0.65,0.0331
49.4307,-97.819,0.3302,266.36,223.08,19.8,19.8,1.12,0.1,0.65,0.0235
49.4307,-97.8138,0.325,264.7,220.49,19.8,19.8,0.71,0.11,0.64,0.0161
49.4307,-97.8086,0.3298,263.6,216.22,19.8,19.8,0.65,0.11,0.63,0.0154
49.4307,-97.8034,0.3138,264.13,213.18,19.8,19.8,0.55,0.11,0.63,0.0156
49.4307,-97.7982,0.2938,265.1,211.06,19.8,19.8,0.55,0.11,0.64,0.0122
49.4307,-97.7931,0.2812,266.64,210.03,19.8,19.8,0.56,0.1,0.65,0.0147
49.4307,-97.7879,0.2641,269.13,211.76,19.8,19.8,0.55,0.1,0.65,0.014
49.4307,-97.7827,0.256,272.02,217.48,19.8,19.8,0.71,0.1,0.65,0.0118
49.4307,-97.7775,0.2618,273.11,224.68,19.8,19.8,1.07,0.1,0.65,0.0154
49.4307,-97.7723,0.2849,272.1,228.18,19.8,19.8,1.48,0.1,0.65,0.0263
49.4307,-97.7671,0.3381,271.01,228.62,19.8,19.8,2.28,0.1,0.65,0.0152
49.4307,-97.7619,0.3946,269.98,227.59,19.8,19.8,2.76,0.1,0.65,0.0249
49.4307,-97.7567,0.4709,268.03,226.34,19.8,19.8,3.0,0.1,0.65,0.0444
49.4307,-97.7516,0.5045,266.29,225.6,19.8,19.8,2.98,0.1,0.65,0.0555
49.4367,-98.1198,0.2727,274.66,248.25,19.6,19.6,2.4,0.14,0.62,0.0182
49.4367,-98.1146,0.2666,273.87,246.74,19.6,19.6,2.03,0.14,0.61,0.0112
49.4367,-98.1094,0.2887,270.87,246.02,19.6,19.6,1.7,0.12,0.62,0.0133
49.4367,-98.1043,0.3136,268.92,245.45,19.6,19.6,1.69,0.12,0.63,0.0181
49.4367,-98.0991,0.324,267.95,243.81,19.6,19.6,1.75,0.11,0.63,0.0158
49.4367,-98.0939,0.3172,267.19,242.24,19.6,19.6,1.81,0.15,0.59,0.0138
49.4367,-98.0887,0.3004,266.09,240.84,19.6,19.6,1.49,0.18,0.55,0.0146
49.4367,-98.0835,0.2912,263.97,239.16,19.6,19.6,1.17,0.2,0.52,0.0238
49.4367,-98.0783,0.2913,261.9,237.69,19.6,19.6,0.94,0.22,0.5,0.0181
49.4367,-98.0731,0.3021,260.25,237.28,19.6,19.6,0.97,0.23,0.49,0.0191
49.4367,-98.0679,0.3127,259.12,237.0,19.6,19.6,1.1,0.26,0.45,0.0232
49.4367,-98.0628,0.333,259.26,237.07,19.5,19.5,1.55,0.29,0.42,0.0399
49.4367,-98.0576,0.3597,260.86,238.51,19.5,19.5,2.41,0.3,0.42,0.0276
49.4367,-98.0524,0.3645,264.09,242.1,19.5,19.5,2.99,0.32,0.44,0.03
49.4367,-98.0472,0.361,267.77,247.27,19.5,19.5,3.53,0.31,0.45,0.0487
49.4367,-98.042,0.3311,269.82,250.41,19.5,19.5,3.54,0.31,0.46,0.041
49.4367,-98.0368,0.2844,271.02,251.63,19.5,19.5,3.57,0.35,0.42,0.0318
49.4367,-98.0316,0.2473,272.0,252.26,19.5,19.5,2.97,0.38,0.39,0.0205
49.4367,-98.0265,0.239,271.88,250.53,19.5,19.5,2.43,0.33,0.41,0.018
49.4367,-98.0213,0.2402,270.71,247.24,19.5,19.5,2.23,0.32,0.41,0.0154
49.4367,-98.0161,0.2509,270.07,245.4,19.5,19.5,2.36,0.29,0.43,0.0171
49.4367,-98.0109,0.2602,271.65,245.51,19.5,19.5,2.71,0.24,0.48,0.0192
49.4367,-98.0057,0.2616,273.36,246.04,19.5,19.5,2.66,0.21,0.51,0.0208
49.4367,-98.0005,0.2673,272.8,245.73,19.6,19.6,2.24,0.17,0.57,0.0155
49.4367,-97.9953,0.2839,271.24,244.92,19.6,19.6,1.79,0.13,0.61,0.0128
49.4367,-97.9901,0.2833,269.88,243.19,19.6,19.6,1.61,0.15,0.59,0.0128
49.4367,-97.985,0.277,269.12,240.71,19.6,19.6,1.62,0.2,0.52,0.0318
49.4367,-97.9798,0.2651,268.51,239.02,19.6,19.6,1.59,0.26,0.45,0.03
49.4367,-97.9746,0.2527,268.09,238.49,19.6,19.6,1.41,0.31,0.4,0.0271
49.4367,-97.9694,0.2434,268.87,238.43,19.6,19.6,1.18,0.32,0.39,0.0178
49.4367,-97.9642,0.2218,271.84,238.66,19.6,19.6,1.09,0.3,0.42,0.0154
49.4367,-97.959,0.2309,275.02,240.48,19.6,19.6,1.52,0.24,0.49,0.0287
49.4367,-97.9538,0.2587,276.08,242.72,19.6,19.6,2.21,0.17,0.57,0.0166
49.4367,-97.9487,0.3082,275.03,243.4,19.6,19.6,2.94,0.11,0.64,0.0229
49.4367,-97.9435,0.3188,274.35,243.66,19.6,19.6,3.11,0.1,0.65,0.0307
49.4367,-97.9383,0.2936,276.16,244.85,19.6,19.6,3.0,0.12,0.63,0.0274
49.4367,-97.9331,0.2213,280.79,247.09,19.6,19.6,2.77,0.2,0.55,0.0147
49.4367,-97.9279,0.139,284.59,249.91,19.6,19.6,2.37,0.29,0.47,0.0144
49.4367,-97.9227,0.1231,285.08,251.36,19.6,19.6,2.15,0.33,0.42,0.0152
49.4367,-97.9175,0.1241,284.36,250.98,19.6,19.6,1.92,0.3,0.45,0.0371
49.4367,-97.9123,0.1469,282.87,248.31,19.6,19.6,1.9,0.22,0.52,0.0381
49.4367,-97.9072,0.1477,283.45,245.07,19.6,19.6,2.02,0.15,0.58,0.0389
49.4367,-97.902,0.1218,285.66,240.31,19.6,19.6,2.08,0.13,0.6,0.0169
49.4367,-97.8968,0.1445,284.64,236.98,19.6,19.6,2.03,0.11,0.63,0.039
49.4367,-97.8916,0.2309,277.37,237.58,19.7,19.7,1.59,0.12,0.61,0.0297
49.4367,-97.8864,0.2649,271.68,235.5,19.7,19.7,1.13,0.13,0.61,0.0203
49.4367,-97.8812,0.2676,271.18,232.77,19.7,19.7,1.05,0.14,0.6,0.0184
49.4367,-97.876,0.2678,272.64,231.46,19.7,19.7,1.54,0.14,0.6,0.0304
49.4367,-97.8709,0.2622,275.01,231.43,19.8,19.8,1.78,0.13,0.62,0.0344
49.4367,-97.8657,0.2409,276.8,233.85,19.8,19.8,1.6,0.13,0.61,0.0283
49.4367,-97.8605,0.2463,276.5,237.27,19.8,19.8,1.63,0.12,0.62,0.0259
49.4367,-97.8553,0.2535,277.18,238.61,19.8,19.8,1.99,0.12,0.63,0.0432
49.4367,-97.8501,0.2545,278.22,236.69,19.8,19.8,2.12,0.1,0.65,0.016
49.4367,-97.8449,0.2612,276.97,232.65,19.8,19.8,1.86,0.1,0.65,0.0301
49.4367,-97.8397,0.2619,275.21,228.41,19.8,19.8,1.31,0.1,0.65,0.0229
49.4367,-97.8345,0.2697,273.85,225.37,19.8,19.8,1.16,0.1,0.65,0.0214
49.4367,-97.8294,0.3014,270.76,223.52,19.8,19.8,1.31,0.1,0.65,0.024
49.4367,-97.8242,0.3244,267.15,222.27,19.8,19.8,1.25,0.1,0.65,0.0292
49.4367,-97.819,0.3254,264.77,219.99,19.8,19.8,1.02,0.1,0.65,0.0208
49.4367,-97.8138,0.3154,263.33,216.53,19.8,19.8,0.62,0.11,0.64,0.0153
49.4367,-97.8086,0.3163,263.54,212.67,19.8,19.8,0.52,0.11,0.63,0.0152
49.4367,-97.8034,0.3114,265.33,210.77,19.8,19.8,0.75,0.11,0.63,0.0171
49.4367,-97.7982,0.3065,266.72,209.81,19.8,19.8,1.07,0.11,0.63,0.0128
49.4367,-97.7931,0.3,268.66,209.57,19.8,19.8,1.37,0.1,0.64,0.0128
49.4367,-97.7879,0.2855,271.2,212.14,19.8,19.8,1.58,0.1,0.65,0.0153
49.4367,-97.7827,0.2686,274.11,217.61,19.8,19.8,1.65,0.1,0.65,0.0119
49.4367,-97.7775,0.2688,275.53,223.55,19.8,19.8,1.94,0.1,0.65,0.0155
49.4367,-97.7723,0.2959,274.95,227.97,19.8,19.8,2.38,0.1,0.65,0.02
49.4367,-97.7671,0.3727,272.68,230.19,19.8,19.8,3.01,0.1,0.65,0.0243
49.4367,-97.7619,0.4861,269.34,227.25,19.8,19.8,3.39,0.1,0.65,0.0594
49.4367,-97.7567,0.5561,266.33,221.76,19.8,19.8,3.56,0.1,0.65,0.0775
49.4367,-97.7516,0.5561,264.01,218.72,19.8,19.8,3.43,0.1,0.65,0.073
49.4427,-98.1198,0.2711,275.92,250.83,19.6,19.6,2.47,0.15,0.59,0.0197
49.4427,-98.1146,0.2801,273.87,248.51,19.6,19.6,2.27,0.15,0.59,0.015
49.4427,-98.1094,0.3075,269.62,246.51,19.6,19.6,2.02,0.16,0.57,0.0148
49.4427,-98.1043,0.3179,267.05,244.62,19.6,19.6,1.96,0.18,0.55,0.0158
49.4427,-98.0991,0.324,266.1,242.37,19.6,19.6,1.92,0.2,0.53,0.0168
49.4427,-98.0939,0.3034,265.49,240.79,19.6,19.6,1.66,0.2,0.53,0.0141
49.4427,-98.0887,0.2869,264.08,239.44,19.6,19.6,1.36,0.21,0.51,0.0155
49.4427,-98.0835,0.2831,261.94,238.03,19.6,19.6,1.14,0.23,0.48,0.0218
49.4427,-98.0783,0.2877,260.58,237.58,19.6,19.6,1.12,0.25,0.46,0.0214
49.4427,-98.0731,0.2791,260.09,238.86,19.6,19.6,1.05,0.28,0.43,0.0223
49.4427,-98.0679,0.2784,259.53,238.97,19.6,19.6,1.07,0.3,0.4,0.0201
49.4427,-98.0628,0.3066,259.69,238.71,19.5,19.5,1.42,0.3,0.4,0.0358
49.4427,-98.0576,0.348,261.36,240.09,19.5,19.5,2.02,0.28,0.43,0.0229
49.4427,-98.0524,0.3715,265.17,244.39,19.5,19.5,2.61,0.27,0.44,0.0375
49.4427,-98.0472,0.3516,269.31,249.94,19.5,19.5,3.4,0.27,0.46,0.0392
49.4427,-98.042,0.3048,271.3,252.11,19.5,19.5,3.43,0.28,0.45,0.0325
49.4427,-98.0368,0.2582,272.53,251.69,19.5,19.5,3.41,0.3,0.43,0.0215
49.4427,-98.0316,0.2398,273.24,250.36,19.5,19.5,3.24,0.29,0.43,0.0234
49.4427,-98.0265,0.2456,272.56,247.63,19.5,19.5,2.89,0.3,0.42,0.0194
49.4427,-98.0213,0.2684,271.36,244.31,19.5,19.5,2.92,0.26,0.46,0.0188
49.4427,-98.0161,0.3027,270.77,243.14,19.5,19.5,3.09,0.22,0.5,0.0213
49.4427,-98.0109,0.3145,271.72,243.84,19.5,19.5,3.0,0.18,0.55,0.0252
49.4427,-98.0057,0.3028,273.07,244.2,19.5,19.5,2.6,0.14,0.61,0.0188
49.4427,-98.0005,0.2892,272.72,243.56,19.6,19.6,2.0,0.1,0.64,0.0132
49.4427,-97.9953,0.2891,270.92,242.38,19.6,19.6,1.76,0.1,0.65,0.0107
49.4427,-97.9901,0.2984,268.99,240.99,19.6,19.6,1.72,0.12,0.62,0.0145
49.4427,-97.985,0.2913,268.69,239.75,19.6,19.6,1.65,0.16,0.58,0.014
49.4427,-97.9798,0.2846,269.25,239.0,19.6,19.6,1.8,0.19,0.53,0.0156
49.4427,-97.9746,0.2842,269.63,238.78,19.6,19.6,1.95,0.24,0.48,0.0182
49.4427,-97.9694,0.2893,270.02,238.62,19.6,19.6,1.93,0.25,0.47,0.0164
49.4427,-97.9642,0.2665,271.92,238.71,19.6,19.6,1.87,0.24,0.49,0.0116
49.4427,-97.959,0.2441,274.64,240.16,19.6,19.6,1.73,0.2,0.55,0.029
49.4427,-97.9538,0.2452,275.98,242.21,19.6,19.6,1.79,0.13,0.61,0.0319
49.4427,-97.9487,0.2788,275.2,243.91,19.6,19.6,2.25,0.1,0.65,0.0182
49.4427,-97.9435,0.321,274.4,245.64,19.6,19.6,2.8,0.12,0.64,0.0192
49.4427,-97.9383,0.3392,275.77,247.28,19.6,19.6,3.0,0.17,0.58,0.0297
49.4427,-97.9331,0.2436,279.95,248.96,19.6,19.6,2.98,0.23,0.52,0.0274
49.4427,-97.9279,0.1422,284.54,250.73,19.6,19.6,2.66,0.29,0.45,0.0177
49.4427,-97.9227,0.1245,284.71,250.92,19.6,19.6,2.39,0.34,0.41,0.0139
49.4427,-97.9175,0.1428,283.46,249.88,19.6,19.6,2.24,0.31,0.45,0.048
49.4427,-97.9123,0.1575,283.14,248.29,19.6,19.6,2.47,0.25,0.5,0.0173
49.4427,-97.9072,0.1727,283.71,245.52,19.6,19.6,2.9,0.19,0.55,0.0217
49.4427,-97.902,0.1763,284.49,240.71,19.6,19.6,3.21,0.15,0.59,0.0254
49.4427,-97.8968,0.1898,283.62,240.41,19.6,19.6,3.12,0.13,0.61,0.0233
49.4427,-97.8916,0.2531,279.05,243.7,19.7,19.7,2.46,0.12,0.62,0.0171
49.4427,-97.8864,0.3123,273.95,241.62,19.7,19.7,1.86,0.11,0.64,0.0461
49.4427,-97.8812,0.3113,272.88,237.66,19.7,19.7,1.43,0.12,0.62,0.031
49.4427,-97.876,0.275,274.06,235.45,19.7,19.7,1.48,0.13,0.61,0.0284
49.4427,-97.8709,0.2384,276.22,234.64,19.8,19.8,1.63,0.16,0.58,0.0247
49.4427,-97.8657,0.2005,277.92,235.58,19.8,19.8,1.59,0.18,0.54,0.027
49.4427,-97.8605,0.213,277.5,237.77,19.8,19.8,1.46,0.16,0.57,0.0224
49.4427,-97.8553,0.229,277.52,238.13,19.8,19.8,1.7,0.14,0.6,0.0286
49.4427,-97.8501,0.2384,277.78,235.71,19.8,19.8,1.67,0.11,0.63,0.0331
49.4427,-97.8449,0.2475,276.36,231.55,19.8,19.8,1.37,0.1,0.65,0.0235
49.4427,-97.8397,0.2495,274.93,227.56,19.8,19.8,0.96,0.1,0.65,0.0165
49.4427,-97.8345,0.2474,274.1,224.62,19.8,19.8,0.73,0.1,0.65,0.0152
49.4427,-97.8294,0.2723,271.31,221.92,19.8,19.8,0.85,0.1,0.65,0.0148
49.4427,-97.8242,0.296,266.85,220.11,19.8,19.8,0.76,0.1,0.65,0.0174
49.4427,-97.819,0.2955,264.33,217.94,19.8,19.8,0.54,0.1,0.65,0.0144
49.4427,-97.8138,0.3031,264.02,215.46,19.8,19.8,0.61,0.1,0.65,0.0175
49.4427,-97.8086,0.3068,265.73,214.32,19.8,19.8,0.93,0.1,0.65,0.0201
49.4427,-97.8034,0.3108,268.43,214.73,19.8,19.8,1.42,0.1,0.65,0.03
49.4427,-97.7982,0.3098,270.54,214.42,19.8,19.8,1.81,0.1,0.65,0.0147
49.4427,-97.7931,0.3035,272.32,214.29,19.8,19.8,2.12,0.1,0.65,0.0178
49.4427,-97.7879,0.3034,273.38,216.03,19.8,19.8,2.36,0.1,0.65,0.0157
49.4427,-97.7827,0.2955,274.29,218.35,19.8,19.8,2.3,0.1,0.65,0.02
49.4427,-97.7775,0.2835,274.79,220.84,19.8,19.8,2.11,0.1,0.65,0.0148
49.4427,-97.7723,0.2863,274.1,225.02,19.8,19.8,1.97,0.1,0.65,0.0174
49.4427,-97.7671,0.3163,271.73,227.59,19.8,19.8,2.07,0.1,0.65,0.0186
49.4427,-97.7619,0.3623,268.58,223.81,19.8,19.8,2.29,0.1,0.65,0.026
49.4427,-97.7567,0.4093,265.72,217.14,19.8,19.8,2.44,0.1,0.65,0.0294
49.4427,-97.7516,0.438,263.74,213.62,19.8,19.8,2.47,0.1,0.65,0.0294
49.4487,-98.1198,0.2382,277.1,254.48,19.6,19.6,2.08,0.22,0.5,0.0169
49.4487,-98.1146,0.254,273.9,251.56,19.6,19.6,1.96,0.24,0.48,0.0116
49.4487,-98.1094,0.2756,269.3,248.05,19.6,19.6,1.89,0.26,0.45,0.014
49.4487,-98.1043,0.288,266.41,244.78,19.6,19.6,1.88,0.27,0.44,0.0188
49.4487,-98.0991,0.2909,265.19,241.86,19.6,19.6,1.92,0.29,0.42,0.0164
49.4487,-98.0939,0.2886,264.45,240.68,19.6,19.6,1.94,0.31,0.4,0.0177
49.4487,-98.0887,0.2963,262.57,240.16,19.6,19.6,1.78,0.32,0.4,0.0172
49.4487,-98.0835,0.2981,260.34,239.39,19.6,19.6,1.53,0.31,0.4,0.0128
49.4487,-98.0783,0.311,259.71,239.79,19.6,19.6,1.54,0.31,0.4,0.0407
49.4487,-98.0731,0.2977,260.8,242.28,19.6,19.6,1.4,0.3,0.4,0.0327
49.4487,-98.0679,0.2731,261.99,243.21,19.6,19.6,1.28,0.3,0.4,0.0294
49.4487,-98.0628,0.2905,263.18,243.3,19.5,19.5,1.77,0.29,0.41,0.0412
49.4487,-98.0576,0.3432,265.02,244.85,19.5,19.5,2.44,0.28,0.42,0.0272
49.4487,-98.0524,0.3665,268.1,248.35,19.5,19.5,2.82,0.27,0.44,0.038
49.4487,-98.0472,0.3052,271.18,251.97,19.5,19.5,2.68,0.29,0.44,0.0231
49.4487,-98.042,0.2502,271.71,252.95,19.5,19.5,2.35,0.3,0.44,0.0175
49.4487,-98.0368,0.2267,271.37,251.36,19.5,19.5,2.17,0.31,0.42,0.0152
49.4487,-98.0316,0.2196,271.41,247.61,19.5,19.5,2.27,0.32,0.42,0.0137
49.4487,-98.0265,0.238,271.72,243.85,19.5,19.5,2.68,0.29,0.43,0.0162
49.4487,-98.0213,0.2746,272.24,241.81,19.5,19.5,2.89,0.26,0.46,0.0214
49.4487,-98.0161,0.2943,272.12,241.6,19.5,19.5,2.97,0.21,0.51,0.027
49.4487,-98.0109,0.3088,272.68,242.31,19.5,19.5,2.93,0.17,0.57,0.0253
49.4487,-98.0057,0.3102,274.04,242.81,19.5,19.5,2.79,0.14,0.6,0.0175
49.4487,-98.0005,0.3127,273.53,242.49,19.6,19.6,2.61,0.12,0.62,0.015
49.4487,-97.9953,0.3066,271.42,241.74,19.6,19.6,2.22,0.11,0.64,0.021
49.4487,-97.9901,0.3055,269.59,241.09,19.6,19.6,1.98,0.1,0.65,0.0138
49.4487,-97.985,0.2809,269.67,240.43,19.6,19.6,1.51,0.1,0.65,0.013
49.4487,-97.9798,0.26,270.5,239.51,19.6,19.6,1.21,0.11,0.64,0.01
49.4487,-97.9746,0.2712,270.5,238.49,19.6,19.6,1.52,0.13,0.61,0.0136
49.4487,-97.9694,0.3132,270.2,238.17,19.6,19.6,2.14,0.14,0.6,0.0194
49.4487,-97.9642,0.3472,270.94,238.96,19.6,19.6,2.53,0.13,0.61,0.0201
49.4487,-97.959,0.2946,272.99,240.43,19.6,19.6,2.11,0.13,0.62,0.0528
49.4487,-97.9538,0.2406,274.58,241.76,19.6,19.6,1.54,0.15,0.61,0.0282
49.4487,-97.9487,0.2401,273.92,243.93,19.6,19.6,1.64,0.21,0.57,0.0273
49.4487,-97.9435,0.2812,273.3,246.63,19.6,19.6,2.4,0.25,0.53,0.0199
49.4487,-97.9383,0.3115,275.15,248.59,19.6,19.6,2.87,0.26,0.5,0.0269
49.4487,-97.9331,0.2391,279.97,249.84,19.6,19.6,2.79,0.31,0.45,0.0221
49.4487,-97.9279,0.1506,284.45,251.31,19.6,19.6,2.45,0.37,0.41,0.0404
49.4487,-97.9227,0.138,284.51,252.52,19.6,19.6,2.28,0.4,0.39,0.0388
49.4487,-97.9175,0.1565,282.33,252.12,19.6,19.6,2.16,0.42,0.38,0.0307
49.4487,-97.9123,0.1724,281.2,251.5,19.6,19.6,2.21,0.38,0.4,0.0364
49.4487,-97.9072,0.1764,282.01,250.64,19.6,19.6,2.46,0.31,0.45,0.0115
49.4487,-97.902,0.1647,284.26,245.7,19.6,19.6,2.78,0.26,0.47,0.0148
49.4487,-97.8968,0.172,284.15,243.66,19.6,19.6,2.93,0.22,0.5,0.0176
49.4487,-97.8916,0.2486,280.35,246.84,19.7,19.7,2.71,0.18,0.55,0.0146
49.4487,-97.8864,0.3271,276.1,246.36,19.7,19.7,2.38,0.15,0.59,0.0195
49.4487,-97.8812,0.337,275.32,243.36,19.7,19.7,2.18,0.12,0.62,0.061
49.4487,-97.876,0.2948,276.34,240.79,19.7,19.7,2.06,0.12,0.62,0.0462
49.4487,-97.8709,0.2329,277.39,238.44,19.8,19.8,1.62,0.16,0.58,0.0263
49.4487,-97.8657,0.2009,277.52,237.89,19.8,19.8,1.15,0.16,0.57,0.0227
49.4487,-97.8605,0.1955,277.32,238.77,19.8,19.8,0.87,0.15,0.59,0.0184
49.4487,-97.8553,0.1993,276.98,237.55,19.8,19.8,0.69,0.14,0.6,0.0152
49.4487,-97.8501,0.2264,276.65,234.04,19.8,19.8,0.69,0.1,0.65,0.0135
49.4487,-97.8449,0.2367,275.26,230.02,19.8,19.8,0.67,0.1,0.65,0.0144
49.4487,-97.8397,0.2466,274.1,226.54,19.8,19.8,0.65,0.1,0.65,0.0146
49.4487,-97.8345,0.2471,274.41,224.23,19.8,19.8,0.78,0.1,0.65,0.0157
49.4487,-97.8294,0.258,273.2,222.21,19.8,19.8,0.97,0.1,0.65,0.0163
49.4487,-97.8242,0.2888,269.11,221.04,19.8,19.8,1.06,0.1,0.65,0.02
49.4487,-97.819,0.3036,266.88,220.1,19.8,19.8,1.09,0.1,0.65,0.0164
49.4487,-97.8138,0.32,267.05,219.39,19.8,19.8,1.52,0.1,0.65,0.0251
49.4487,-97.8086,0.3346,268.53,220.41,19.8,19.8,2.01,0.1,0.65,0.0179
49.4487,-97.8034,0.3329,271.06,222.68,19.8,19.8,2.35,0.1,0.65,0.0155
49.4487,-97.7982,0.3198,273.51,222.08,19.8,19.8,2.54,0.1,0.65,0.0253
49.4487,-97.7931,0.2841,275.87,221.51,19.8,19.8,2.48,0.1,0.65,0.0192
49.4487,-97.7879,0.2671,277.54,222.05,19.8,19.8,2.48,0.1,0.65,0.0149
49.4487,-97.7827,0.2577,278.03,220.9,19.8,19.8,2.28,0.1,0.65,0.0136
49.4487,-97.7775,0.2605,276.95,219.34,19.8,19.8,1.98,0.1,0.65,0.0136
49.4487,-97.7723,0.2734,274.63,219.92,19.8,19.8,1.68,0.1,0.65,0.0126
49.4487,-97.7671,0.2909,271.61,220.7,19.8,19.8,1.43,0.1,0.65,0.029
49.4487,-97.7619,0.3243,268.47,217.19,19.8,19.8,1.53,0.1,0.65,0.0271
49.4487,-97.7567,0.3435,266.59,212.73,19.8,19.8,1.58,0.1,0.65,0.035
49.4487,-97.7516,0.3335,266.21,210.55,19.8,19.8,1.46,0.1,0.65,0.0332
49.4547,-98.1198,0.1993,277.8,257.18,19.6,19.6,1.86,0.33,0.39,0.0239
49.4547,-98.1146,0.2391,274.25,254.07,19.6,19.6,1.94,0.31,0.4,0.0423
49.4547,-98.1094,0.2791,269.25,250.17,19.6,19.6,1.85,0.3,0.4,0.037
49.4547,-98.1043,0.2827,265.84,245.82,19.6,19.6,1.76,0.3,0.4,0.0447
49.4547,-98.0991,0.2775,263.76,241.5,19.6,19.6,1.46,0.3,0.4,0.0299
49.4547,-98.0939,0.274,262.31,239.78,19.6,19.6,1.35,0.33,0.39,0.0309
49.4547,-98.0887,0.2807,260.77,240.26,19.6,19.6,1.41,0.35,0.39,0.0143
49.4547,-98.0835,0.3045,259.62,241.15,19.6,19.6,1.48,0.37,0.38,0.0187
49.4547,-98.0783,0.3073,260.61,242.82,19.6,19.6,1.56,0.36,0.38,0.0379
49.4547,-98.0731,0.2842,263.35,245.8,19.6,19.6,1.56,0.34,0.39,0.0405
49.4547,-98.0679,0.2673,265.09,247.27,19.6,19.6,1.53,0.35,0.39,0.0297
49.4547,-98.0628,0.273,266.37,247.74,19.5,19.5,1.91,0.35,0.39,0.0155
49.4547,-98.0576,0.2838,268.24,248.83,19.5,19.5,2.31,0.35,0.39,0.0205
49.4547,-98.0524,0.2623,270.58,250.78,19.5,19.5,2.3,0.37,0.38,0.0203
49.4547,-98.0472,0.2298,271.73,251.97,19.5,19.5,2.2,0.4,0.37,0.019
49.4547,-98.042,0.1998,271.08,250.6,19.5,19.5,1.68,0.43,0.36,0.0253
49.4547,-98.0368,0.1787,270.15,247.19,19.5,19.5,1.16,0.44,0.35,0.0182
49.4547,-98.0316,0.1832,269.96,242.34,19.5,19.5,1.33,0.42,0.36,0.0239
49.4547,-98.0265,0.2042,270.87,238.77,19.5,19.5,1.92,0.36,0.38,0.032
49.4547,-98.0213,0.2294,271.75,237.83,19.5,19.5,2.44,0.31,0.41,0.014
49.4547,-98.0161,0.2755,271.1,238.45,19.5,19.5,2.68,0.27,0.44,0.0202
49.4547,-98.0109,0.2613,271.49,240.29,19.5,19.5,2.49,0.26,0.46,0.0164
49.4547,-98.0057,0.2455,273.47,242.4,19.5,19.5,2.5,0.23,0.49,0.0174
49.4547,-98.0005,0.2692,273.39,243.19,19.6,19.6,2.76,0.2,0.53,0.0194
49.4547,-97.9953,0.3117,271.67,243.05,19.6,19.6,2.8,0.18,0.56,0.0206
49.4547,-97.9901,0.3085,269.8,242.45,19.6,19.6,2.54,0.18,0.58,0.0231
49.4547,-97.985,0.2672,269.89,241.72,19.6,19.6,1.94,0.2,0.57,0.0142
49.4547,-97.9798,0.2423,271.47,240.46,19.6,19.6,1.48,0.2,0.58,0.0128
49.4547,-97.9746,0.2504,271.95,238.97,19.6,19.6,1.63,0.18,0.59,0.013
49.4547,-97.9694,0.2963,271.88,238.42,19.6,19.6,2.17,0.16,0.59,0.0199
49.4547,-97.9642,0.3141,272.9,239.18,19.6,19.6,2.46,0.17,0.57,0.0203
49.4547,-97.959,0.2455,274.84,240.89,19.6,19.6,2.08,0.23,0.52,0.0149
49.4547,-97.9538,0.1924,276.12,242.44,19.6,19.6,1.38,0.27,0.49,0.0189
49.4547,-97.9487,0.1996,274.72,243.98,19.6,19.6,1.31,0.31,0.45,0.0198
49.4547,-97.9435,0.2438,272.94,245.91,19.6,19.6,2.04,0.34,0.42,0.0208
49.4547,-97.9383,0.2994,273.6,247.71,19.6,19.6,2.45,0.35,0.4,0.0216
49.4547,-97.9331,0.2513,277.71,248.19,19.6,19.6,2.13,0.34,0.4,0.0398
49.4547,-97.9279,0.1827,281.67,247.8,19.6,19.6,1.49,0.36,0.41,0.0208
49.4547,-97.9227,0.158,282.82,246.39,19.6,19.6,1.29,0.39,0.39,0.0189
49.4547,-97.9175,0.157,282.05,243.48,19.6,19.6,1.27,0.38,0.4,0.0186
49.4547,-97.9123,0.1627,280.63,244.15,19.6,19.6,1.14,0.32,0.44,0.0149
49.4547,-97.9072,0.1611,281.32,245.83,19.6,19.6,1.4,0.27,0.47,0.0239
49.4547,-97.902,0.1662,282.3,243.87,19.6,19.6,1.83,0.22,0.5,0.0123
49.4547,-97.8968,0.1891,281.79,243.45,19.6,19.6,2.28,0.2,0.53,0.0166
49.4547,-97.8916,0.2343,279.92,247.6,19.7,19.7,2.67,0.18,0.55,0.0139
49.4547,-97.8864,0.2668,278.26,249.39,19.7,19.7,2.65,0.15,0.59,0.0161
49.4547,-97.8812,0.283,278.11,247.55,19.7,19.7,2.62,0.11,0.63,0.0162
49.4547,-97.876,0.2691,278.07,244.93,19.7,19.7,2.37,0.11,0.64,0.0111
49.4547,-97.8709,0.2551,276.8,241.35,19.8,19.8,1.95,0.12,0.63,0.0332
49.4547,-97.8657,0.2401,275.37,238.68,19.8,19.8,1.24,0.12,0.62,0.0195
49.4547,-97.8605,0.2281,274.95,238.87,19.8,19.8,0.69,0.12,0.62,0.0155
49.4547,-97.8553,0.2363,274.93,238.42,19.8,19.8,0.69,0.11,0.64,0.0119
49.4547,-97.8501,0.2403,274.88,235.59,19.8,19.8,0.72,0.11,0.64,0.0157
49.4547,-97.8449,0.2563,273.14,232.1,19.8,19.8,0.67,0.1,0.64,0.0129
49.4547,-97.8397,0.2752,271.57,229.04,19.8,19.8,0.79,0.1,0.65,0.0145
49.4547,-97.8345,0.2797,272.09,227.18,19.8,19.8,1.09,0.1,0.65,0.0186
49.4547,-97.8294,0.2775,273.28,225.81,19.8,19.8,1.4,0.1,0.65,0.0217
49.4547,-97.8242,0.2973,272.69,225.01,19.8,19.8,1.82,0.1,0.65,0.0159
49.4547,-97.819,0.3172,271.44,224.65,19.8,19.8,2.05,0.1,0.65,0.0138
49.4547,-97.8138,0.3336,271.0,224.77,19.8,19.8,2.44,0.1,0.65,0.0197
49.4547,-97.8086,0.3517,271.89,225.52,19.8,19.8,2.69,0.1,0.65,0.0198
49.4547,-97.8034,0.3376,273.68,225.48,19.8,19.8,2.74,0.1,0.65,0.0215
49.4547,-97.7982,0.3289,274.84,223.1,19.8,19.8,2.78,0.1,0.65,0.0184
49.4547,-97.7931,0.3128,275.91,221.91,19.8,19.8,2.75,0.1,0.65,0.0223
49.4547,-97.7879,0.2945,276.64,222.7,19.8,19.8,2.69,0.1,0.65,0.0187
49.4547,-97.7827,0.292,276.62,221.07,19.8,19.8,2.6,0.1,0.65,0.0197
49.4547,-97.7775,0.2883,276.44,218.63,19.8,19.8,2.46,0.1,0.65,0.0177
49.4547,-97.7723,0.2931,275.48,218.55,19.8,19.8,2.33,0.1,0.65,0.0139
49.4547,-97.7671,0.311,273.9,219.06,19.8,19.8,2.32,0.1,0.65,0.0179
49.4547,-97.7619,0.3336,271.69,216.8,19.8,19.8,2.3,0.1,0.65,0.017
49.4547,-97.7567,0.3527,269.6,212.09,19.8,19.8,2.24,0.1,0.65,0.0217
49.4547,-97.7516,0.3623,268.65,208.81,19.8,19.8,2.24,0.1,0.65,0.0252
49.4607,-98.1198,0.1896,278.55,258.48,19.6,19.6,2.27,0.36,0.38,0.0147
49.4607,-98.1146,0.2451,274.79,255.94,19.6,19.6,2.54,0.34,0.39,0.0228
49.4607,-98.1094,0.313,269.08,251.9,19.6,19.6,2.59,0.32,0.39,0.0223
49.4607,-98.1043,0.3189,265.18,247.42,19.6,19.6,2.09,0.3,0.4,0.0546
49.4607,-98.0991,0.2846,263.02,242.97,19.6,19.6,1.36,0.3,0.4,0.0247
49.4607,-98.0939,0.2526,262.05,240.63,19.6,19.6,0.71,0.33,0.39,0.0143
49.4607,-98.0887,0.246,261.67,241.4,19.6,19.6,0.66,0.38,0.38,0.0128
49.4607,-98.0835,0.2499,261.6,243.91,19.6,19.6,0.99,0.43,0.36,0.0196
49.4607,-98.0783,0.2452,263.49,246.89,19.6,19.6,1.46,0.46,0.35,0.0147
49.4607,-98.0731,0.2413,266.55,249.79,19.6,19.6,1.96,0.46,0.35,0.0167
49.4607,-98.0679,0.2423,267.61,250.48,19.5,19.5,2.16,0.46,0.35,0.0158
49.4607,-98.0628,0.2287,268.4,250.44,19.5,19.5,1.97,0.47,0.34,0.0146
49.4607,-98.0576,0.2301,270.14,250.66,19.5,19.5,2.13,0.48,0.34,0.0167
49.4607,-98.0524,0.2274,271.9,250.89,19.5,19.5,2.13,0.49,0.34,0.0159
49.4607,-98.0472,0.2416,271.64,249.9,19.5,19.5,2.3,0.48,0.34,0.0161
49.4607,-98.042,0.247,270.26,247.17,19.5,19.5,2.15,0.46,0.35,0.0203
49.4607,-98.0368,0.2438,268.93,243.2,19.5,19.5,1.69,0.43,0.36,0.0287
49.4607,-98.0316,0.2441,268.37,238.53,19.5,19.5,1.6,0.38,0.37,0.0333
49.4607,-98.0265,0.2427,269.51,235.25,19.5,19.5,1.63,0.34,0.39,0.0286
49.4607,-98.0213,0.2509,270.61,234.57,19.5,19.5,1.91,0.31,0.4,0.0152
49.4607,-98.0161,0.2409,269.72,236.28,19.5,19.5,1.82,0.3,0.4,0.0128
49.4607,-98.0109,0.2226,270.37,239.42,19.5,19.5,1.77,0.3,0.4,0.013
49.4607,-98.0057,0.2063,272.89,242.14,19.5,19.5,2.02,0.29,0.41,0.0318
49.4607,-98.0005,0.2191,273.55,243.39,19.6,19.6,2.31,0.28,0.43,0.0184
49.4607,-97.9953,0.2315,272.73,243.79,19.6,19.6,2.33,0.31,0.43,0.0182
49.4607,-97.9901,0.2184,271.19,243.3,19.6,19.6,2.03,0.37,0.42,0.0399
49.4607,-97.985,0.1801,270.68,242.41,19.6,19.6,1.26,0.42,0.4,0.0184
49.4607,-97.9798,0.1733,271.81,241.46,19.6,19.6,1.03,0.41,0.42,0.0153
49.4607,-97.9746,0.1895,272.96,239.87,19.6,19.6,1.36,0.38,0.43,0.0194
49.4607,-97.9694,0.2224,273.5,238.93,19.6,19.6,1.83,0.32,0.45,0.0119
49.4607,-97.9642,0.2523,274.2,239.56,19.6,19.6,2.22,0.29,0.45,0.0161
49.4607,-97.959,0.2335,275.15,241.46,19.6,19.6,2.14,0.3,0.42,0.013
49.4607,-97.9538,0.2077,275.38,243.21,19.6,19.6,1.98,0.32,0.41,0.036
49.4607,-97.9487,0.216,274.52,243.61,19.6,19.6,1.88,0.3,0.43,0.0327
49.4607,-97.9435,0.2422,273.25,243.98,19.6,19.6,1.94,0.28,0.44,0.0344
49.4607,-97.9383,0.2512,273.19,244.37,19.6,19.6,1.78,0.26,0.45,0.0299
49.4607,-97.9331,0.2307,275.76,243.6,19.6,19.6,1.54,0.29,0.44,0.0294
49.4607,-97.9279,0.2066,278.52,242.59,19.6,19.6,1.61,0.31,0.42,0.0239
49.4607,-97.9227,0.1929,280.12,241.02,19.6,19.6,1.9,0.31,0.42,0.0301
49.4607,-97.9175,0.1832,280.71,238.75,19.6,19.6,1.94,0.29,0.43,0.036
49.4607,-97.9123,0.1891,280.37,240.56,19.6,19.6,1.89,0.23,0.49,0.0332
49.4607,-97.9072,0.1735,281.76,243.5,19.6,19.6,1.79,0.18,0.54,0.035
49.4607,-97.902,0.1774,282.02,241.78,19.6,19.6,1.87,0.15,0.58,0.0357
49.4607,-97.8968,0.2416,278.99,240.66,19.6,19.6,2.29,0.13,0.61,0.0136
49.4607,-97.8916,0.2654,277.11,244.25,19.6,19.6,2.35,0.12,0.63,0.0173
49.4607,-97.8864,0.2634,277.78,247.86,19.7,19.7,2.38,0.1,0.64,0.0165
49.4607,-97.8812,0.2609,278.71,247.78,19.7,19.7,2.52,0.1,0.65,0.0153
49.4607,-97.876,0.2702,278.49,246.02,19.7,19.7,2.61,0.1,0.65,0.0226
49.4607,-97.8709,0.2648,277.57,243.44,19.8,19.8,2.26,0.1,0.64,0.0169
49.4607,-97.8657,0.2571,276.55,241.04,19.8,19.8,1.9,0.1,0.65,0.0167
49.4607,-97.8605,0.2554,275.14,241.51,19.8,19.8,1.66,0.11,0.64,0.0109
49.4607,-97.8553,0.2432,274.45,241.72,19.8,19.8,1.54,0.14,0.6,0.0132
49.4607,-97.8501,0.2454,274.69,239.46,19.8,19.8,1.41,0.14,0.6,0.0124
49.4607,-97.8449,0.2563,273.43,236.11,19.8,19.8,1.19,0.13,0.61,0.0175
49.4607,-97.8397,0.2691,272.51,233.29,19.8,19.8,0.99,0.12,0.63,0.016
49.4607,-97.8345,0.2666,273.57,231.78,19.8,19.8,0.98,0.1,0.64,0.0158
49.4607,-97.8294,0.2638,274.76,230.16,19.8,19.8,1.34,0.11,0.63,0.0217
49.4607,-97.8242,0.2835,274.13,228.59,19.8,19.8,1.79,0.11,0.63,0.016
49.4607,-97.819,0.3088,273.07,227.64,19.8,19.8,2.11,0.11,0.64,0.0171
49.4607,-97.8138,0.3141,272.51,226.72,19.8,19.8,2.21,0.1,0.65,0.019
49.4607,-97.8086,0.3,273.26,225.98,19.8,19.8,2.02,0.1,0.65,0.0175
49.4607,-97.8034,0.2781,275.3,225.94,19.8,19.8,1.92,0.1,0.65,0.0314
49.4607,-97.7982,0.269,276.52,224.56,19.8,19.8,1.95,0.1,0.65,0.0341
49.4607,-97.7931,0.2651,277.64,223.52,19.8,19.8,2.12,0.1,0.65,0.0141
49.4607,-97.7879,0.2747,278.43,224.11,19.8,19.8,2.62,0.1,0.65,0.0173
49.4607,-97.7827,0.2829,278.19,222.52,19.8,19.8,2.72,0.1,0.65,0.0186
49.4607,-97.7775,0.2859,278.14,219.1,19.8,19.8,2.72,0.1,0.65,0.0186
49.4607,-97.7723,0.2879,277.77,216.81,19.8,19.8,2.65,0.1,0.65,0.0142
49.4607,-97.7671,0.3129,275.69,214.48,19.8,19.8,2.73,0.1,0.65,0.0195
49.4607,-97.7619,0.3491,273.15,211.78,19.8,19.8,2.84,0.1,0.65,0.0192
49.4607,-97.7567,0.375,271.3,209.71,19.8,19.8,2.75,0.1,0.65,0.0266
49.4607,-97.7516,0.3752,270.12,208.57,19.8,19.8,2.66,0.1,0.65,0.0215
49.4667,-98.1198,0.1805,277.6,256.9,19.6,19.6,1.66,0.34,0.39,0.024
49.4667,-98.1146,0.2234,274.69,254.92,19.6,19.6,1.82,0.32,0.39,0.0284
49.4667,-98.1094,0.2912,270.11,252.11,19.6,19.6,2.1,0.3,0.4,0.0534
49.4667,-98.1043,0.3245,267.42,248.94,19.6,19.6,2.16,0.3,0.4,0.0677
49.4667,-98.0991,0.3113,266.11,245.03,19.6,19.6,2.02,0.3,0.4,0.0678
49.4667,-98.0939,0.2981,265.22,243.31,19.6,19.6,1.95,0.3,0.4,0.0173
49.4667,-98.0887,0.2904,264.98,244.8,19.6,19.6,1.93,0.34,0.39,0.0445
49.4667,-98.0835,0.2741,265.51,247.74,19.6,19.6,2.08,0.38,0.38,0.0155
49.4667,-98.0783,0.26,267.61,250.55,19.6,19.6,2.26,0.4,0.37,0.019
49.4667,-98.0731,0.2511,269.55,252.25,19.6,19.6,2.44,0.41,0.36,0.0178
49.4667,-98.0679,0.2639,269.25,252.0,19.5,19.5,2.62,0.41,0.37,0.0209
49.4667,-98.0628,0.2466,268.88,251.12,19.5,19.5,2.1,0.43,0.36,0.013
49.4667,-98.0576,0.2263,269.3,249.66,19.5,19.5,1.6,0.43,0.36,0.0112
49.4667,-98.0524,0.2138,270.02,247.44,19.5,19.5,1.51,0.43,0.36,0.0115
49.4667,-98.0472,0.2505,269.3,244.43,19.5,19.5,1.88,0.4,0.37,0.0137
49.4667,-98.042,0.3122,268.0,241.07,19.5,19.5,2.42,0.36,0.39,0.0215
49.4667,-98.0368,0.3449,267.2,237.58,19.5,19.5,2.49,0.32,0.4,0.0241
49.4667,-98.0316,0.3199,267.31,234.21,19.5,19.5,2.14,0.3,0.4,0.0185
49.4667,-98.0265,0.2807,268.93,232.71,19.5,19.5,2.05,0.3,0.4,0.0177
49.4667,-98.0213,0.2647,270.12,233.7,19.5,19.5,2.24,0.3,0.4,0.0165
49.4667,-98.0161,0.256,269.52,235.92,19.5,19.5,2.18,0.3,0.4,0.0153
49.4667,-98.0109,0.2352,270.21,238.66,19.5,19.5,2.1,0.31,0.4,0.0123
49.4667,-98.0057,0.2216,272.3,241.22,19.6,19.6,2.17,0.32,0.4,0.0124
49.4667,-98.0005,0.2308,273.02,242.99,19.6,19.6,2.52,0.33,0.4,0.0208
49.4667,-97.9953,0.2182,272.7,244.04,19.6,19.6,2.32,0.37,0.39,0.0487
49.4667,-97.9901,0.2066,271.52,244.19,19.6,19.6,1.67,0.39,0.38,0.0299
49.4667,-97.985,0.1922,270.41,244.21,19.6,19.6,1.04,0.43,0.36,0.0159
49.4667,-97.9798,0.1968,270.65,243.9,19.6,19.6,1.19,0.44,0.36,0.0173
49.4667,-97.9746,0.2214,271.65,241.88,19.6,19.6,1.75,0.39,0.38,0.0318
49.4667,-97.9694,0.2395,272.08,240.41,19.6,19.6,1.97,0.35,0.39,0.0328
49.4667,-97.9642,0.2398,272.58,240.64,19.6,19.6,1.91,0.32,0.41,0.0133
49.4667,-97.959,0.2275,273.99,241.69,19.6,19.6,1.93,0.28,0.44,0.0133
49.4667,-97.9538,0.2509,274.38,242.47,19.6,19.6,2.28,0.25,0.47,0.0158
49.4667,-97.9487,0.273,273.49,242.05,19.6,19.6,2.39,0.22,0.51,0.0577
49.4667,-97.9435,0.268,273.29,241.58,19.6,19.6,2.26,0.24,0.5,0.052
49.4667,-97.9383,0.2427,274.44,241.47,19.6,19.6,1.91,0.25,0.5,0.0388
49.4667,-97.9331,0.2107,277.2,240.59,19.6,19.6,1.61,0.25,0.5,0.0253
49.4667,-97.9279,0.1851,280.41,239.55,19.6,19.6,1.88,0.26,0.48,0.0134
49.4667,-97.9227,0.1562,284.1,239.61,19.6,19.6,2.4,0.24,0.48,0.0165
49.4667,-97.9175,0.1605,284.32,240.41,19.6,19.6,2.54,0.23,0.49,0.0211
49.4667,-97.9123,0.2029,281.22,242.94,19.6,19.6,2.45,0.2,0.52,0.0202
49.4667,-97.9072,0.1743,282.91,246.16,19.6,19.6,2.06,0.15,0.58,0.0197
49.4667,-97.902,0.1488,284.75,243.09,19.6,19.6,1.96,0.12,0.63,0.0149
49.4667,-97.8968,0.2439,278.87,239.04,19.6,19.6,2.26,0.11,0.64,0.0162
49.4667,-97.8916,0.2735,275.1,241.45,19.7,19.7,2.2,0.1,0.65,0.0144
49.4667,-97.8864,0.2572,276.44,244.22,19.7,19.7,2.84,0.1,0.65,0.016
49.4667,-97.8812,0.2412,277.83,244.6,19.7,19.7,3.22,0.1,0.65,0.0887
49.4667,-97.876,0.2439,278.5,244.31,19.7,19.7,3.07,0.1,0.65,0.0949
49.4667,-97.8709,0.2458,278.89,243.1,19.8,19.8,2.93,0.1,0.65,0.08
49.4667,-97.8657,0.2496,278.59,241.66,19.8,19.8,2.51,0.1,0.65,0.0187
49.4667,-97.8605,0.2527,277.63,242.45,19.8,19.8,2.9,0.12,0.62,0.017
49.4667,-97.8553,0.2423,278.26,244.0,19.8,19.8,3.24,0.14,0.6,0.0216
49.4667,-97.8501,0.2246,279.65,243.47,19.8,19.8,3.0,0.15,0.59,0.0175
49.4667,-97.8449,0.2361,278.56,241.47,19.8,19.8,2.55,0.15,0.59,0.0126
49.4667,-97.8397,0.2554,276.74,240.11,19.8,19.8,2.15,0.13,0.61,0.0129
49.4667,-97.8345,0.2717,275.85,239.2,19.8,19.8,2.02,0.16,0.58,0.0475
49.4667,-97.8294,0.2902,274.99,236.43,19.8,19.8,2.14,0.17,0.57,0.0526
49.4667,-97.8242,0.3141,273.74,233.1,19.8,19.8,2.39,0.17,0.57,0.0138
49.4667,-97.819,0.3321,272.69,230.59,19.8,19.8,2.53,0.15,0.59,0.0208
49.4667,-97.8138,0.3019,272.53,227.61,19.8,19.8,2.08,0.12,0.63,0.0151
49.4667,-97.8086,0.2549,275.53,224.86,19.8,19.8,1.46,0.1,0.64,0.0285
49.4667,-97.8034,0.1774,281.07,224.78,19.8,19.8,0.89,0.1,0.65,0.0192
49.4667,-97.7982,0.1569,282.56,224.96,19.8,19.8,0.82,0.1,0.65,0.0151
49.4667,-97.7931,0.1911,281.5,225.37,19.8,19.8,1.41,0.1,0.65,0.0328
49.4667,-97.7879,0.2259,280.79,226.27,19.8,19.8,1.97,0.1,0.65,0.0421
49.4667,-97.7827,0.2392,280.45,224.41,19.8,19.8,2.26,0.1,0.65,0.016
49.4667,-97.7775,0.2586,279.39,219.95,19.8,19.8,2.46,0.1,0.65,0.0211
49.4667,-97.7723,0.2766,276.95,216.01,19.8,19.8,2.25,0.1,0.65,0.0148
49.4667,-97.7671,0.2877,274.98,213.37,19.8,19.8,2.08,0.1,0.65,0.0153
49.4667,-97.7619,0.308,273.45,210.95,19.8,19.8,2.23,0.1,0.65,0.0181
49.4667,-97.7567,0.3322,271.78,209.11,19.8,19.8,2.35,0.1,0.65,0.0187
49.4667,-97.7516,0.3583,269.94,208.15,19.8,19.8,2.44,0.1,0.65,0.0178
49.4727,-98.1198,0.1865,275.64,253.21,19.6,19.6,0.94,0.3,0.4,0.0108
49.4727,-98.1146,0.211,274.24,251.86,19.6,19.6,1.22,0.3,0.4,0.0217
49.4727,-98.1094,0.2598,271.18,251.14,19.6,19.6,1.64,0.3,0.4,0.0174
49.4727,-98.1043,0.3051,269.46,250.03,19.6,19.6,2.16,0.3,0.4,0.0199
49.4727,-98.0991,0.3226,268.32,247.78,19.6,19.6,2.4,0.3,0.4,0.0205
49.4727,-98.0939,0.3283,267.25,247.82,19.6,19.6,2.54,0.3,0.4,0.0229
49.4727,-98.0887,0.3036,267.18,250.29,19.6,19.6,2.37,0.3,0.4,0.0179
49.4727,-98.0835,0.2958,267.93,252.55,19.6,19.6,2.43,0.3,0.4,0.0193
49.4727,-98.0783,0.2909,269.33,253.65,19.6,19.6,2.4,0.3,0.4,0.0211
49.4727,-98.0731,0.3009,269.3,252.81,19.6,19.6,2.31,0.31,0.4,0.0181
49.4727,-98.0679,0.3129,267.67,250.52,19.5,19.5,2.0,0.31,0.4,0.0167
49.4727,-98.0628,0.2906,266.35,248.15,19.5,19.5,1.48,0.32,0.39,0.035
49.4727,-98.0576,0.2591,265.19,244.89,19.5,19.5,1.03,0.34,0.39,0.021
49.4727,-98.0524,0.244,264.81,240.94,19.5,19.5,0.76,0.32,0.4,0.0156
49.4727,-98.0472,0.2533,264.99,237.32,19.5,19.5,0.99,0.3,0.41,0.0162
49.4727,-98.042,0.2768,265.06,235.1,19.5,19.5,1.57,0.3,0.41,0.0154
49.4727,-98.0368,0.3171,265.06,233.97,19.5,19.5,2.09,0.29,0.41,0.0179
49.4727,-98.0316,0.3211,265.36,232.91,19.5,19.5,2.2,0.3,0.4,0.0187
49.4727,-98.0265,0.2949,266.05,232.04,19.5,19.5,2.07,0.3,0.4,0.0163
49.4727,-98.0213,0.2684,266.23,232.26,19.5,19.5,1.81,0.3,0.4,0.014
49.4727,-98.0161,0.2596,266.2,234.39,19.5,19.5,1.59,0.3,0.4,0.0258
49.4727,-98.0109,0.2455,268.52,238.41,19.5,19.5,1.73,0.33,0.39,0.0343
49.4727,-98.0057,0.2452,270.86,241.56,19.6,19.6,2.19,0.36,0.38,0.0471
49.4727,-98.0005,0.2659,271.43,243.7,19.6,19.6,2.7,0.41,0.37,0.0247
49.4727,-97.9953,0.2681,271.69,245.4,19.6,19.6,2.53,0.44,0.36,0.0211
49.4727,-97.9901,0.2486,271.75,246.12,19.6,19.6,1.9,0.41,0.37,0.049
49.4727,-97.985,0.2389,271.67,245.99,19.6,19.6,1.36,0.36,0.39,0.0211
49.4727,-97.9798,0.2516,270.85,244.61,19.6,19.6,1.36,0.31,0.41,0.0239
49.4727,-97.9746,0.2571,269.67,241.38,19.6,19.6,1.62,0.3,0.41,0.0306
49.4727,-97.9694,0.2595,268.93,238.92,19.6,19.6,1.84,0.31,0.41,0.0464
49.4727,-97.9642,0.2499,269.35,238.92,19.6,19.6,1.83,0.32,0.42,0.0338
49.4727,-97.959,0.2438,271.84,239.66,19.6,19.6,2.0,0.34,0.42,0.0392
49.4727,-97.9538,0.2447,273.96,239.14,19.6,19.6,2.28,0.33,0.45,0.0156
49.4727,-97.9487,0.2691,273.34,238.49,19.6,19.6,2.4,0.32,0.45,0.0165
49.4727,-97.9435,0.2648,273.22,239.48,19.6,19.6,2.32,0.34,0.45,0.0188
49.4727,-97.9383,0.2539,274.62,240.83,19.6,19.6,2.2,0.33,0.44,0.017
49.4727,-97.9331,0.2297,277.51,240.4,19.6,19.6,2.49,0.31,0.44,0.0141
49.4727,-97.9279,0.1913,281.06,239.25,19.6,19.6,2.42,0.28,0.46,0.0126
49.4727,-97.9227,0.1309,285.27,240.48,19.6,19.6,2.35,0.27,0.47,0.0168
49.4727,-97.9175,0.1128,284.91,242.37,19.6,19.6,1.97,0.27,0.47,0.0107
49.4727,-97.9123,0.1486,282.39,245.09,19.6,19.6,1.55,0.23,0.52,0.0261
49.4727,-97.9072,0.1655,282.42,247.99,19.6,19.6,1.48,0.18,0.57,0.032
49.4727,-97.902,0.1675,282.41,243.18,19.6,19.6,1.61,0.12,0.63,0.0314
49.4727,-97.8968,0.2176,277.92,237.9,19.6,19.6,1.76,0.1,0.65,0.0366
49.4727,-97.8916,0.2447,274.67,238.85,19.7,19.7,2.16,0.1,0.65,0.0462
49.4727,-97.8864,0.2473,274.88,240.89,19.7,19.7,2.74,0.1,0.65,0.0632
49.4727,-97.8812,0.2324,276.01,241.43,19.7,19.7,2.94,0.1,0.65,0.1163
49.4727,-97.876,0.217,277.22,241.6,19.7,19.7,2.47,0.1,0.65,0.0499
49.4727,-97.8709,0.2089,278.55,241.23,19.8,19.8,2.35,0.11,0.64,0.0516
49.4727,-97.8657,0.2332,278.7,240.74,19.8,19.8,2.4,0.13,0.62,0.0462
49.4727,-97.8605,0.2545,278.33,242.47,19.8,19.8,3.16,0.14,0.6,0.0205
49.4727,-97.8553,0.2524,279.46,245.85,19.8,19.8,3.87,0.16,0.58,0.0258
49.4727,-97.8501,0.249,280.26,247.1,19.8,19.8,3.7,0.15,0.58,0.0227
49.4727,-97.8449,0.2667,279.05,245.99,19.8,19.8,3.42,0.17,0.57,0.0306
49.4727,-97.8397,0.2577,277.42,244.7,19.8,19.8,2.93,0.19,0.54,0.0202
49.4727,-97.8345,0.2337,276.67,243.28,19.8,19.8,2.49,0.22,0.5,0.0175
49.4727,-97.8294,0.2209,275.33,240.26,19.8,19.8,2.19,0.24,0.48,0.0185
49.4727,-97.8242,0.2343,273.47,237.63,19.8,19.8,1.91,0.23,0.49,0.0133
49.4727,-97.819,0.2726,272.5,235.6,19.8,19.8,1.82,0.17,0.56,0.0135
49.4727,-97.8138,0.2685,272.65,232.51,19.8,19.8,1.42,0.14,0.6,0.0228
49.4727,-97.8086,0.2334,274.94,228.15,19.8,19.8,0.94,0.11,0.63,0.0171
49.4727,-97.8034,0.1973,277.75,226.79,19.8,19.8,0.77,0.1,0.65,0.0214
49.4727,-97.7982,0.2066,277.86,227.43,19.8,19.8,0.96,0.1,0.65,0.021
49.4727,-97.7931,0.2293,278.05,229.28,19.8,19.8,1.54,0.1,0.65,0.0293
49.4727,-97.7879,0.2551,277.99,231.14,19.8,19.8,2.19,0.1,0.65,0.0161
49.4727,-97.7827,0.2775,277.4,228.71,19.8,19.8,2.4,0.1,0.65,0.0191
49.4727,-97.7775,0.2709,277.46,222.05,19.8,19.8,2.24,0.1,0.65,0.0179
49.4727,-97.7723,0.2656,276.47,215.54,19.8,19.8,1.87,0.1,0.65,0.0136
49.4727,-97.7671,0.2871,273.09,212.34,19.8,19.8,1.66,0.1,0.65,0.0149
49.4727,-97.7619,0.3272,269.4,210.78,19.8,19.8,1.78,0.1,0.65,0.0184
49.4727,-97.7567,0.3527,266.55,209.35,19.8,19.8,1.85,0.1,0.65,0.0177
49.4727,-97.7516,0.3659,264.73,208.43,19.8,19.8,1.85,0.1,0.65,0.0191
49.4787,-98.1198,0.2067,273.69,248.69,19.6,19.6,1.11,0.3,0.4,0.0186
49.4787,-98.1146,0.2299,272.7,247.83,19.6,19.6,1.71,0.3,0.4,0.0125
49.4787,-98.1094,0.2777,270.26,248.3,19.6,19.6,2.2,0.3,0.4,0.0161
49.4787,-98.1043,0.3152,269.17,248.47,19.6,19.6,2.68,0.3,0.4,0.0262
49.4787,-98.0991,0.3247,268.44,248.13,19.6,19.6,2.58,0.3,0.4,0.0179
49.4787,-98.0939,0.314,267.67,249.53,19.6,19.6,2.5,0.3,0.4,0.0192
49.4787,-98.0887,0.2945,267.35,251.87,19.6,19.6,2.38,0.3,0.4,0.0181
49.4787,-98.0835,0.311,267.48,253.26,19.6,19.6,2.53,0.3,0.4,0.0218
49.4787,-98.0783,0.3249,267.45,252.78,19.6,19.6,2.6,0.31,0.4,0.0256
49.4787,-98.0731,0.3671,265.92,249.73,19.6,19.6,2.44,0.34,0.39,0.0289
49.4787,-98.0679,0.3452,264.21,246.38,19.5,19.5,1.91,0.34,0.39,0.0591
49.4787,-98.0628,0.2959,263.04,243.38,19.5,19.5,1.2,0.33,0.39,0.024
49.4787,-98.0576,0.2963,262.04,239.59,19.5,19.5,1.09,0.34,0.39,0.024
49.4787,-98.0524,0.2948,262.19,235.84,19.5,19.5,1.25,0.32,0.39,0.0261
49.4787,-98.0472,0.2812,262.66,233.86,19.5,19.5,1.41,0.32,0.39,0.024
49.4787,-98.042,0.2917,262.85,233.35,19.5,19.5,1.69,0.31,0.4,0.0142
49.4787,-98.0368,0.3157,263.36,233.35,19.5,19.5,2.19,0.3,0.4,0.0195
49.4787,-98.0316,0.3259,264.18,232.86,19.5,19.5,2.26,0.3,0.4,0.0207
49.4787,-98.0265,0.3209,264.81,231.37,19.5,19.5,1.99,0.3,0.4,0.0148
49.4787,-98.0213,0.2995,264.41,230.15,19.5,19.5,1.63,0.3,0.4,0.0135
49.4787,-98.0161,0.28,264.22,232.29,19.5,19.5,1.28,0.3,0.4,0.0283
49.4787,-98.0109,0.247,266.86,237.28,19.5,19.5,1.26,0.34,0.39,0.0208
49.4787,-98.0057,0.2362,269.47,240.4,19.6,19.6,1.54,0.41,0.36,0.0337
49.4787,-98.0005,0.2518,270.18,242.47,19.6,19.6,1.92,0.47,0.34,0.0426
49.4787,-97.9953,0.3016,270.72,244.91,19.6,19.6,2.34,0.48,0.34,0.0229
49.4787,-97.9901,0.2937,271.42,246.19,19.6,19.6,2.41,0.43,0.36,0.0694
49.4787,-97.985,0.248,272.09,244.96,19.6,19.6,1.96,0.37,0.38,0.0464
49.4787,-97.9798,0.211,271.69,242.62,19.6,19.6,1.24,0.33,0.4,0.021
49.4787,-97.9746,0.2105,269.54,239.35,19.6,19.6,1.07,0.31,0.41,0.0175
49.4787,-97.9694,0.2259,268.02,236.79,19.6,19.6,1.41,0.36,0.4,0.0221
49.4787,-97.9642,0.243,268.97,236.15,19.6,19.6,1.86,0.43,0.37,0.0136
49.4787,-97.959,0.2436,272.42,236.24,19.6,19.6,2.4,0.48,0.36,0.0164
49.4787,-97.9538,0.2173,274.92,236.13,19.6,19.6,2.41,0.51,0.34,0.0138
49.4787,-97.9487,0.2277,273.72,236.82,19.6,19.6,2.12,0.46,0.36,0.0133
49.4787,-97.9435,0.2383,272.89,239.67,19.6,19.6,2.05,0.4,0.38,0.0155
49.4787,-97.9383,0.2141,275.28,243.09,19.6,19.6,2.06,0.36,0.39,0.0139
49.4787,-97.9331,0.1917,278.9,243.98,19.6,19.6,2.4,0.33,0.4,0.0134
49.4787,-97.9279,0.1834,280.52,243.2,19.6,19.6,2.73,0.29,0.43,0.0138
49.4787,-97.9227,0.199,280.5,241.67,19.6,19.6,2.84,0.27,0.45,0.0125
49.4787,-97.9175,0.1948,279.06,240.85,19.6,19.6,2.79,0.25,0.49,0.0123
49.4787,-97.9123,0.2043,278.16,242.45,19.6,19.6,2.87,0.21,0.55,0.0683
49.4787,-97.9072,0.201,280.02,243.06,19.6,19.6,2.56,0.17,0.59,0.0625
49.4787,-97.902,0.1937,280.64,239.19,19.6,19.6,2.52,0.12,0.63,0.0579
49.4787,-97.8968,0.237,277.53,237.01,19.6,19.6,2.5,0.1,0.65,0.056
49.4787,-97.8916,0.2657,274.5,237.91,19.7,19.7,2.4,0.1,0.65,0.0465
49.4787,-97.8864,0.2809,273.21,237.68,19.7,19.7,2.25,0.1,0.65,0.0563
49.4787,-97.8812,0.2705,273.46,237.01,19.7,19.7,2.01,0.1,0.65,0.0334
49.4787,-97.876,0.2555,275.05,236.97,19.7,19.7,1.63,0.1,0.65,0.0331
49.4787,-97.8709,0.2431,277.2,238.03,19.8,19.8,1.67,0.1,0.65,0.0347
49.4787,-97.8657,0.2428,278.24,240.44,19.8,19.8,2.07,0.12,0.63,0.0129
49.4787,-97.8605,0.2476,279.09,242.64,19.8,19.8,2.55,0.13,0.61,0.0141
49.4787,-97.8553,0.2223,280.98,245.15,19.8,19.8,2.85,0.15,0.59,0.0169
49.4787,-97.8501,0.1868,281.32,247.21,19.8,19.8,2.57,0.17,0.57,0.0215
49.4787,-97.8449,0.2117,279.09,246.6,19.8,19.8,2.55,0.18,0.55,0.0168
49.4787,-97.8397,0.2251,277.27,244.95,19.8,19.8,2.13,0.19,0.54,0.0137
49.4787,-97.8345,0.1948,276.29,244.02,19.8,19.8,1.55,0.22,0.5,0.0137
49.4787,-97.8294,0.1841,274.59,242.25,19.8,19.8,1.1,0.23,0.49,0.0087
49.4787,-97.8242,0.191,273.03,240.55,19.8,19.8,0.93,0.22,0.49,0.01
49.4787,-97.819,0.2333,272.32,239.06,19.8,19.8,1.17,0.2,0.52,0.0167
49.4787,-97.8138,0.2571,271.99,236.23,19.8,19.8,1.21,0.16,0.57,0.0198
49.4787,-97.8086,0.237,272.57,232.79,19.8,19.8,0.81,0.14,0.6,0.0176
49.4787,-97.8034,0.2085,275.03,231.86,19.8,19.8,0.93,0.14,0.6,0.0129
49.4787,-97.7982,0.2141,277.58,231.74,19.8,19.8,1.58,0.13,0.61,0.0137
49.4787,-97.7931,0.2429,279.54,232.5,19.8,19.8,2.46,0.12,0.62,0.0189
49.4787,-97.7879,0.2773,279.94,233.5,19.8,19.8,3.05,0.1,0.64,0.0282
49.4787,-97.7827,0.2938,278.45,229.92,19.8,19.8,2.98,0.1,0.65,0.0237
49.4787,-97.7775,0.3112,276.53,222.46,19.8,19.8,2.86,0.1,0.65,0.0211
49.4787,-97.7723,0.3384,273.07,216.34,19.8,19.8,2.61,0.1,0.65,0.0298
49.4787,-97.7671,0.3732,268.53,213.88,19.8,19.8,2.39,0.1,0.65,0.0231
49.4787,-97.7619,0.4031,264.93,212.43,19.8,19.8,2.27,0.1,0.65,0.0246
49.4787,-97.7567,0.3961,262.35,211.19,19.8,19.8,2.11,0.1,0.65,0.0204
49.4787,-97.7516,0.4095,260.06,210.73,19.8,19.8,2.08,0.1,0.65,0.0214
49.4846,-98.1198,0.2136,273.56,246.8,19.6,19.6,1.82,0.27,0.44,0.0333
49.4846,-98.1146,0.2368,272.22,246.03,19.6,19.6,2.67,0.27,0.44,0.0152
49.4846,-98.1094,0.2737,270.01,246.53,19.6,19.6,3.32,0.27,0.44,0.0244
49.4846,-98.1043,0.3043,268.84,247.24,19.6,19.6,3.92,0.28,0.43,0.0233
49.4846,-98.0991,0.3032,267.51,247.41,19.6,19.6,3.62,0.29,0.41,0.0281
49.4846,-98.0939,0.2985,266.74,248.46,19.6,19.6,3.06,0.3,0.4,0.0255
49.4846,-98.0887,0.2982,266.04,250.13,19.6,19.6,2.5,0.3,0.4,0.0186
49.4846,-98.0835,0.3195,265.64,250.78,19.6,19.6,2.48,0.31,0.4,0.0234
49.4846,-98.0783,0.3695,265.86,249.74,19.6,19.6,2.77,0.34,0.39,0.0353
49.4846,-98.0731,0.3638,264.71,247.13,19.6,19.6,2.58,0.36,0.38,0.028
49.4846,-98.0679,0.3352,263.1,244.35,19.5,19.5,2.05,0.38,0.37,0.0221
49.4846,-98.0628,0.3177,262.31,241.67,19.5,19.5,1.74,0.37,0.38,0.0175
49.4846,-98.0576,0.3073,262.37,238.47,19.5,19.5,1.74,0.35,0.38,0.0173
49.4846,-98.0524,0.3038,263.96,235.26,19.5,19.5,1.91,0.36,0.38,0.0185
49.4846,-98.0472,0.3027,265.11,233.64,19.5,19.5,2.14,0.36,0.38,0.0166
49.4846,-98.042,0.2993,264.74,233.79,19.5,19.5,2.2,0.34,0.39,0.0179
49.4846,-98.0368,0.3149,264.48,234.02,19.5,19.5,2.33,0.32,0.39,0.0257
49.4846,-98.0316,0.3292,264.25,233.03,19.5,19.5,2.33,0.33,0.39,0.0221
49.4846,-98.0265,0.3434,263.99,230.9,19.5,19.5,2.19,0.35,0.38,0.0241
49.4846,-98.0213,0.33,263.3,228.91,19.5,19.5,1.9,0.36,0.38,0.0217
49.4846,-98.0161,0.3191,262.83,230.12,19.5,19.5,1.72,0.37,0.38,0.0154
49.4846,-98.0109,0.2743,265.19,233.9,19.5,19.5,1.51,0.41,0.36,0.0133
49.4846,-98.0057,0.2452,267.61,236.78,19.6,19.6,1.32,0.47,0.34,0.0255
49.4846,-98.0005,0.2401,267.87,238.84,19.6,19.6,1.26,0.51,0.33,0.0218
49.4846,-97.9953,0.248,267.93,241.29,19.6,19.6,1.62,0.51,0.33,0.0354
49.4846,-97.9901,0.2569,269.24,243.6,19.6,19.6,2.09,0.45,0.35,0.0547
49.4846,-97.985,0.2347,270.01,242.45,19.6,19.6,1.85,0.42,0.36,0.0403
49.4846,-97.9798,0.2244,269.12,238.9,19.6,19.6,1.63,0.39,0.37,0.0302
49.4846,-97.9746,0.2248,267.94,235.11,19.6,19.6,1.34,0.39,0.37,0.0227
49.4846,-97.9694,0.2178,268.16,232.98,19.6,19.6,1.18,0.44,0.36,0.0099
49.4846,-97.9642,0.2142,270.49,232.82,19.6,19.6,1.56,0.47,0.36,0.0139
49.4846,-97.959,0.2113,273.54,233.5,19.6,19.6,1.87,0.47,0.36,0.0146
49.4846,-97.9538,0.2216,274.17,234.86,19.6,19.6,1.93,0.46,0.37,0.0111
49.4846,-97.9487,0.252,272.31,237.28,19.6,19.6,1.9,0.4,0.4,0.0128
49.4846,-97.9435,0.2516,272.24,240.02,19.6,19.6,1.91,0.36,0.41,0.0156
49.4846,-97.9383,0.2327,274.31,242.64,19.6,19.6,1.93,0.31,0.43,0.0351
49.4846,-97.9331,0.2161,276.83,243.89,19.6,19.6,2.0,0.28,0.42,0.0122
49.4846,-97.9279,0.2304,277.83,243.68,19.6,19.6,2.31,0.27,0.44,0.0126
49.4846,-97.9227,0.2478,277.27,242.88,19.6,19.6,3.26,0.21,0.51,0.0186
49.4846,-97.9175,0.2797,274.42,242.55,19.6,19.6,3.82,0.16,0.57,0.024
49.4846,-97.9123,0.2866,274.06,243.31,19.6,19.6,3.99,0.13,0.62,0.0294
49.4846,-97.9072,0.2458,277.41,241.83,19.6,19.6,3.89,0.11,0.64,0.024
49.4846,-97.902,0.2488,277.91,237.97,19.6,19.6,3.2,0.1,0.65,0.0199
49.4846,-97.8968,0.2819,274.27,236.95,19.6,19.6,2.74,0.1,0.65,0.0584
49.4846,-97.8916,0.3138,272.68,238.93,19.7,19.7,2.52,0.1,0.65,0.0742
49.4846,-97.8864,0.3268,273.27,238.67,19.7,19.7,2.51,0.1,0.65,0.017
49.4846,-97.8812,0.3306,273.72,236.64,19.7,19.7,2.67,0.1,0.65,0.022
49.4846,-97.876,0.308,275.18,235.27,19.7,19.7,2.74,0.1,0.65,0.0183
49.4846,-97.8709,0.2731,277.34,236.35,19.8,19.8,2.63,0.1,0.65,0.0136
49.4846,-97.8657,0.2566,278.24,239.96,19.8,19.8,2.41,0.1,0.65,0.0158
49.4846,-97.8605,0.2325,277.99,242.16,19.8,19.8,1.89,0.1,0.65,0.0128
49.4846,-97.8553,0.1861,278.62,242.86,19.8,19.8,1.58,0.14,0.61,0.015
49.4846,-97.8501,0.1673,278.83,243.62,19.8,19.8,1.34,0.18,0.55,0.013
49.4846,-97.8449,0.1777,276.82,242.95,19.8,19.8,1.24,0.22,0.5,0.0232
49.4846,-97.8397,0.1951,275.17,241.65,19.8,19.8,1.33,0.24,0.47,0.0215
49.4846,-97.8345,0.2008,274.49,241.87,19.8,19.8,1.51,0.24,0.48,0.0237
49.4846,-97.8294,0.1876,273.42,241.6,19.8,19.8,1.37,0.23,0.49,0.0102
49.4846,-97.8242,0.2075,272.36,240.67,19.8,19.8,2.05,0.24,0.48,0.0114
49.4846,-97.819,0.2496,272.07,239.99,19.8,19.8,2.55,0.25,0.47,0.0172
49.4846,-97.8138,0.2493,272.76,238.75,19.8,19.8,2.35,0.24,0.47,0.0148
49.4846,-97.8086,0.2228,274.44,236.73,19.8,19.8,1.81,0.24,0.48,0.0288
49.4846,-97.8034,0.197,276.54,235.82,19.8,19.8,1.66,0.24,0.47,0.0259
49.4846,-97.7982,0.2095,278.19,235.96,19.8,19.8,2.1,0.23,0.49,0.0159
49.4846,-97.7931,0.2333,279.87,237.38,19.8,19.8,2.76,0.19,0.53,0.0207
49.4846,-97.7879,0.2698,280.39,237.72,19.8,19.8,3.32,0.14,0.59,0.0252
49.4846,-97.7827,0.3043,278.53,232.98,19.8,19.8,3.2,0.11,0.64,0.0303
49.4846,-97.7775,0.319,276.19,225.54,19.8,19.8,2.94,0.1,0.65,0.0256
49.4846,-97.7723,0.3213,274.01,219.46,19.8,19.8,2.6,0.1,0.65,0.027
49.4846,-97.7671,0.3573,269.09,215.08,19.8,19.8,2.32,0.1,0.65,0.0275
49.4846,-97.7619,0.4207,262.47,211.37,19.8,19.8,2.16,0.1,0.65,0.0288
49.4846,-97.7567,0.4327,257.68,209.01,19.8,19.8,1.9,0.1,0.65,0.0218
49.4846,-97.7516,0.4416,255.02,207.94,19.8,19.8,1.79,0.1,0.65,0.0251
49.4906,-98.1198,,274.15,249.03,19.6,19.6,4.0,0.26,0.45,
49.4906,-98.1146,,272.89,248.63,19.6,19.6,4.48,0.28,0.45,
49.4906,-98.1094,,270.09,248.96,19.6,19.6,4.73,0.3,0.44,
49.4906,-98.1043,,268.25,248.51,19.6,19.6,4.83,0.32,0.42,
49.4906,-98.0991,,266.84,247.01,19.6,19.6,4.12,0.33,0.41,
49.4906,-98.0939,0.2684,265.46,246.72,19.6,19.6,3.16,0.31,0.41,0.1369
49.4906,-98.0887,0.2809,264.14,247.58,19.6,19.6,2.87,0.29,0.43,0.0929
49.4906,-98.0835,0.3125,263.82,248.02,19.6,19.6,2.52,0.27,0.46,0.0644
49.4906,-98.0783,0.3524,264.23,246.93,19.6,19.6,2.53,0.3,0.44,0.0231
49.4906,-98.0731,0.3986,263.41,245.75,19.6,19.6,2.6,0.34,0.41,0.031
49.4906,-98.0679,0.3715,262.66,245.3,19.5,19.5,2.31,0.34,0.4,0.0294
49.4906,-98.0628,0.3168,262.7,244.11,19.5,19.5,2.03,0.36,0.38,0.0223
49.4906,-98.0576,0.3194,263.53,241.64,19.5,19.5,2.11,0.37,0.38,0.024
49.4906,-98.0524,0.3017,265.46,238.57,19.5,19.5,2.08,0.4,0.37,0.0194
49.4906,-98.0472,0.2781,266.16,236.66,19.5,19.5,1.84,0.39,0.37,0.0162
49.4906,-98.042,0.2834,264.85,236.34,19.5,19.5,1.71,0.38,0.37,0.0144
49.4906,-98.0368,0.2977,263.73,236.08,19.5,19.5,1.8,0.36,0.38,0.0193
49.4906,-98.0316,0.3102,263.21,234.16,19.5,19.5,1.78,0.36,0.38,0.0186
49.4906,-98.0265,0.2841,263.11,231.32,19.5,19.5,1.42,0.38,0.37,0.0106
49.4906,-98.0213,0.2797,262.74,229.53,19.5,19.5,1.15,0.38,0.37,0.0274
49.4906,-98.0161,0.2683,261.9,229.85,19.5,19.5,0.91,0.4,0.37,0.0184
49.4906,-98.0109,0.2654,262.96,231.13,19.5,19.5,0.89,0.44,0.35,0.0175
49.4906,-98.0057,0.2306,264.42,232.66,19.6,19.6,0.7,0.49,0.34,0.016
49.4906,-98.0005,0.226,264.23,234.26,19.6,19.6,0.63,0.55,0.32,0.0128
49.4906,-97.9953,0.2227,264.38,236.1,19.6,19.6,0.69,0.57,0.31,0.0137
49.4906,-97.9901,0.2135,266.97,237.28,19.6,19.6,0.94,0.52,0.33,0.0143
49.4906,-97.985,0.2026,270.04,235.87,19.6,19.6,1.27,0.5,0.33,0.0191
49.4906,-97.9798,0.2199,269.32,233.29,19.6,19.6,1.48,0.46,0.35,0.0271
49.4906,-97.9746,0.2513,267.03,231.36,19.6,19.6,1.49,0.43,0.38,0.0094
49.4906,-97.9694,0.2704,267.41,230.06,19.6,19.6,1.51,0.4,0.4,0.0115
49.4906,-97.9642,0.2322,270.57,230.01,19.6,19.6,1.29,0.39,0.4,0.0183
49.4906,-97.959,0.2052,272.48,231.18,19.6,19.6,1.1,0.4,0.39,0.0164
49.4906,-97.9538,0.2245,270.86,233.35,19.6,19.6,1.59,0.39,0.39,0.0111
49.4906,-97.9487,0.2678,269.5,235.96,19.6,19.6,2.03,0.37,0.4,0.0156
49.4906,-97.9435,0.2703,270.74,237.81,19.6,19.6,2.48,0.34,0.42,0.0175
49.4906,-97.9383,0.2705,272.39,239.46,19.6,19.6,2.36,0.31,0.44,0.0159
49.4906,-97.9331,0.2713,273.57,241.21,19.6,19.6,2.08,0.25,0.47,0.045
49.4906,-97.9279,0.2701,274.3,242.11,19.6,19.6,1.9,0.2,0.52,0.0376
49.4906,-97.9227,0.2802,274.52,241.86,19.6,19.6,2.58,0.16,0.57,0.0733
49.4906,-97.9175,0.2906,273.43,241.78,19.6,19.6,3.29,0.12,0.62,0.1347
49.4906,-97.9123,0.291,273.12,241.55,19.6,19.6,3.46,0.1,0.65,0.0261
49.4906,-97.9072,0.2611,275.04,239.8,19.6,19.6,3.11,0.1,0.65,0.0238
49.4906,-97.902,0.2562,275.59,236.65,19.6,19.6,2.24,0.1,0.65,0.0149
49.4906,-97.8968,0.2879,272.77,235.8,19.6,19.6,2.08,0.1,0.65,0.0464
49.4906,-97.8916,0.3062,271.76,237.32,19.7,19.7,2.07,0.1,0.65,0.0174
49.4906,-97.8864,0.3084,272.93,237.48,19.7,19.7,2.31,0.11,0.64,0.0157
49.4906,-97.8812,0.3179,273.77,235.86,19.7,19.7,2.77,0.12,0.62,0.0205
49.4906,-97.876,0.3125,275.06,233.97,19.7,19.7,3.21,0.13,0.61,0.0261
49.4906,-97.8709,0.2666,276.64,234.01,19.8,19.8,2.79,0.14,0.6,0.0208
49.4906,-97.8657,0.2452,276.41,236.37,19.8,19.8,2.08,0.13,0.62,0.0337
49.4906,-97.8605,0.2384,274.61,238.15,19.8,19.8,1.23,0.12,0.63,0.0186
49.4906,-97.8553,0.2255,274.25,238.82,19.8,19.8,0.75,0.13,0.61,0.0133
49.4906,-97.8501,0.2009,275.44,239.7,19.8,19.8,1.0,0.17,0.56,0.0172
49.4906,-97.8449,0.2108,274.66,239.14,19.8,19.8,1.44,0.23,0.49,0.0193
49.4906,-97.8397,0.2183,273.52,237.62,19.8,19.8,1.6,0.26,0.45,0.0243
49.4906,-97.8345,0.2134,273.17,237.81,19.8,19.8,1.67,0.24,0.47,0.0135
49.4906,-97.8294,0.2048,272.59,238.27,19.8,19.8,1.68,0.22,0.5,0.0111
49.4906,-97.8242,0.2079,272.05,238.04,19.8,19.8,2.06,0.22,0.5,0.014
49.4906,-97.819,0.2567,272.02,237.96,19.8,19.8,2.7,0.2,0.52,0.0206
49.4906,-97.8138,0.2889,272.61,237.53,19.8,19.8,2.93,0.21,0.51,0.0199
49.4906,-97.8086,0.2669,274.1,236.4,19.8,19.8,2.6,0.22,0.5,0.0184
49.4906,-97.8034,0.243,276.18,235.9,19.8,19.8,2.38,0.23,0.49,0.014
49.4906,-97.7982,0.239,277.93,235.95,19.8,19.8,2.63,0.23,0.49,0.0156
49.4906,-97.7931,0.2557,279.63,236.5,19.8,19.8,3.0,0.2,0.53,0.0202
49.4906,-97.7879,0.2772,278.96,234.28,19.8,19.8,3.18,0.15,0.58,0.0226
49.4906,-97.7827,0.2985,276.63,227.76,19.8,19.8,2.81,0.11,0.63,0.0198
49.4906,-97.7775,0.3012,273.97,220.82,19.8,19.8,2.24,0.1,0.65,0.0166
49.4906,-97.7723,0.3155,269.67,215.61,19.8,19.8,1.68,0.1,0.65,0.0287
49.4906,-97.7671,0.3403,263.97,211.73,19.8,19.8,1.16,0.1,0.65,0.029
49.4906,-97.7619,0.3705,259.46,208.15,19.8,19.8,1.01,0.1,0.65,0.0242
49.4906,-97.7567,0.3885,256.6,205.06,19.8,19.8,0.95,0.1,0.65,0.0245
49.4906,-97.7516,0.3982,254.96,203.01,19.8,19.8,0.89,0.1,0.65,0.0222
49.4966,-98.1198,0.2209,274.61,251.54,19.6,19.6,4.16,0.41,0.37,0.0278
49.4966,-98.1146,0.2375,273.31,250.22,19.6,19.6,4.31,0.44,0.36,0.029
49.4966,-98.1094,0.2632,270.19,250.04,19.6,19.6,3.79,0.47,0.35,0.0295
49.4966,-98.1043,0.2603,268.67,250.21,19.6,19.6,3.08,0.5,0.34,0.0218
49.4966,-98.0991,0.2413,268.02,248.79,19.6,19.6,2.91,0.49,0.34,0.0819
49.4966,-98.0939,0.2392,266.63,247.28,19.6,19.6,2.16,0.44,0.37,0.0415
49.4966,-98.0887,0.2546,264.77,246.63,19.6,19.6,2.71,0.37,0.41,0.0734
49.4966,-98.0835,0.2762,263.44,246.21,19.6,19.6,3.56,0.33,0.43,0.1845
49.4966,-98.0783,0.3165,263.06,245.65,19.6,19.6,4.04,0.32,0.43,
49.4966,-98.0731,0.3431,262.78,245.51,19.6,19.6,4.56,0.34,0.4,0.0584
49.4966,-98.0679,0.3379,262.32,245.62,19.5,19.5,3.77,0.36,0.39,0.0548
49.4966,-98.0628,0.349,261.99,244.64,19.5,19.5,3.44,0.36,0.38,0.04
49.4966,-98.0576,0.3106,262.24,242.29,19.5,19.5,3.71,0.36,0.38,0.196
49.4966,-98.0524,0.2795,263.86,239.21,19.5,19.5,3.4,0.38,0.37,0.2078
49.4966,-98.0472,0.2638,264.68,237.61,19.5,19.5,3.13,0.37,0.38,0.1013
49.4966,-98.042,0.2735,263.82,236.88,19.5,19.5,2.89,0.35,0.38,0.0971
49.4966,-98.0368,0.281,262.95,235.71,19.5,19.5,2.28,0.34,0.39,0.0604
49.4966,-98.0316,0.2902,263.04,233.37,19.5,19.5,1.74,0.32,0.39,0.0158
49.4966,-98.0265,,264.3,230.62,19.5,19.5,1.26,0.32,0.39,
49.4966,-98.0213,,264.51,229.61,19.5,19.5,1.2,0.33,0.39,
49.4966,-98.0161,,262.61,230.35,19.5,19.5,1.34,0.32,0.39,
49.4966,-98.0109,0.2772,261.54,230.53,19.5,19.5,1.31,0.33,0.37,0.0307
49.4966,-98.0057,,261.5,230.49,19.6,19.6,0.99,0.37,0.34,
49.4966,-98.0005,0.2585,260.47,230.84,19.6,19.6,0.41,0.42,0.32,0.011
49.4966,-97.9953,0.2545,259.34,231.75,19.6,19.6,0.32,0.45,0.32,0.0093
49.4966,-97.9901,0.2368,261.21,232.43,19.6,19.6,0.4,0.48,0.33,0.0103
49.4966,-97.985,0.2209,266.27,231.01,19.6,19.6,0.84,0.42,0.38,0.0164
49.4966,-97.9798,0.2633,268.47,229.15,19.6,19.6,1.45,0.34,0.44,0.0122
49.4966,-97.9746,0.3071,267.26,228.4,19.6,19.6,1.76,0.3,0.48,0.0177
49.4966,-97.9694,0.3152,266.34,227.75,19.6,19.6,1.61,0.26,0.49,0.0147
49.4966,-97.9642,0.2688,267.49,228.23,19.6,19.6,1.12,0.28,0.47,0.021
49.4966,-97.959,0.2338,269.06,230.19,19.6,19.6,0.95,0.31,0.42,0.0141
49.4966,-97.9538,0.242,267.9,232.52,19.6,19.6,1.28,0.36,0.38,0.0204
49.4966,-97.9487,0.2762,266.86,234.17,19.6,19.6,2.11,0.39,0.39,0.0147
49.4966,-97.9435,0.2934,268.81,235.39,19.6,19.6,2.71,0.33,0.43,0.0232
49.4966,-97.9383,0.2893,271.08,236.66,19.6,19.6,2.53,0.25,0.5,0.0195
49.4966,-97.9331,0.298,271.73,238.31,19.6,19.6,2.91,0.17,0.57,0.0908
49.4966,-97.9279,0.3174,270.36,240.02,19.6,19.6,2.75,0.13,0.62,0.0683
49.4966,-97.9227,0.3381,269.43,240.88,19.6,19.6,3.01,0.1,0.64,0.1067
49.4966,-97.9175,0.3319,269.52,241.0,19.6,19.6,3.08,0.1,0.65,0.0965
49.4966,-97.9123,0.3209,270.24,239.64,19.6,19.6,2.57,0.11,0.64,0.0757
49.4966,-97.9072,0.288,271.38,237.56,19.6,19.6,2.16,0.13,0.62,0.0483
49.4966,-97.902,0.278,271.67,235.57,19.6,19.6,1.86,0.16,0.58,0.0363
49.4966,-97.8968,0.2915,270.49,234.86,19.6,19.6,1.94,0.18,0.56,0.0434
49.4966,-97.8916,0.3113,271.09,235.78,19.7,19.7,2.26,0.19,0.54,0.016
49.4966,-97.8864,0.307,272.8,236.65,19.7,19.7,2.55,0.21,0.52,0.0191
49.4966,-97.8812,0.3062,273.86,235.77,19.7,19.7,3.05,0.22,0.5,0.0291
49.4966,-97.876,0.2887,274.67,233.69,19.7,19.7,3.36,0.24,0.48,0.0231
49.4966,-97.8709,0.2434,274.66,231.77,19.8,19.8,2.77,0.24,0.48,0.0183
49.4966,-97.8657,0.2369,272.75,231.89,19.8,19.8,1.81,0.21,0.51,0.0302
49.4966,-97.8605,0.2441,270.96,233.45,19.8,19.8,1.19,0.17,0.56,0.0194
49.4966,-97.8553,0.2467,272.0,235.85,19.8,19.8,1.18,0.13,0.62,0.0176
49.4966,-97.8501,0.2564,273.66,237.78,19.8,19.8,1.66,0.12,0.62,0.0281
49.4966,-97.8449,0.2777,273.07,237.03,19.8,19.8,2.28,0.15,0.59,0.0189
49.4966,-97.8397,0.2838,272.5,235.25,19.8,19.8,2.15,0.16,0.57,0.0189
49.4966,-97.8345,0.2574,271.68,234.88,19.8,19.8,1.6,0.16,0.57,0.0272
49.4966,-97.8294,0.2448,270.53,234.64,19.8,19.8,0.95,0.15,0.59,0.0128
49.4966,-97.8242,0.2595,270.35,234.16,19.8,19.8,1.21,0.14,0.6,0.017
49.4966,-97.819,0.3011,270.6,234.18,19.8,19.8,2.01,0.14,0.6,0.0197
49.4966,-97.8138,0.3601,271.51,233.51,19.8,19.8,2.69,0.13,0.62,0.025
49.4966,-97.8086,0.338,273.87,231.82,19.8,19.8,2.86,0.11,0.63,0.019
49.4966,-97.8034,0.294,276.6,231.04,19.8,19.8,2.74,0.13,0.61,0.017
49.4966,-97.7982,0.2739,278.15,230.87,19.8,19.8,2.77,0.14,0.6,0.0187
49.4966,-97.7931,0.2816,277.89,229.91,19.8,19.8,2.83,0.13,0.61,0.022
49.4966,-97.7879,0.3227,275.12,227.32,19.8,19.8,2.91,0.11,0.63,0.0209
49.4966,-97.7827,0.3455,271.84,222.38,19.8,19.8,2.54,0.1,0.65,0.021
49.4966,-97.7775,0.3307,269.41,217.68,19.8,19.8,1.84,0.1,0.65,0.0174
49.4966,-97.7723,0.3233,266.54,215.29,19.8,19.8,1.14,0.1,0.65,0.0233
49.4966,-97.7671,0.3295,262.76,213.45,19.8,19.8,0.6,0.1,0.65,0.0171
49.4966,-97.7619,0.3545,259.92,211.07,19.8,19.8,0.56,0.1,0.65,0.0169
49.4966,-97.7567,0.3677,258.67,208.67,19.8,19.8,0.58,0.1,0.65,0.0183
49.4966,-97.7516,0.3742,258.15,206.36,19.8,19.8,0.59,0.1,0.65,0.0178
49.5026,-98.1198,0.2144,275.05,252.74,19.6,19.6,3.3,0.53,0.32,0.0201
49.5026,-98.1146,0.2314,274.13,251.08,19.6,19.6,3.18,0.55,0.32,0.0211
49.5026,-98.1094,0.2531,270.9,249.74,19.6,19.6,2.67,0.58,0.31,0.0237
49.5026,-98.1043,0.2631,268.41,248.66,19.6,19.6,2.32,0.58,0.31,0.0161
49.5026,-98.0991,0.2562,266.61,246.98,19.6,19.6,1.81,0.56,0.31,0.0131
49.5026,-98.0939,0.2568,264.73,245.63,19.6,19.6,1.67,0.51,0.33,0.0383
49.5026,-98.0887,0.2713,263.3,245.0,19.6,19.6,2.38,0.48,0.34,0.0603
49.5026,-98.0835,0.289,262.4,244.8,19.6,19.6,3.07,0.47,0.35,0.1163
49.5026,-98.0783,0.3141,261.52,244.25,19.6,19.6,3.58,0.47,0.35,0.2619
49.5026,-98.0731,0.3215,260.12,243.64,19.6,19.6,3.97,0.48,0.34,
49.5026,-98.0679,0.3058,259.16,243.02,19.5,19.5,3.51,0.44,0.35,0.1503
49.5026,-98.0628,0.2834,258.48,241.45,19.5,19.5,3.18,0.42,0.36,0.2056
49.5026,-98.0576,0.2693,258.26,238.85,19.5,19.5,2.98,0.44,0.35,0.1282
49.5026,-98.0524,0.262,259.83,236.24,19.5,19.5,3.02,0.39,0.37,0.1216
49.5026,-98.0472,0.2592,261.19,235.23,19.5,19.5,3.67,0.36,0.38,0.1353
49.5026,-98.042,0.2709,260.94,234.95,19.5,19.5,3.7,0.33,0.39,0.3212
49.5026,-98.0368,,260.37,234.36,19.5,19.5,3.67,0.31,0.4,
49.5026,-98.0316,,260.84,232.75,19.5,19.5,3.32,0.33,0.39,
49.5026,-98.0265,,262.77,230.5,19.5,19.5,2.53,0.34,0.39,
49.5026,-98.0213,,263.3,229.55,19.5,19.5,2.11,0.33,0.38,
49.5026,-98.0161,,261.51,230.36,19.5,19.5,1.92,0.3,0.35,
49.5026,-98.0109,,260.28,230.98,19.5,19.5,1.62,0.26,0.3,
49.5026,-98.0057,,260.21,231.4,19.6,19.6,1.15,0.26,0.27,
49.5026,-98.0005,,259.2,231.47,19.6,19.6,1.4,0.29,0.27,
49.5026,-97.9953,,257.76,231.3,19.6,19.6,1.72,0.32,0.31,
49.5026,-97.9901,,257.66,230.76,19.6,19.6,2.51,0.33,0.35,
49.5026,-97.985,,261.05,229.33,19.6,19.6,3.26,0.32,0.4,
49.5026,-97.9798,,264.51,227.99,19.6,19.6,3.44,0.28,0.45,
49.5026,-97.9746,0.3004,265.68,227.92,19.6,19.6,3.82,0.24,0.48,0.0232
49.5026,-97.9694,0.282,266.37,228.51,19.6,19.6,3.22,0.24,0.48,0.128
49.5026,-97.9642,0.2465,267.79,230.34,19.6,19.6,2.51,0.28,0.44,0.0525
49.5026,-97.959,0.223,268.93,232.81,19.6,19.6,2.39,0.32,0.4,0.0619
49.5026,-97.9538,0.243,267.02,233.69,19.6,19.6,1.98,0.33,0.41,0.0373
49.5026,-97.9487,0.266,265.52,233.05,19.6,19.6,2.12,0.29,0.45,0.0628
49.5026,-97.9435,0.2716,267.42,232.98,19.6,19.6,1.72,0.24,0.51,0.0344
49.5026,-97.9383,0.2715,269.8,233.66,19.6,19.6,2.0,0.2,0.55,0.0425
49.5026,-97.9331,0.2789,269.66,234.99,19.6,19.6,2.61,0.17,0.57,0.0173
49.5026,-97.9279,0.3222,266.72,236.63,19.6,19.6,3.16,0.16,0.57,0.0222
49.5026,-97.9227,0.3364,265.67,237.68,19.6,19.6,3.51,0.16,0.58,0.2472
49.5026,-97.9175,0.3321,266.07,238.05,19.6,19.6,2.54,0.15,0.59,0.0277
49.5026,-97.9123,0.3253,267.04,236.51,19.6,19.6,2.04,0.18,0.57,0.0218
49.5026,-97.9072,0.3082,267.55,233.35,19.6,19.6,1.64,0.22,0.53,0.0375
49.5026,-97.902,0.2938,266.55,230.29,19.6,19.6,1.62,0.26,0.49,0.034
49.5026,-97.8968,0.2894,265.36,228.45,19.6,19.6,1.61,0.3,0.45,0.0378
49.5026,-97.8916,0.2669,267.15,230.68,19.7,19.7,1.6,0.29,0.44,0.0273
49.5026,-97.8864,0.24,270.87,234.98,19.7,19.7,1.64,0.28,0.43,0.0274
49.5026,-97.8812,0.2177,273.35,236.16,19.7,19.7,1.78,0.28,0.43,0.0265
49.5026,-97.876,0.2027,275.0,234.75,19.7,19.7,1.89,0.27,0.43,0.0307
49.5026,-97.8709,0.1955,275.02,231.44,19.8,19.8,1.81,0.28,0.43,0.0274
49.5026,-97.8657,0.2257,272.16,229.62,19.8,19.8,1.64,0.27,0.44,0.0269
49.5026,-97.8605,0.257,270.9,231.53,19.8,19.8,1.78,0.23,0.48,0.037
49.5026,-97.8553,0.2642,273.63,235.67,19.8,19.8,2.3,0.19,0.54,0.0133
49.5026,-97.8501,0.2725,275.57,238.28,19.8,19.8,2.52,0.15,0.59,0.0156
49.5026,-97.8449,0.29,274.16,237.09,19.8,19.8,2.42,0.12,0.63,0.016
49.5026,-97.8397,0.2801,273.03,234.67,19.8,19.8,1.71,0.1,0.65,0.0336
49.5026,-97.8345,0.271,271.78,233.51,19.8,19.8,1.09,0.1,0.65,0.018
49.5026,-97.8294,0.2741,269.58,231.75,19.8,19.8,0.73,0.1,0.65,0.0153
49.5026,-97.8242,0.2857,269.06,231.09,19.8,19.8,0.9,0.1,0.65,0.0148
49.5026,-97.819,0.2923,269.36,231.78,19.8,19.8,1.3,0.1,0.65,0.0331
49.5026,-97.8138,0.2961,269.92,230.95,19.8,19.8,1.59,0.1,0.65,0.0297
49.5026,-97.8086,0.2826,271.65,227.16,19.8,19.8,1.65,0.1,0.65,0.0267
49.5026,-97.8034,0.263,274.27,224.64,19.8,19.8,1.72,0.1,0.65,0.0117
49.5026,-97.7982,0.2538,276.37,224.06,19.8,19.8,2.03,0.1,0.65,0.0135
49.5026,-97.7931,0.2589,276.96,224.55,19.8,19.8,2.39,0.1,0.65,0.0164
49.5026,-97.7879,0.284,275.16,225.12,19.8,19.8,2.66,0.1,0.65,0.016
49.5026,-97.7827,0.318,271.7,223.99,19.8,19.8,2.51,0.1,0.65,0.0182
49.5026,-97.7775,0.3415,269.22,222.7,19.8,19.8,2.25,0.1,0.65,0.0144
49.5026,-97.7723,0.3513,268.04,223.56,19.8,19.8,1.99,0.1,0.65,0.0642
49.5026,-97.7671,0.3725,266.23,224.06,19.8,19.8,1.83,0.1,0.65,0.046
49.5026,-97.7619,0.396,264.27,222.48,19.8,19.8,1.82,0.1,0.65,0.0601
49.5026,-97.7567,0.4067,263.05,220.59,19.8,19.8,1.79,0.1,0.65,0.0625
49.5026,-97.7516,0.4107,262.52,219.49,19.8,19.8,1.76,0.11,0.64,0.0552
49.5086,-98.1198,0.1916,274.59,251.56,19.6,19.6,2.24,0.58,0.31,0.0154
49.5086,-98.1146,0.2058,274.6,250.87,19.6,19.6,2.37,0.58,0.31,0.0197
49.5086,-98.1094,0.2404,271.61,249.84,19.6,19.6,2.32,0.59,0.3,0.0178
49.5086,-98.1043,0.265,267.94,248.13,19.6,19.6,2.4,0.57,0.31,0.0258
49.5086,-98.0991,0.2656,265.1,246.44,19.6,19.6,2.06,0.55,0.32,0.0165
49.5086,-98.0939,0.2782,263.26,245.27,19.6,19.6,2.01,0.53,0.32,0.0158
49.5086,-98.0887,0.2977,262.62,244.46,19.6,19.6,2.13,0.51,0.33,0.0195
49.5086,-98.0835,0.323,261.89,243.67,19.6,19.6,2.04,0.53,0.32,0.0212
49.5086,-98.0783,0.3514,260.49,242.76,19.6,19.6,2.11,0.54,0.32,0.0214
49.5086,-98.0731,0.3456,258.99,241.99,19.6,19.6,2.18,0.52,0.33,0.0216
49.5086,-98.0679,0.3205,258.25,240.92,19.5,19.5,2.12,0.5,0.33,0.0681
49.5086,-98.0628,0.2929,257.51,239.24,19.5,19.5,1.92,0.47,0.34,0.0348
49.5086,-98.0576,0.2892,257.15,236.75,19.5,19.5,1.46,0.45,0.35,0.0324
49.5086,-98.0524,0.2776,258.85,234.12,19.5,19.5,1.25,0.43,0.36,0.0221
49.5086,-98.0472,0.2777,260.7,233.26,19.5,19.5,2.15,0.39,0.37,0.0552
49.5086,-98.042,0.291,259.9,233.45,19.5,19.5,2.88,0.34,0.39,0.09
49.5086,-98.0368,0.3078,258.7,233.15,19.5,19.5,3.28,0.36,0.38,0.129
49.5086,-98.0316,0.2872,259.36,232.45,19.5,19.5,2.67,0.39,0.37,0.0229
49.5086,-98.0265,,261.65,231.4,19.5,19.5,2.17,0.44,0.35,
49.5086,-98.0213,,262.48,231.13,19.5,19.5,1.75,0.42,0.32,
49.5086,-98.0161,,260.8,231.57,19.5,19.5,1.02,0.37,0.29,
49.5086,-98.0109,,259.63,231.3,19.5,19.5,0.64,0.3,0.25,
49.5086,-98.0057,,259.89,231.53,19.6,19.6,0.79,0.24,0.23,
49.5086,-98.0005,,259.57,231.98,19.6,19.6,1.87,0.26,0.26,
49.5086,-97.9953,,258.63,232.46,19.6,19.6,2.6,0.32,0.3,
49.5086,-97.9901,,258.3,232.26,19.6,19.6,3.61,0.35,0.35,
49.5086,-97.985,,260.31,230.16,19.6,19.6,4.06,0.33,0.39,
49.5086,-97.9798,,262.5,227.81,19.6,19.6,3.61,0.3,0.43,
49.5086,-97.9746,,263.33,227.75,19.6,19.6,4.11,0.28,0.45,
49.5086,-97.9694,,264.1,229.98,19.6,19.6,4.02,0.27,0.46,
49.5086,-97.9642,,266.22,233.04,19.6,19.6,4.09,0.25,0.46,
49.5086,-97.959,,268.18,235.62,19.6,19.6,4.45,0.26,0.45,
49.5086,-97.9538,,266.08,235.45,19.6,19.6,4.26,0.27,0.44,
49.5086,-97.9487,0.2909,264.36,233.99,19.6,19.6,3.77,0.26,0.46,0.8299
49.5086,-97.9435,0.2665,266.11,233.63,19.6,19.6,3.06,0.25,0.48,0.0794
49.5086,-97.9383,0.2511,269.17,233.97,19.6,19.6,2.47,0.24,0.48,0.0445
49.5086,-97.9331,0.2459,270.47,234.46,19.6,19.6,2.2,0.25,0.46,0.0527
49.5086,-97.9279,0.2736,267.27,234.69,19.6,19.6,2.27,0.27,0.44,0.0633
49.5086,-97.9227,0.2838,264.51,235.24,19.6,19.6,1.95,0.26,0.45,0.0537
49.5086,-97.9175,0.2807,264.02,235.47,19.6,19.6,1.37,0.23,0.49,0.0278
49.5086,-97.9123,0.2892,265.07,233.56,19.6,19.6,1.41,0.22,0.51,0.0303
49.5086,-97.9072,0.2908,266.75,230.07,19.6,19.6,1.32,0.22,0.52,0.0253
49.5086,-97.902,0.2747,267.04,226.9,19.6,19.6,1.24,0.23,0.52,0.0213
49.5086,-97.8968,0.2532,265.76,225.26,19.6,19.6,0.86,0.23,0.52,0.0158
49.5086,-97.8916,0.2287,266.49,227.9,19.7,19.7,0.62,0.23,0.51,0.0122
49.5086,-97.8864,0.2214,269.28,232.58,19.7,19.7,0.8,0.22,0.51,0.0146
49.5086,-97.8812,0.2163,271.33,234.45,19.7,19.7,1.12,0.22,0.5,0.0171
49.5086,-97.876,0.2049,273.27,233.97,19.7,19.7,1.24,0.22,0.49,0.0154
49.5086,-97.8709,0.1981,274.74,231.31,19.8,19.8,1.47,0.24,0.47,0.0211
49.5086,-97.8657,0.2312,273.19,230.23,19.8,19.8,1.88,0.26,0.44,0.0316
49.5086,-97.8605,0.2649,271.54,233.21,19.8,19.8,2.11,0.27,0.44,0.0152
49.5086,-97.8553,0.2584,273.98,236.86,19.8,19.8,2.19,0.25,0.46,0.0162
49.5086,-97.8501,0.2321,276.24,237.97,19.8,19.8,1.87,0.21,0.51,0.0103
49.5086,-97.8449,0.2451,274.9,235.95,19.8,19.8,1.82,0.19,0.54,0.0405
49.5086,-97.8397,0.2703,273.08,233.83,19.8,19.8,1.86,0.15,0.58,0.035
49.5086,-97.8345,0.2905,271.46,232.61,19.8,19.8,1.65,0.13,0.62,0.0317
49.5086,-97.8294,0.3081,269.18,229.91,19.8,19.8,1.47,0.12,0.62,0.0293
49.5086,-97.8242,0.3002,268.24,228.97,19.8,19.8,1.14,0.12,0.63,0.0235
49.5086,-97.819,0.286,267.78,229.66,19.8,19.8,0.8,0.11,0.64,0.0167
49.5086,-97.8138,0.2786,267.2,228.62,19.8,19.8,0.74,0.1,0.65,0.014
49.5086,-97.8086,0.2723,268.14,224.43,19.8,19.8,0.95,0.11,0.64,0.0149
49.5086,-97.8034,0.2645,271.25,221.67,19.8,19.8,1.45,0.1,0.64,0.0239
49.5086,-97.7982,0.2588,273.83,221.16,19.8,19.8,1.88,0.1,0.65,0.0131
49.5086,-97.7931,0.262,275.39,222.8,19.8,19.8,2.31,0.1,0.65,0.0152
49.5086,-97.7879,0.2705,275.85,225.95,19.8,19.8,2.68,0.1,0.65,0.0179
49.5086,-97.7827,0.2805,275.4,229.0,19.8,19.8,2.68,0.1,0.65,0.0135
49.5086,-97.7775,0.2995,275.11,232.25,19.8,19.8,2.77,0.1,0.65,0.0222
49.5086,-97.7723,0.3234,274.57,235.99,19.8,19.8,2.84,0.1,0.65,0.0236
49.5086,-97.7671,0.3742,272.63,236.47,19.8,19.8,2.97,0.1,0.65,0.0268
49.5086,-97.7619,0.4073,270.71,233.27,19.8,19.8,3.01,0.1,0.65,0.0281
49.5086,-97.7567,0.4216,269.35,230.55,19.8,19.8,2.91,0.11,0.64,0.0315
49.5086,-97.7516,0.4305,268.3,229.94,19.8,19.8,2.82,0.11,0.64,0.0325
49.5146,-98.1198,0.1659,275.57,249.8,19.6,19.6,1.56,0.59,0.3,0.0091
49.5146,-98.1146,0.1691,275.93,249.69,19.6,19.6,1.83,0.59,0.3,0.0118
49.5146,-98.1094,0.1905,272.73,249.55,19.6,19.6,1.79,0.58,0.31,0.0137
49.5146,-98.1043,0.2335,268.21,247.87,19.6,19.6,1.9,0.57,0.31,0.0171
49.5146,-98.0991,0.2489,265.06,245.52,19.6,19.6,1.95,0.57,0.31,0.0355
49.5146,-98.0939,0.2502,263.64,243.27,19.6,19.6,1.78,0.58,0.31,0.0429
49.5146,-98.0887,0.2634,262.87,241.47,19.6,19.6,1.76,0.57,0.31,0.0422
49.5146,-98.0835,0.2813,262.07,240.63,19.6,19.6,1.72,0.57,0.31,0.017
49.5146,-98.0783,0.3013,261.24,240.98,19.6,19.6,1.96,0.56,0.31,0.0146
49.5146,-98.0731,0.321,260.72,242.46,19.6,19.6,2.24,0.54,0.32,0.0226
49.5146,-98.0679,0.3275,260.61,242.7,19.5,19.5,2.39,0.53,0.32,0.0194
49.5146,-98.0628,0.3366,260.33,241.51,19.5,19.5,2.21,0.5,0.33,0.021
49.5146,-98.0576,0.3134,260.5,239.25,19.5,19.5,2.59,0.49,0.34,0.0227
49.5146,-98.0524,0.2926,262.42,236.62,19.5,19.5,2.46,0.47,0.34,0.0173
49.5146,-98.0472,0.3092,264.06,235.3,19.5,19.5,2.98,0.43,0.36,0.0263
49.5146,-98.042,0.3227,263.12,234.53,19.5,19.5,2.78,0.42,0.36,0.0293
49.5146,-98.0368,0.3129,261.6,233.28,19.5,19.5,2.23,0.45,0.35,0.0242
49.5146,-98.0316,0.2914,261.66,232.31,19.5,19.5,1.97,0.5,0.33,0.0209
49.5146,-98.0265,0.2697,262.86,232.31,19.5,19.5,1.33,0.54,0.32,0.0134
49.5146,-98.0213,0.2825,263.57,233.66,19.5,19.5,1.34,0.53,0.31,0.013
49.5146,-98.0161,,262.58,234.59,19.5,19.5,1.27,0.47,0.3,
49.5146,-98.0109,,260.96,232.63,19.5,19.5,1.16,0.4,0.28,
49.5146,-98.0057,,260.32,230.95,19.6,19.6,0.7,0.37,0.29,
49.5146,-98.0005,,259.89,230.91,19.6,19.6,0.99,0.39,0.3,
49.5146,-97.9953,,259.05,231.23,19.6,19.6,1.43,0.4,0.33,
49.5146,-97.9901,0.2791,257.74,230.45,19.6,19.6,1.44,0.4,0.37,0.0364
49.5146,-97.985,0.2868,257.86,227.85,19.6,19.6,1.33,0.38,0.39,0.0321
49.5146,-97.9798,0.2791,259.62,225.54,19.6,19.6,1.22,0.37,0.41,0.0252
49.5146,-97.9746,0.3059,261.62,226.33,19.6,19.6,1.63,0.33,0.45,0.0354
49.5146,-97.9694,0.3653,263.26,230.09,19.6,19.6,2.56,0.31,0.45,0.0269
49.5146,-97.9642,0.3608,265.26,234.2,19.6,19.6,3.36,0.29,0.45,0.0353
49.5146,-97.959,0.3322,268.0,236.97,19.6,19.6,4.07,0.26,0.46,0.0377
49.5146,-97.9538,0.3034,267.96,237.01,19.6,19.6,4.2,0.27,0.43,0.0422
49.5146,-97.9487,0.2934,265.44,235.73,19.6,19.6,3.96,0.28,0.42,0.0358
49.5146,-97.9435,0.2741,265.1,234.93,19.6,19.6,3.33,0.3,0.41,0.1421
49.5146,-97.9383,0.27,266.34,234.35,19.6,19.6,2.86,0.32,0.4,0.117
49.5146,-97.9331,0.254,267.88,233.78,19.6,19.6,1.83,0.33,0.39,0.0401
49.5146,-97.9279,0.2534,268.35,233.11,19.6,19.6,1.53,0.35,0.38,0.0266
49.5146,-97.9227,0.2579,266.99,232.64,19.6,19.6,1.25,0.34,0.39,0.0302
49.5146,-97.9175,0.2666,263.91,231.41,19.6,19.6,0.65,0.33,0.4,0.0124
49.5146,-97.9123,0.2826,261.84,229.19,19.6,19.6,0.6,0.31,0.43,0.0158
49.5146,-97.9072,0.2795,262.3,226.62,19.6,19.6,0.62,0.26,0.47,0.0147
49.5146,-97.902,0.2784,262.75,224.28,19.6,19.6,0.68,0.23,0.5,0.015
49.5146,-97.8968,0.2729,262.4,223.09,19.6,19.6,0.77,0.23,0.49,0.0171
49.5146,-97.8916,0.2598,264.61,224.66,19.7,19.7,1.04,0.24,0.48,0.0162
49.5146,-97.8864,0.2433,268.0,227.18,19.7,19.7,1.28,0.24,0.48,0.0196
49.5146,-97.8812,0.2417,270.37,228.15,19.7,19.7,1.48,0.22,0.49,0.028
49.5146,-97.876,0.2298,272.56,228.44,19.7,19.7,1.45,0.22,0.5,0.0191
49.5146,-97.8709,0.218,274.8,228.53,19.8,19.8,1.59,0.21,0.51,0.0274
49.5146,-97.8657,0.2198,275.05,229.97,19.8,19.8,1.81,0.24,0.48,0.0314
49.5146,-97.8605,0.2143,274.34,232.78,19.8,19.8,1.65,0.27,0.44,0.0242
49.5146,-97.8553,0.1891,276.0,235.48,19.8,19.8,1.42,0.28,0.43,0.017
49.5146,-97.8501,0.1726,277.16,237.02,19.8,19.8,1.18,0.27,0.44,0.0168
49.5146,-97.8449,0.1969,275.86,236.4,19.8,19.8,1.61,0.25,0.46,0.0296
49.5146,-97.8397,0.2275,274.97,235.71,19.8,19.8,2.23,0.24,0.47,0.0159
49.5146,-97.8345,0.2835,273.76,235.92,19.8,19.8,2.92,0.23,0.48,0.0246
49.5146,-97.8294,0.3231,270.9,234.23,19.8,19.8,2.75,0.22,0.5,0.0354
49.5146,-97.8242,0.3255,269.19,233.18,19.8,19.8,2.11,0.2,0.53,0.0187
49.5146,-97.819,0.2916,268.2,233.04,19.8,19.8,1.55,0.18,0.55,0.0266
49.5146,-97.8138,0.2803,267.53,231.25,19.8,19.8,1.43,0.17,0.56,0.0259
49.5146,-97.8086,0.2821,268.99,227.9,19.8,19.8,1.87,0.16,0.57,0.0388
49.5146,-97.8034,0.2734,272.33,225.92,19.8,19.8,2.18,0.16,0.58,0.0158
49.5146,-97.7982,0.2828,274.71,225.21,19.8,19.8,2.44,0.14,0.6,0.0182
49.5146,-97.7931,0.2924,275.62,226.75,19.8,19.8,2.5,0.12,0.62,0.0187
49.5146,-97.7879,0.2922,276.45,230.52,19.8,19.8,2.76,0.12,0.62,0.0174
49.5146,-97.7827,0.2773,277.79,234.66,19.8,19.8,2.8,0.12,0.62,0.0195
49.5146,-97.7775,0.2648,279.0,238.78,19.8,19.8,2.73,0.12,0.62,0.0135
49.5146,-97.7723,0.2677,278.72,241.77,19.8,19.8,2.71,0.13,0.61,0.0179
49.5146,-97.7671,0.3057,275.78,240.59,19.8,19.8,2.84,0.14,0.6,0.0243
49.5146,-97.7619,0.3466,272.34,236.21,19.8,19.8,2.81,0.15,0.59,0.0196
49.5146,-97.7567,0.3851,269.59,232.36,19.8,19.8,2.76,0.14,0.6,0.0262
49.5146,-97.7516,0.4137,267.64,230.18,19.8,19.8,2.64,0.13,0.61,0.035
49.5206,-98.1198,0.168,275.85,248.13,19.6,19.6,1.76,0.6,0.3,0.0115
49.5206,-98.1146,0.1589,276.33,248.34,19.6,19.6,1.59,0.57,0.31,0.0089
49.5206,-98.1094,0.1823,273.38,248.77,19.6,19.6,1.84,0.57,0.31,0.0094
49.5206,-98.1043,0.1959,269.99,247.29,19.6,19.6,1.85,0.57,0.31,0.0102
49.5206,-98.0991,0.2073,267.8,244.93,19.6,19.6,1.85,0.57,0.31,0.0134
49.5206,-98.0939,0.233,266.15,242.63,19.6,19.6,2.01,0.59,0.3,0.0156
49.5206,-98.0887,0.2523,264.21,240.12,19.6,19.6,1.86,0.59,0.3,0.0163
49.5206,-98.0835,0.2777,261.95,238.3,19.6,19.6,1.81,0.6,0.3,0.0475
49.5206,-98.0783,0.288,260.78,238.37,19.6,19.6,1.84,0.59,0.3,0.0184
49.5206,-98.0731,0.2895,261.57,240.69,19.6,19.6,1.77,0.59,0.3,0.0513
49.5206,-98.0679,0.2816,262.24,241.72,19.5,19.5,1.71,0.58,0.31,0.0356
49.5206,-98.0628,0.2696,262.32,241.01,19.5,19.5,1.55,0.57,0.31,0.0382
49.5206,-98.0576,0.2585,262.81,239.54,19.5,19.5,1.55,0.57,0.31,0.0141
49.5206,-98.0524,0.2429,264.54,238.04,19.5,19.5,1.75,0.57,0.31,0.0157
49.5206,-98.0472,0.2413,266.01,237.96,19.5,19.5,1.88,0.56,0.31,0.0145
49.5206,-98.042,0.2864,265.74,237.89,19.5,19.5,2.06,0.56,0.31,0.0196
49.5206,-98.0368,0.2987,264.98,236.91,19.5,19.5,2.0,0.57,0.31,0.0248
49.5206,-98.0316,0.282,266.05,235.99,19.5,19.5,1.8,0.58,0.31,0.0169
49.5206,-98.0265,0.2491,268.43,236.06,19.5,19.5,1.86,0.56,0.32,0.017
49.5206,-98.0213,0.2544,269.22,237.38,19.5,19.5,2.08,0.52,0.35,0.0193
49.5206,-98.0161,0.287,267.06,237.46,19.5,19.5,2.19,0.52,0.35,0.0232
49.5206,-98.0109,0.3307,264.13,233.83,19.5,19.5,2.08,0.5,0.34,0.0253
49.5206,-98.0057,0.3138,262.31,230.54,19.6,19.6,1.77,0.49,0.33,0.0201
49.5206,-98.0005,,260.35,229.26,19.6,19.6,1.14,0.45,0.35,
49.5206,-97.9953,0.2684,258.0,228.59,19.6,19.6,0.9,0.41,0.37,0.0203
49.5206,-97.9901,0.2897,256.24,227.22,19.6,19.6,0.89,0.39,0.38,0.0207
49.5206,-97.985,0.2884,256.9,225.22,19.6,19.6,0.95,0.38,0.38,0.0201
49.5206,-97.9798,0.2891,259.82,224.76,19.6,19.6,1.35,0.38,0.39,0.0125
49.5206,-97.9746,0.2798,262.64,226.92,19.6,19.6,1.69,0.41,0.37,0.0144
49.5206,-97.9694,0.2827,264.76,231.0,19.6,19.6,2.41,0.41,0.37,0.0188
49.5206,-97.9642,0.3057,266.71,234.95,19.6,19.6,3.11,0.4,0.37,0.028
49.5206,-97.959,0.2834,269.04,236.68,19.6,19.6,3.23,0.38,0.38,0.0276
49.5206,-97.9538,0.2695,268.32,235.52,19.6,19.6,2.62,0.35,0.4,0.0174
49.5206,-97.9487,0.2885,264.58,234.25,19.6,19.6,2.46,0.31,0.41,0.0164
49.5206,-97.9435,0.2722,262.86,233.48,19.6,19.6,2.21,0.31,0.41,0.0584
49.5206,-97.9383,0.27,262.91,232.45,19.6,19.6,2.07,0.35,0.39,0.0434
49.5206,-97.9331,0.2831,264.54,231.36,19.6,19.6,2.52,0.37,0.38,0.0712
49.5206,-97.9279,0.2936,266.78,231.24,19.6,19.6,2.23,0.39,0.37,0.0546
49.5206,-97.9227,0.3178,267.17,231.35,19.6,19.6,1.54,0.39,0.38,0.0401
49.5206,-97.9175,0.3392,266.3,229.82,19.6,19.6,1.41,0.35,0.41,0.0357
49.5206,-97.9123,0.3014,266.81,228.22,19.6,19.6,0.98,0.31,0.44,0.0246
49.5206,-97.9072,0.2582,268.62,226.78,19.6,19.6,0.9,0.28,0.46,0.0215
49.5206,-97.902,0.2468,268.31,224.51,19.6,19.6,1.14,0.28,0.45,0.0226
49.5206,-97.8968,0.2727,266.54,223.05,19.6,19.6,1.55,0.28,0.43,0.0126
49.5206,-97.8916,0.2916,266.53,223.15,19.7,19.7,1.95,0.29,0.41,0.0173
49.5206,-97.8864,0.2783,268.13,223.95,19.7,19.7,1.96,0.3,0.41,0.0172
49.5206,-97.8812,0.2514,270.25,224.53,19.7,19.7,1.63,0.27,0.44,0.0129
49.5206,-97.876,0.2323,272.52,225.4,19.7,19.7,1.35,0.24,0.48,0.0199
49.5206,-97.8709,0.2115,274.74,227.55,19.8,19.8,1.38,0.24,0.48,0.0251
49.5206,-97.8657,0.2093,274.97,231.58,19.8,19.8,1.51,0.25,0.46,0.0237
49.5206,-97.8605,0.2157,274.31,234.99,19.8,19.8,1.56,0.27,0.44,0.0215
49.5206,-97.8553,0.1862,275.84,236.9,19.8,19.8,1.23,0.29,0.42,0.0164
49.5206,-97.8501,0.1612,277.59,238.48,19.8,19.8,0.86,0.29,0.41,0.015
49.5206,-97.8449,0.1779,277.21,238.75,19.8,19.8,1.46,0.29,0.41,0.021
49.5206,-97.8397,0.2002,277.35,238.51,19.8,19.8,2.31,0.3,0.4,0.0153
49.5206,-97.8345,0.2392,277.36,239.68,19.8,19.8,3.07,0.3,0.4,0.0176
49.5206,-97.8294,0.2875,274.52,240.53,19.8,19.8,2.94,0.29,0.41,0.0234
49.5206,-97.8242,0.2814,272.04,240.74,19.8,19.8,2.48,0.27,0.44,0.0211
49.5206,-97.819,0.2602,270.76,240.13,19.8,19.8,1.9,0.26,0.45,0.0403
49.5206,-97.8138,0.2604,270.14,237.73,19.8,19.8,1.81,0.26,0.46,0.0379
49.5206,-97.8086,0.2668,271.46,234.8,19.8,19.8,2.34,0.25,0.46,0.0188
49.5206,-97.8034,0.2397,274.85,233.38,19.8,19.8,2.35,0.25,0.46,0.0168
49.5206,-97.7982,0.2359,277.42,231.83,19.8,19.8,2.38,0.23,0.48,0.0161
49.5206,-97.7931,0.2261,278.11,231.65,19.8,19.8,2.24,0.23,0.49,0.0172
49.5206,-97.7879,0.2308,278.31,234.44,19.8,19.8,2.47,0.23,0.49,0.0179
49.5206,-97.7827,0.249,279.3,238.47,19.8,19.8,2.93,0.23,0.49,0.0224
49.5206,-97.7775,0.2318,280.2,241.75,19.8,19.8,2.84,0.21,0.51,0.0181
49.5206,-97.7723,0.2257,279.57,243.33,19.8,19.8,2.7,0.22,0.5,0.0137
49.5206,-97.7671,0.2542,276.32,241.0,19.8,19.8,2.6,0.24,0.48,0.0167
49.5206,-97.7619,0.3049,272.05,236.1,19.8,19.8,2.55,0.25,0.47,0.0245
49.5206,-97.7567,0.3314,268.27,232.26,19.8,19.8,2.33,0.24,0.48,0.0212
49.5206,-97.7516,0.3487,265.07,230.0,19.8,19.8,2.07,0.24,0.48,0.0189
49.5266,-98.1198,0.2016,276.21,247.65,19.6,19.6,2.26,0.58,0.31,0.0189
49.5266,-98.1146,0.1877,276.47,247.24,19.6,19.6,2.19,0.58,0.31,0.0167
49.5266,-98.1094,0.1967,273.0,246.95,19.6,19.6,1.76,0.57,0.31,0.0118
49.5266,-98.1043,0.2091,269.34,245.2,19.6,19.6,1.52,0.57,0.31,0.0144
49.5266,-98.0991,0.2248,267.48,242.69,19.6,19.6,1.57,0.58,0.31,0.0309
49.5266,-98.0939,0.2345,265.92,240.75,19.6,19.6,1.47,0.58,0.31,0.0294
49.5266,-98.0887,0.2728,263.73,238.63,19.6,19.6,1.5,0.58,0.31,0.0338
49.5266,-98.0835,0.3105,261.78,236.76,19.6,19.6,1.69,0.59,0.3,0.045
49.5266,-98.0783,0.3138,261.55,236.32,19.6,19.6,1.79,0.6,0.3,0.0158
49.5266,-98.0731,0.2909,261.95,237.3,19.6,19.6,1.72,0.6,0.3,0.0435
49.5266,-98.0679,0.2784,261.43,237.57,19.5,19.5,1.38,0.6,0.3,0.0298
49.5266,-98.0628,0.2705,261.51,237.08,19.5,19.5,1.18,0.6,0.3,0.0245
49.5266,-98.0576,0.2582,262.67,236.56,19.5,19.5,1.2,0.6,0.3,0.0113
49.5266,-98.0524,0.2432,265.19,236.86,19.5,19.5,1.2,0.6,0.3,0.013
49.5266,-98.0472,0.2523,266.66,238.52,19.5,19.5,1.54,0.6,0.3,0.0132
49.5266,-98.042,0.2709,265.77,238.99,19.5,19.5,1.67,0.6,0.3,0.0408
49.5266,-98.0368,0.2911,265.07,238.03,19.5,19.5,1.86,0.6,0.3,0.0207
49.5266,-98.0316,0.2705,266.91,237.0,19.5,19.5,2.07,0.59,0.31,0.019
49.5266,-98.0265,0.2461,269.84,236.83,19.5,19.5,2.2,0.55,0.34,0.0172
49.5266,-98.0213,0.2366,270.12,237.7,19.5,19.5,2.18,0.53,0.35,0.0195
49.5266,-98.0161,0.2582,267.34,237.39,19.5,19.5,2.33,0.52,0.35,0.0153
49.5266,-98.0109,0.2759,264.85,234.08,19.5,19.5,2.29,0.54,0.34,0.0187
49.5266,-98.0057,0.2599,264.2,231.11,19.6,19.6,1.85,0.53,0.33,0.0182
49.5266,-98.0005,0.2416,262.08,229.46,19.6,19.6,1.38,0.48,0.34,0.0242
49.5266,-97.9953,0.2531,258.4,227.76,19.6,19.6,0.81,0.43,0.36,0.0143
49.5266,-97.9901,0.2621,255.4,225.4,19.6,19.6,0.57,0.41,0.36,0.0119
49.5266,-97.985,0.2625,256.43,223.96,19.6,19.6,0.76,0.42,0.36,0.018
49.5266,-97.9798,0.2468,260.1,225.27,19.6,19.6,0.85,0.44,0.35,0.0195
49.5266,-97.9746,0.2328,263.34,229.2,19.6,19.6,1.18,0.46,0.35,0.0214
49.5266,-97.9694,0.2384,265.47,233.26,19.6,19.6,2.24,0.48,0.34,0.017
49.5266,-97.9642,0.2409,267.79,235.71,19.6,19.6,2.85,0.52,0.33,0.0164
49.5266,-97.959,0.261,270.34,235.76,19.6,19.6,3.36,0.47,0.35,0.0221
49.5266,-97.9538,0.2775,268.63,233.13,19.6,19.6,3.05,0.38,0.4,0.0238
49.5266,-97.9487,0.3021,264.27,231.34,19.6,19.6,1.96,0.3,0.45,0.062
49.5266,-97.9435,0.298,262.31,230.63,19.6,19.6,1.74,0.25,0.48,0.0395
49.5266,-97.9383,0.2918,262.06,229.93,19.6,19.6,1.87,0.24,0.48,0.0419
49.5266,-97.9331,0.2866,263.21,229.64,19.6,19.6,2.16,0.29,0.45,0.056
49.5266,-97.9279,0.302,264.67,230.26,19.6,19.6,2.9,0.3,0.44,0.1165
49.5266,-97.9227,0.322,265.24,231.09,19.6,19.6,3.15,0.31,0.42,0.0317
49.5266,-97.9175,0.3267,265.94,229.71,19.6,19.6,2.83,0.28,0.44,0.1203
49.5266,-97.9123,0.2959,267.95,227.15,19.6,19.6,2.1,0.26,0.46,0.0534
49.5266,-97.9072,0.2557,269.8,225.89,19.6,19.6,1.51,0.25,0.47,0.0152
49.5266,-97.902,0.2499,269.95,224.6,19.6,19.6,1.63,0.25,0.46,0.0135
49.5266,-97.8968,0.2834,269.4,222.62,19.6,19.6,2.04,0.27,0.43,0.0179
49.5266,-97.8916,0.3148,269.4,221.96,19.7,19.7,2.41,0.3,0.41,0.0226
49.5266,-97.8864,0.3065,269.92,222.44,19.7,19.7,2.47,0.3,0.4,0.0175
49.5266,-97.8812,0.2623,270.81,222.67,19.7,19.7,2.1,0.3,0.4,0.0199
49.5266,-97.876,0.2233,272.49,223.33,19.7,19.7,1.78,0.3,0.4,0.0135
49.5266,-97.8709,0.2013,274.7,225.67,19.8,19.8,1.74,0.29,0.41,0.0258
49.5266,-97.8657,0.2162,274.76,230.09,19.8,19.8,1.95,0.27,0.43,0.0114
49.5266,-97.8605,0.2256,274.45,234.76,19.8,19.8,1.82,0.25,0.44,0.0347
49.5266,-97.8553,0.2008,276.13,238.19,19.8,19.8,1.49,0.25,0.45,0.0233
49.5266,-97.8501,0.1813,277.29,239.87,19.8,19.8,1.26,0.26,0.44,0.0158
49.5266,-97.8449,0.1907,276.74,239.96,19.8,19.8,1.62,0.29,0.41,0.0209
49.5266,-97.8397,0.2134,277.28,240.78,19.8,19.8,2.4,0.3,0.4,0.0117
49.5266,-97.8345,0.247,277.95,243.11,19.8,19.8,3.06,0.3,0.4,0.0215
49.5266,-97.8294,0.2729,276.28,244.47,19.8,19.8,3.05,0.3,0.4,0.0256
49.5266,-97.8242,0.2745,274.61,244.97,19.8,19.8,2.74,0.29,0.41,0.027
49.5266,-97.819,0.268,273.47,245.4,19.8,19.8,2.37,0.29,0.42,0.0208
49.5266,-97.8138,0.272,272.81,244.44,19.8,19.8,2.41,0.28,0.42,0.018
49.5266,-97.8086,0.287,274.27,241.21,19.8,19.8,2.83,0.28,0.43,0.0244
49.5266,-97.8034,0.2427,277.08,237.16,19.8,19.8,2.54,0.26,0.45,0.0225
49.5266,-97.7982,0.2075,278.28,232.85,19.8,19.8,1.91,0.24,0.47,0.0295
49.5266,-97.7931,0.2045,277.72,230.54,19.8,19.8,1.66,0.23,0.49,0.0264
49.5266,-97.7879,0.2342,276.31,231.53,19.8,19.8,1.98,0.22,0.5,0.0424
49.5266,-97.7827,0.2638,276.14,234.55,19.8,19.8,2.52,0.22,0.5,0.015
49.5266,-97.7775,0.2673,276.97,237.69,19.8,19.8,2.75,0.22,0.5,0.0163
49.5266,-97.7723,0.2573,276.53,240.7,19.8,19.8,2.61,0.23,0.48,0.0165
49.5266,-97.7671,0.2709,274.36,241.08,19.8,19.8,2.55,0.26,0.46,0.0173
49.5266,-97.7619,0.2989,271.46,237.55,19.8,19.8,2.48,0.31,0.42,0.0226
49.5266,-97.7567,0.2941,268.21,233.36,19.8,19.8,2.07,0.35,0.39,0.0162
49.5266,-97.7516,0.3127,264.83,230.54,19.8,19.8,1.84,0.37,0.38,0.0172
49.5326,-98.1198,0.1693,276.12,247.31,19.6,19.6,1.79,0.59,0.3,0.0125
49.5326,-98.1146,0.1684,275.81,246.26,19.6,19.6,1.74,0.61,0.28,0.0096
49.5326,-98.1094,0.2016,272.12,244.8,19.6,19.6,1.74,0.63,0.26,0.0323
49.5326,-98.1043,0.2252,268.8,242.4,19.6,19.6,1.6,0.65,0.25,0.0309
49.5326,-98.0991,0.2277,266.62,239.76,19.6,19.6,1.3,0.66,0.24,0.0285
49.5326,-98.0939,0.2378,264.13,237.62,19.6,19.6,0.9,0.64,0.25,0.0144
49.5326,-98.0887,0.2505,261.37,235.42,19.6,19.6,0.71,0.65,0.24,0.014
49.5326,-98.0835,0.2635,259.88,233.74,19.6,19.6,0.85,0.65,0.24,0.0191
49.5326,-98.0783,0.2688,260.95,233.51,19.6,19.6,1.23,0.65,0.24,0.0245
49.5326,-98.0731,0.2641,262.75,234.24,19.6,19.6,1.47,0.64,0.26,0.0134
49.5326,-98.0679,0.2742,262.94,234.4,19.5,19.5,1.56,0.62,0.28,0.0137
49.5326,-98.0628,0.2836,262.71,234.39,19.5,19.5,1.48,0.61,0.29,0.039
49.5326,-98.0576,0.2936,263.01,234.81,19.5,19.5,1.55,0.6,0.3,0.0341
49.5326,-98.0524,0.2816,264.75,236.04,19.5,19.5,1.64,0.6,0.3,0.0415
49.5326,-98.0472,0.2646,265.86,237.37,19.5,19.5,1.92,0.6,0.3,0.0179
49.5326,-98.042,0.2705,264.6,236.78,19.5,19.5,2.24,0.6,0.3,0.0185
49.5326,-98.0368,0.26,263.45,235.54,19.5,19.5,1.95,0.6,0.3,0.0189
49.5326,-98.0316,0.2304,265.37,234.93,19.5,19.5,1.74,0.6,0.3,0.0162
49.5326,-98.0265,0.1868,270.19,234.99,19.5,19.5,1.44,0.59,0.31,0.0209
49.5326,-98.0213,0.1638,273.18,235.79,19.5,19.5,1.51,0.58,0.31,0.0105
49.5326,-98.0161,0.188,270.75,235.85,19.5,19.5,1.92,0.58,0.31,0.0121
49.5326,-98.0109,0.2206,267.37,234.13,19.5,19.5,2.02,0.56,0.31,0.0146
49.5326,-98.0057,0.2323,266.86,232.92,19.6,19.6,2.29,0.54,0.32,0.0186
49.5326,-98.0005,0.2363,265.1,231.88,19.6,19.6,2.11,0.51,0.33,0.0163
49.5326,-97.9953,0.254,260.82,229.65,19.6,19.6,1.44,0.5,0.33,0.0293
49.5326,-97.9901,0.2709,256.48,226.31,19.6,19.6,1.17,0.52,0.33,0.0246
49.5326,-97.985,0.2745,257.09,225.58,19.6,19.6,1.14,0.53,0.32,0.0267
49.5326,-97.9798,0.2578,260.45,228.63,19.6,19.6,1.26,0.55,0.32,0.0316
49.5326,-97.9746,0.2552,263.18,233.4,19.6,19.6,1.91,0.55,0.32,0.05
49.5326,-97.9694,0.2711,264.86,237.05,19.6,19.6,2.44,0.53,0.32,0.0212
49.5326,-97.9642,0.2827,266.76,238.27,19.6,19.6,3.04,0.51,0.33,0.0276
49.5326,-97.959,0.2634,269.25,237.28,19.6,19.6,3.37,0.43,0.37,0.0241
49.5326,-97.9538,0.2877,268.77,233.09,19.6,19.6,2.88,0.34,0.41,0.0234
49.5326,-97.9487,0.3018,264.69,229.71,19.6,19.6,1.98,0.26,0.47,0.0167
49.5326,-97.9435,0.2958,263.09,228.65,19.6,19.6,1.31,0.21,0.51,0.0319
49.5326,-97.9383,0.2934,263.45,228.05,19.6,19.6,1.04,0.21,0.52,0.0203
49.5326,-97.9331,0.3025,265.01,227.78,19.6,19.6,2.03,0.22,0.5,0.0544
49.5326,-97.9279,0.3082,266.16,228.65,19.6,19.6,3.05,0.24,0.48,0.0198
49.5326,-97.9227,0.3213,265.58,230.35,19.6,19.6,3.44,0.25,0.46,0.0255
49.5326,-97.9175,0.3204,264.69,230.08,19.6,19.6,3.48,0.26,0.45,0.0293
49.5326,-97.9123,0.2788,265.33,228.13,19.6,19.6,2.74,0.28,0.43,0.0267
49.5326,-97.9072,0.2432,267.94,227.39,19.6,19.6,1.89,0.27,0.43,0.0124
49.5326,-97.902,0.2316,270.38,227.12,19.6,19.6,1.55,0.26,0.45,0.0122
49.5326,-97.8968,0.2534,270.83,225.27,19.6,19.6,1.73,0.25,0.46,0.0137
49.5326,-97.8916,0.3029,270.41,223.29,19.7,19.7,2.12,0.25,0.46,0.0183
49.5326,-97.8864,0.3043,270.73,222.73,19.7,19.7,2.38,0.25,0.46,0.0181
49.5326,-97.8812,0.2834,271.49,222.62,19.7,19.7,2.39,0.26,0.45,0.0157
49.5326,-97.876,0.243,272.89,222.9,19.7,19.7,2.11,0.28,0.43,0.0139
49.5326,-97.8709,0.2127,274.88,224.93,19.8,19.8,1.83,0.27,0.43,0.0128
49.5326,-97.8657,0.2222,274.57,229.78,19.8,19.8,1.66,0.23,0.47,0.0258
49.5326,-97.8605,0.246,274.02,234.73,19.8,19.8,1.55,0.18,0.52,0.03
49.5326,-97.8553,0.2336,275.75,238.39,19.8,19.8,1.53,0.17,0.53,0.0199
49.5326,-97.8501,0.2223,276.59,239.99,19.8,19.8,1.72,0.18,0.52,0.0256
49.5326,-97.8449,0.2342,276.01,240.3,19.8,19.8,2.25,0.22,0.5,0.0126
49.5326,-97.8397,0.2315,276.97,241.56,19.8,19.8,2.72,0.26,0.45,0.0188
49.5326,-97.8345,0.2358,277.72,243.64,19.8,19.8,3.02,0.29,0.41,0.0181
49.5326,-97.8294,0.2501,276.8,244.38,19.8,19.8,2.93,0.3,0.4,0.0185
49.5326,-97.8242,0.2627,276.07,244.93,19.8,19.8,2.85,0.3,0.4,0.0237
49.5326,-97.819,0.2791,275.35,245.97,19.8,19.8,2.9,0.29,0.41,0.0268
49.5326,-97.8138,0.303,274.61,245.38,19.8,19.8,2.98,0.26,0.46,0.0341
49.5326,-97.8086,0.3221,274.56,240.29,19.8,19.8,2.98,0.21,0.51,0.0318
49.5326,-97.8034,0.2971,274.48,232.47,19.8,19.8,2.47,0.16,0.57,0.0181
49.5326,-97.7982,0.2699,273.63,225.68,19.8,19.8,1.75,0.14,0.6,0.0317
49.5326,-97.7931,0.2601,273.13,223.01,19.8,19.8,1.47,0.12,0.62,0.026
49.5326,-97.7879,0.2759,272.85,223.88,19.8,19.8,1.84,0.12,0.63,0.0121
49.5326,-97.7827,0.3055,273.18,226.4,19.8,19.8,2.39,0.14,0.6,0.0211
49.5326,-97.7775,0.3045,275.09,230.69,19.8,19.8,2.72,0.15,0.59,0.0201
49.5326,-97.7723,0.2857,276.13,236.06,19.8,19.8,2.72,0.18,0.55,0.017
49.5326,-97.7671,0.2861,274.75,238.92,19.8,19.8,2.68,0.23,0.49,0.0139
49.5326,-97.7619,0.3059,272.4,237.18,19.8,19.8,2.63,0.27,0.45,0.021
49.5326,-97.7567,0.3098,270.33,234.28,19.8,19.8,2.39,0.33,0.41,0.0187
49.5326,-97.7516,0.3035,268.45,232.33,19.8,19.8,2.21,0.37,0.38,0.0199
49.5386,-98.1198,0.133,275.4,245.4,19.6,19.6,0.89,0.68,0.22,0.0125
49.5386,-98.1146,0.1436,273.95,243.54,19.6,19.6,0.94,0.7,0.2,0.0125
49.5386,-98.1094,0.1877,270.26,241.06,19.6,19.6,1.56,0.73,0.17,0.0271
49.5386,-98.1043,0.2249,268.14,238.09,19.6,19.6,1.98,0.76,0.14,0.0143
49.5386,-98.0991,0.2402,266.45,235.59,19.6,19.6,2.0,0.75,0.15,0.0159
49.5386,-98.0939,0.2268,263.7,233.9,19.6,19.6,1.46,0.75,0.15,0.0264
49.5386,-98.0887,0.2195,260.58,232.33,19.6,19.6,1.17,0.75,0.15,0.021
49.5386,-98.0835,0.2206,259.11,231.25,19.6,19.6,1.11,0.72,0.18,0.0245
49.5386,-98.0783,0.2251,260.9,231.39,19.6,19.6,1.34,0.68,0.21,0.0299
49.5386,-98.0731,0.2367,264.6,231.97,19.6,19.6,1.57,0.63,0.26,0.0134
49.5386,-98.0679,0.2638,265.54,232.14,19.5,19.5,1.64,0.58,0.29,0.0141
49.5386,-98.0628,0.3045,264.92,232.5,19.5,19.5,1.82,0.57,0.3,0.0172
49.5386,-98.0576,0.2929,265.17,233.62,19.5,19.5,1.79,0.59,0.3,0.0167
49.5386,-98.0524,0.2684,266.93,235.45,19.5,19.5,1.99,0.6,0.3,0.0168
49.5386,-98.0472,0.255,266.79,236.39,19.5,19.5,2.28,0.6,0.3,0.019
49.5386,-98.042,0.2573,264.18,234.35,19.5,19.5,2.33,0.59,0.3,0.0177
49.5386,-98.0368,0.2438,262.39,231.43,19.5,19.5,1.7,0.58,0.31,0.0357
49.5386,-98.0316,0.2119,264.03,230.55,19.5,19.5,1.26,0.59,0.3,0.0254
49.5386,-98.0265,0.1769,268.9,231.97,19.5,19.5,1.12,0.59,0.3,0.0141
49.5386,-98.0213,0.1675,272.59,234.08,19.5,19.5,1.46,0.57,0.31,0.0117
49.5386,-98.0161,0.189,271.32,235.19,19.5,19.5,1.99,0.55,0.32,0.0112
49.5386,-98.0109,0.215,268.79,234.84,19.5,19.5,2.19,0.51,0.33,0.0138
49.5386,-98.0057,0.2302,268.31,234.48,19.6,19.6,2.53,0.5,0.33,0.0197
49.5386,-98.0005,0.2295,267.05,233.98,19.6,19.6,2.22,0.52,0.33,0.0184
49.5386,-97.9953,0.2394,264.19,232.46,19.6,19.6,1.77,0.55,0.32,0.014
49.5386,-97.9901,0.248,261.29,229.95,19.6,19.6,1.46,0.58,0.31,0.0368
49.5386,-97.985,0.2596,261.73,230.23,19.6,19.6,1.61,0.58,0.31,0.037
49.5386,-97.9798,0.2781,264.12,234.07,19.6,19.6,1.98,0.55,0.32,0.0164
49.5386,-97.9746,0.3099,266.55,238.79,19.6,19.6,2.62,0.52,0.33,0.0255
49.5386,-97.9694,0.3137,267.89,241.37,19.6,19.6,3.22,0.49,0.34,0.037
49.5386,-97.9642,0.3005,267.92,241.17,19.6,19.6,3.13,0.45,0.35,0.0248
49.5386,-97.959,0.292,267.16,238.74,19.6,19.6,2.69,0.42,0.37,0.0207
49.5386,-97.9538,0.2723,265.41,233.17,19.6,19.6,2.08,0.37,0.39,0.0527
49.5386,-97.9487,0.2868,264.35,229.5,19.6,19.6,1.8,0.3,0.44,0.0456
49.5386,-97.9435,0.3091,264.1,228.33,19.6,19.6,1.69,0.25,0.47,0.0407
49.5386,-97.9383,0.3268,264.76,227.13,19.6,19.6,1.89,0.23,0.49,0.0151
49.5386,-97.9331,0.3396,265.89,225.72,19.6,19.6,2.23,0.23,0.49,0.0195
49.5386,-97.9279,0.3552,265.37,225.63,19.6,19.6,2.42,0.25,0.47,0.0274
49.5386,-97.9227,0.3432,263.77,226.69,19.6,19.6,2.39,0.25,0.46,0.0266
49.5386,-97.9175,0.3435,262.82,227.17,19.6,19.6,2.25,0.24,0.47,0.0793
49.5386,-97.9123,0.3116,263.92,227.34,19.6,19.6,2.06,0.23,0.49,0.0563
49.5386,-97.9072,0.2811,266.95,228.04,19.6,19.6,2.04,0.21,0.51,0.0452
49.5386,-97.902,0.2664,269.36,228.24,19.6,19.6,1.93,0.2,0.53,0.0472
49.5386,-97.8968,0.2911,269.73,226.53,19.7,19.7,1.96,0.16,0.58,0.0167
49.5386,-97.8916,0.3285,270.27,224.69,19.7,19.7,2.07,0.14,0.6,0.0202
49.5386,-97.8864,0.3345,271.45,224.03,19.7,19.7,2.47,0.15,0.59,0.02
49.5386,-97.8812,0.3354,272.42,223.64,19.7,19.7,2.87,0.18,0.55,0.0221
49.5386,-97.876,0.3052,273.81,223.48,19.7,19.7,2.56,0.19,0.53,0.0203
49.5386,-97.8709,0.25,275.49,224.26,19.8,19.8,1.9,0.18,0.55,0.0118
49.5386,-97.8657,0.2386,274.72,226.78,19.8,19.8,1.16,0.16,0.57,0.0178
49.5386,-97.8605,0.2439,273.15,229.92,19.8,19.8,0.83,0.13,0.58,0.0139
49.5386,-97.8553,0.2534,273.76,233.05,19.8,19.8,1.18,0.11,0.6,0.0205
49.5386,-97.8501,0.2766,273.58,235.47,19.8,19.8,1.9,0.12,0.6,0.0132
49.5386,-97.8449,0.3077,272.77,237.12,19.8,19.8,2.7,0.15,0.56,0.0241
49.5386,-97.8397,0.2952,273.79,239.08,19.8,19.8,3.01,0.2,0.53,0.0206
49.5386,-97.8345,0.2688,274.73,240.32,19.8,19.8,2.93,0.25,0.46,0.0214
49.5386,-97.8294,0.262,274.25,239.82,19.8,19.8,2.64,0.29,0.41,0.0186
49.5386,-97.8242,0.2598,273.73,239.97,19.8,19.8,2.38,0.3,0.4,0.0161
49.5386,-97.819,0.2626,273.45,240.69,19.8,19.8,2.25,0.29,0.42,0.0188
49.5386,-97.8138,0.279,273.15,240.09,19.8,19.8,2.19,0.23,0.49,0.0189
49.5386,-97.8086,0.2943,272.41,235.13,19.8,19.8,2.04,0.17,0.56,0.0185
49.5386,-97.8034,0.2959,271.56,226.48,19.8,19.8,1.63,0.12,0.63,0.0282
49.5386,-97.7982,0.2875,270.77,219.49,19.8,19.8,1.24,0.1,0.65,0.0225
49.5386,-97.7931,0.2842,270.32,216.43,19.8,19.8,1.22,0.1,0.65,0.0196
49.5386,-97.7879,0.2929,270.19,216.82,19.8,19.8,1.38,0.1,0.65,0.0275
49.5386,-97.7827,0.3101,271.24,219.2,19.8,19.8,1.99,0.1,0.65,0.0155
49.5386,-97.7775,0.3146,273.73,224.24,19.8,19.8,2.48,0.12,0.63,0.0188
49.5386,-97.7723,0.3277,274.69,231.02,19.8,19.8,2.94,0.14,0.61,0.0236
49.5386,-97.7671,0.3597,273.4,235.29,19.8,19.8,3.19,0.15,0.59,0.0252
49.5386,-97.7619,0.379,271.54,235.33,19.8,19.8,2.99,0.17,0.56,0.0357
49.5386,-97.7567,0.3563,269.73,234.0,19.8,19.8,2.64,0.18,0.54,0.0316
49.5386,-97.7516,0.3413,268.38,233.27,19.8,19.8,2.24,0.19,0.53,0.0219
49.5446,-98.1198,0.1618,271.13,243.52,19.6,19.6,0.87,0.71,0.19,0.0117
49.5446,-98.1146,0.1787,269.11,240.06,19.6,19.6,0.89,0.72,0.18,0.0174
49.5446,-98.1094,0.1974,268.11,237.52,19.6,19.6,1.14,0.74,0.16,0.0183
49.5446,-98.1043,0.215,268.21,235.59,19.6,19.6,1.87,0.74,0.16,0.0143
49.5446,-98.0991,0.2289,267.07,234.03,19.6,19.6,2.13,0.75,0.15,0.0147
49.5446,-98.0939,0.2305,264.8,233.16,19.6,19.6,2.0,0.76,0.14,0.015
49.5446,-98.0887,0.2308,262.03,232.32,19.6,19.6,1.92,0.76,0.14,0.0143
49.5446,-98.0835,0.2377,259.88,231.43,19.6,19.6,1.9,0.73,0.17,0.0169
49.5446,-98.0783,0.2401,260.04,231.15,19.6,19.6,1.79,0.68,0.21,0.0122
49.5446,-98.0731,0.2359,262.81,230.71,19.6,19.6,1.47,0.61,0.27,0.0119
49.5446,-98.0679,0.2407,263.98,229.93,19.5,19.5,1.21,0.58,0.29,0.0128
49.5446,-98.0628,0.2592,263.78,230.0,19.5,19.5,1.62,0.57,0.3,0.0142
49.5446,-98.0576,0.2794,264.17,231.15,19.5,19.5,1.89,0.58,0.3,0.0157
49.5446,-98.0524,0.2741,265.38,232.68,19.5,19.5,2.24,0.6,0.3,0.0193
49.5446,-98.0472,0.2698,264.82,233.0,19.5,19.5,2.21,0.59,0.3,0.0187
49.5446,-98.042,0.272,262.21,230.89,19.5,19.5,2.06,0.58,0.31,0.0172
49.5446,-98.0368,0.2623,260.41,228.42,19.5,19.5,1.67,0.57,0.31,0.0355
49.5446,-98.0316,0.2405,262.64,227.8,19.5,19.5,1.42,0.55,0.32,0.0254
49.5446,-98.0265,0.2027,268.37,229.55,19.5,19.5,1.64,0.55,0.32,0.0334
49.5446,-98.0213,0.1848,271.89,232.03,19.5,19.5,1.74,0.56,0.31,0.011
49.5446,-98.0161,0.2223,269.99,233.67,19.5,19.5,2.1,0.53,0.32,0.0155
49.5446,-98.0109,0.2388,267.93,234.34,19.5,19.5,1.88,0.51,0.33,0.0143
49.5446,-98.0057,0.2139,268.14,234.73,19.6,19.6,1.48,0.51,0.33,0.0293
49.5446,-98.0005,0.1966,267.64,234.76,19.6,19.6,1.16,0.54,0.32,0.0159
49.5446,-97.9953,0.2048,265.89,233.92,19.6,19.6,1.0,0.58,0.31,0.0144
49.5446,-97.9901,0.2249,264.19,232.99,19.6,19.6,1.03,0.55,0.32,0.0179
49.5446,-97.985,0.2277,265.33,235.0,19.6,19.6,1.18,0.5,0.33,0.0233
49.5446,-97.9798,0.2234,268.03,239.19,19.6,19.6,1.55,0.47,0.34,0.0263
49.5446,-97.9746,0.2334,270.12,242.24,19.6,19.6,2.24,0.43,0.36,0.0158
49.5446,-97.9694,0.2559,270.65,242.83,19.6,19.6,2.72,0.43,0.36,0.0168
49.5446,-97.9642,0.2457,269.58,241.33,19.6,19.6,2.58,0.46,0.35,0.0192
49.5446,-97.959,0.232,267.9,238.0,19.6,19.6,1.95,0.45,0.35,0.0316
49.5446,-97.9538,0.2369,266.89,232.75,19.6,19.6,1.49,0.42,0.37,0.0235
49.5446,-97.9487,0.247,266.7,229.91,19.6,19.6,1.46,0.35,0.4,0.0319
49.5446,-97.9435,0.2983,266.13,228.52,19.6,19.6,1.58,0.25,0.49,0.0324
49.5446,-97.9383,0.3574,265.71,226.82,19.6,19.6,2.18,0.21,0.52,0.0216
49.5446,-97.9331,0.3827,264.78,224.52,19.6,19.6,2.27,0.21,0.51,0.0262
49.5446,-97.9279,0.3478,262.5,221.97,19.6,19.6,1.85,0.24,0.48,0.0197
49.5446,-97.9227,0.3267,259.95,221.16,19.7,19.7,1.29,0.27,0.44,0.0325
49.5446,-97.9175,0.3195,259.49,222.15,19.7,19.7,0.8,0.24,0.48,0.0231
49.5446,-97.9123,0.316,262.57,224.71,19.7,19.7,1.08,0.22,0.5,0.0255
49.5446,-97.9072,0.3219,267.6,227.12,19.7,19.7,2.13,0.19,0.54,0.0465
49.5446,-97.902,0.3135,270.76,227.7,19.7,19.7,2.33,0.15,0.59,0.0568
49.5446,-97.8968,0.3222,271.04,226.93,19.7,19.7,2.26,0.12,0.62,0.0151
49.5446,-97.8916,0.3053,272.07,226.85,19.7,19.7,2.01,0.11,0.64,0.0177
49.5446,-97.8864,0.2898,273.35,226.89,19.7,19.7,1.99,0.13,0.62,0.0119
49.5446,-97.8812,0.3091,273.72,226.4,19.7,19.7,2.52,0.14,0.6,0.0192
49.5446,-97.876,0.3111,274.27,225.57,19.7,19.7,2.53,0.15,0.59,0.0227
49.5446,-97.8709,0.27,275.24,224.71,19.7,19.7,2.0,0.13,0.61,0.043
49.5446,-97.8657,0.2505,274.45,225.14,19.8,19.8,1.19,0.11,0.64,0.0163
49.5446,-97.8605,0.2571,271.85,226.66,19.8,19.8,0.79,0.1,0.65,0.0146
49.5446,-97.8553,0.2798,270.52,229.14,19.8,19.8,1.16,0.11,0.62,0.0223
49.5446,-97.8501,0.303,270.26,232.12,19.8,19.8,1.82,0.11,0.61,0.0166
49.5446,-97.8449,0.3218,270.31,234.14,19.8,19.8,2.26,0.12,0.6,0.0193
49.5446,-97.8397,0.313,271.21,235.56,19.8,19.8,2.4,0.15,0.56,0.0222
49.5446,-97.8345,0.3159,271.15,235.63,19.8,19.8,2.43,0.19,0.54,0.0209
49.5446,-97.8294,0.2991,270.11,234.08,19.8,19.8,2.12,0.22,0.49,0.0164
49.5446,-97.8242,0.2774,269.79,233.77,19.8,19.8,1.87,0.24,0.47,0.0132
49.5446,-97.819,0.2773,269.87,234.34,19.8,19.8,1.81,0.23,0.49,0.0375
49.5446,-97.8138,0.2803,270.04,233.95,19.8,19.8,1.57,0.19,0.54,0.0293
49.5446,-97.8086,0.2913,269.63,229.8,19.8,19.8,1.42,0.15,0.59,0.0243
49.5446,-97.8034,0.3052,268.86,221.8,19.9,19.9,1.17,0.11,0.64,0.0214
49.5446,-97.7982,0.3026,267.66,214.81,19.9,19.9,0.83,0.1,0.65,0.0165
49.5446,-97.7931,0.3063,266.13,212.04,19.9,19.9,0.58,0.1,0.65,0.0142
49.5446,-97.7879,0.3073,266.22,213.21,19.9,19.9,0.65,0.1,0.65,0.0169
49.5446,-97.7827,0.3044,268.56,216.56,19.9,19.9,1.2,0.1,0.65,0.0234
49.5446,-97.7775,0.3064,272.09,221.95,19.9,19.9,1.93,0.1,0.65,0.0129
49.5446,-97.7723,0.328,273.65,228.19,19.9,19.9,2.64,0.1,0.65,0.0182
49.5446,-97.7671,0.3654,272.6,231.66,19.9,19.9,2.94,0.1,0.65,0.023
49.5446,-97.7619,0.3493,270.41,231.68,19.8,19.8,2.45,0.1,0.65,0.0176
49.5446,-97.7567,0.3449,268.05,230.66,19.8,19.8,2.1,0.11,0.64,0.0205
49.5446,-97.7516,0.3536,266.2,229.9,19.8,19.8,1.91,0.12,0.63,0.0228
49.5506,-98.1198,0.2016,267.15,240.89,19.6,19.6,0.92,0.64,0.26,0.0156
49.5506,-98.1146,0.2061,266.02,238.61,19.6,19.6,0.84,0.67,0.23,0.0157
49.5506,-98.1094,0.193,266.72,237.09,19.6,19.6,1.0,0.69,0.21,0.0173
49.5506,-98.1043,0.1995,267.28,235.69,19.6,19.6,1.45,0.71,0.19,0.0251
49.5506,-98.0991,0.2023,266.26,234.66,19.6,19.6,1.7,0.74,0.16,0.0144
49.5506,-98.0939,0.1945,264.82,234.33,19.6,19.6,1.69,0.77,0.13,0.0108
49.5506,-98.0887,0.207,263.58,233.74,19.6,19.6,1.73,0.78,0.12,0.0122
49.5506,-98.0835,0.228,261.84,232.74,19.6,19.6,2.0,0.77,0.13,0.0161
49.5506,-98.0783,0.2368,259.59,232.61,19.6,19.6,1.48,0.74,0.16,0.0155
49.5506,-98.0731,0.2326,259.36,232.4,19.6,19.6,0.82,0.73,0.17,0.0172
49.5506,-98.0679,0.2342,260.26,230.7,19.5,19.5,0.84,0.7,0.19,0.015
49.5506,-98.0628,0.2505,260.81,229.54,19.5,19.5,1.28,0.66,0.23,0.0226
49.5506,-98.0576,0.2684,261.66,229.59,19.5,19.5,1.99,0.64,0.26,0.0167
49.5506,-98.0524,0.2924,262.72,230.24,19.5,19.5,2.66,0.62,0.28,0.0268
49.5506,-98.0472,0.2936,261.7,229.57,19.5,19.5,2.66,0.6,0.3,0.0195
49.5506,-98.042,0.3033,259.05,227.26,19.5,19.5,2.36,0.56,0.31,0.0219
49.5506,-98.0368,0.2968,257.54,224.99,19.5,19.5,1.7,0.51,0.33,0.0434
49.5506,-98.0316,0.2693,259.79,224.37,19.5,19.5,1.5,0.5,0.33,0.0306
49.5506,-98.0265,0.2216,265.22,226.02,19.5,19.5,1.39,0.52,0.33,0.0229
49.5506,-98.0213,0.2051,269.34,228.6,19.5,19.5,1.47,0.55,0.32,0.0251
49.5506,-98.0161,0.2214,268.92,231.21,19.5,19.5,1.72,0.57,0.31,0.0128
49.5506,-98.0109,0.2248,267.56,232.62,19.5,19.5,1.33,0.57,0.31,0.0122
49.5506,-98.0057,0.2088,267.72,233.18,19.6,19.6,1.19,0.57,0.31,0.0219
49.5506,-98.0005,0.2001,267.22,233.46,19.6,19.6,0.88,0.58,0.31,0.0139
49.5506,-97.9953,0.2158,265.75,233.29,19.6,19.6,0.89,0.55,0.32,0.0178
49.5506,-97.9901,0.239,264.95,233.67,19.6,19.6,1.22,0.48,0.34,0.0125
49.5506,-97.985,0.2522,266.81,236.83,19.6,19.6,1.83,0.44,0.35,0.0164
49.5506,-97.9798,0.2463,269.02,241.19,19.6,19.6,1.96,0.4,0.37,0.013
49.5506,-97.9746,0.2422,270.06,243.36,19.6,19.6,2.02,0.4,0.37,0.0176
49.5506,-97.9694,0.2581,269.59,243.21,19.6,19.6,2.29,0.4,0.37,0.0185
49.5506,-97.9642,0.2559,268.11,241.18,19.6,19.6,2.06,0.42,0.36,0.0169
49.5506,-97.959,0.2677,267.0,237.38,19.6,19.6,1.64,0.41,0.37,0.0363
49.5506,-97.9538,0.2662,267.24,232.47,19.6,19.6,1.28,0.35,0.42,0.0223
49.5506,-97.9487,0.2579,268.1,229.22,19.6,19.6,1.18,0.3,0.46,0.02
49.5506,-97.9435,0.2791,268.08,227.5,19.6,19.6,1.33,0.22,0.52,0.026
49.5506,-97.9383,0.314,266.62,225.63,19.6,19.6,1.61,0.17,0.57,0.0144
49.5506,-97.9331,0.333,263.47,222.71,19.6,19.6,1.63,0.19,0.54,0.019
49.5506,-97.9279,0.3519,259.09,218.68,19.6,19.6,1.43,0.21,0.52,0.0174
49.5506,-97.9227,0.3407,256.37,216.74,19.7,19.7,0.95,0.21,0.51,0.0258
49.5506,-97.9175,0.3167,256.91,218.01,19.7,19.7,0.58,0.22,0.5,0.0169
49.5506,-97.9123,0.3048,261.15,221.69,19.7,19.7,1.33,0.2,0.53,0.0269
49.5506,-97.9072,0.2921,267.42,225.98,19.7,19.7,2.19,0.18,0.54,0.0425
49.5506,-97.902,0.2855,271.41,228.28,19.7,19.7,2.79,0.17,0.56,0.0199
49.5506,-97.8968,0.283,271.81,228.2,19.7,19.7,2.53,0.14,0.6,0.0164
49.5506,-97.8916,0.278,272.55,228.46,19.7,19.7,1.51,0.11,0.64,0.0259
49.5506,-97.8864,0.2685,274.01,228.87,19.7,19.7,1.53,0.12,0.62,0.0223
49.5506,-97.8812,0.2721,274.86,228.72,19.7,19.7,1.91,0.13,0.62,0.0166
49.5506,-97.876,0.2838,275.71,228.11,19.7,19.7,2.29,0.12,0.62,0.0191
49.5506,-97.8709,0.2706,275.96,226.21,19.8,19.8,2.1,0.11,0.63,0.0187
49.5506,-97.8657,0.258,274.01,225.38,19.8,19.8,1.41,0.1,0.65,0.0222
49.5506,-97.8605,0.2729,271.31,226.59,19.8,19.8,1.26,0.1,0.65,0.0207
49.5506,-97.8553,0.2995,270.38,228.76,19.8,19.8,1.67,0.1,0.64,0.0304
49.5506,-97.8501,0.3173,270.47,230.36,19.8,19.8,2.23,0.11,0.61,0.0205
49.5506,-97.8449,0.3272,270.1,230.59,19.8,19.8,2.35,0.11,0.6,0.02
49.5506,-97.8397,0.3113,269.98,230.71,19.8,19.8,2.06,0.12,0.59,0.02
49.5506,-97.8345,0.2866,269.33,230.61,19.8,19.8,1.62,0.13,0.58,0.0353
49.5506,-97.8294,0.2894,268.34,230.03,19.8,19.8,1.54,0.14,0.58,0.0317
49.5506,-97.8242,0.3023,268.2,230.94,19.8,19.8,1.9,0.14,0.6,0.0158
49.5506,-97.819,0.3223,268.67,232.68,19.8,19.8,2.3,0.13,0.61,0.0201
49.5506,-97.8138,0.3447,269.49,232.9,19.8,19.8,2.77,0.12,0.63,0.0246
49.5506,-97.8086,0.3476,269.93,228.22,19.8,19.8,2.62,0.1,0.65,0.0273
49.5506,-97.8034,0.335,269.44,219.73,19.9,19.9,2.04,0.1,0.65,0.0539
49.5506,-97.7982,0.3157,268.46,212.76,19.9,19.9,1.36,0.1,0.65,0.0276
49.5506,-97.7931,0.2943,268.17,210.53,19.9,19.9,0.75,0.1,0.65,0.0156
49.5506,-97.7879,0.2829,268.54,212.59,19.9,19.9,0.51,0.1,0.65,0.013
49.5506,-97.7827,0.2847,269.95,217.1,19.9,19.9,1.02,0.1,0.65,0.0219
49.5506,-97.7775,0.2938,272.65,222.64,19.9,19.9,1.83,0.1,0.65,0.0296
49.5506,-97.7723,0.2912,274.3,227.58,19.9,19.9,2.22,0.1,0.65,0.0173
49.5506,-97.7671,0.2839,273.38,229.87,19.9,19.9,2.13,0.1,0.65,0.0177
49.5506,-97.7619,0.2845,270.95,229.08,19.9,19.9,1.72,0.1,0.65,0.0143
49.5506,-97.7567,0.2958,268.23,227.18,19.9,19.9,1.42,0.1,0.65,0.013
49.5506,-97.7516,0.3273,265.91,225.61,19.9,19.9,1.52,0.1,0.65,0.014
49.5566,-98.1198,0.1987,266.39,239.17,19.6,19.6,0.82,0.65,0.25,0.0164
49.5566,-98.1146,0.2044,265.83,238.18,19.6,19.6,0.81,0.68,0.22,0.0155
49.5566,-98.1094,0.1966,266.66,237.29,19.6,19.6,1.08,0.71,0.19,0.0182
49.5566,-98.1043,0.1815,267.23,236.3,19.6,19.6,1.42,0.74,0.17,0.011
49.5566,-98.0991,0.1821,266.87,235.69,19.6,19.6,1.61,0.75,0.16,0.0122
49.5566,-98.0939,0.1949,265.47,235.49,19.6,19.6,1.48,0.76,0.14,0.0115
49.5566,-98.0887,0.2051,264.2,235.01,19.6,19.6,1.88,0.78,0.12,0.0147
49.5566,-98.0835,0.2234,263.18,234.37,19.6,19.6,1.94,0.78,0.12,0.0153
49.5566,-98.0783,0.2385,261.55,234.9,19.6,19.6,1.7,0.76,0.14,0.0156
49.5566,-98.0731,0.2344,260.92,236.22,19.6,19.6,1.4,0.75,0.15,0.0261
49.5566,-98.0679,0.2343,261.13,235.35,19.5,19.5,0.97,0.73,0.17,0.0192
49.5566,-98.0628,0.2692,261.16,233.3,19.5,19.5,1.34,0.7,0.2,0.0239
49.5566,-98.0576,0.2895,261.14,230.8,19.5,19.5,1.72,0.66,0.24,0.0493
49.5566,-98.0524,0.2863,260.84,228.64,19.5,19.5,1.73,0.62,0.28,0.0353
49.5566,-98.0472,0.2781,258.65,226.17,19.5,19.5,1.62,0.6,0.29,0.0371
49.5566,-98.042,0.2849,255.93,222.6,19.5,19.5,1.41,0.53,0.32,0.0332
49.5566,-98.0368,0.2874,254.95,219.83,19.5,19.5,0.95,0.48,0.34,0.0219
49.5566,-98.0316,0.2673,257.33,220.27,19.5,19.5,0.77,0.48,0.34,0.0171
49.5566,-98.0265,0.2377,262.33,223.46,19.5,19.5,0.72,0.5,0.33,0.0166
49.5566,-98.0213,0.2166,266.76,227.18,19.5,19.5,1.18,0.56,0.31,0.0116
49.5566,-98.0161,0.2273,267.63,229.47,19.5,19.5,1.7,0.59,0.3,0.0112
49.5566,-98.0109,0.2318,266.98,229.91,19.5,19.5,1.72,0.58,0.31,0.0126
49.5566,-98.0057,0.2098,266.52,230.56,19.6,19.6,1.27,0.59,0.3,0.0205
49.5566,-98.0005,0.2003,265.55,231.77,19.6,19.6,0.89,0.58,0.31,0.0157
49.5566,-97.9953,0.2259,264.72,232.97,19.6,19.6,1.12,0.54,0.32,0.02
49.5566,-97.9901,0.2509,265.74,234.9,19.6,19.6,1.48,0.48,0.34,0.0118
49.5566,-97.985,0.2712,268.61,238.24,19.6,19.6,1.82,0.46,0.35,0.0156
49.5566,-97.9798,0.2626,270.31,241.52,19.6,19.6,1.92,0.43,0.36,0.0138
49.5566,-97.9746,0.2663,270.24,242.59,19.6,19.6,2.02,0.42,0.36,0.0172
49.5566,-97.9694,0.2755,268.51,241.75,19.6,19.6,1.89,0.42,0.36,0.0165
49.5566,-97.9642,0.3111,266.46,239.95,19.6,19.6,2.06,0.41,0.36,0.0162
49.5566,-97.959,0.3589,266.24,237.45,19.6,19.6,2.34,0.37,0.41,0.0262
49.5566,-97.9538,0.3676,267.69,233.68,19.6,19.6,2.36,0.29,0.48,0.0255
49.5566,-97.9487,0.3566,269.08,230.19,19.6,19.6,2.36,0.19,0.56,0.0249
49.5566,-97.9435,0.3152,269.37,228.26,19.6,19.6,1.92,0.14,0.6,0.016
49.5566,-97.9383,0.2984,267.69,226.49,19.6,19.6,1.59,0.16,0.57,0.0127
49.5566,-97.9331,0.3262,263.2,223.12,19.6,19.6,1.32,0.17,0.57,0.0289
49.5566,-97.9279,0.343,258.11,218.35,19.7,19.7,0.91,0.16,0.57,0.021
49.5566,-97.9227,0.3484,255.72,215.9,19.7,19.7,0.66,0.15,0.59,0.015
49.5566,-97.9175,0.3341,256.44,217.01,19.7,19.7,0.48,0.13,0.61,0.0142
49.5566,-97.9123,0.3092,260.47,220.76,19.7,19.7,0.84,0.15,0.58,0.0187
49.5566,-97.9072,0.2728,265.81,225.03,19.7,19.7,1.63,0.18,0.54,0.0276
49.5566,-97.902,0.2617,268.97,227.55,19.7,19.7,1.83,0.19,0.54,0.033
49.5566,-97.8968,0.2659,269.68,227.87,19.7,19.7,1.59,0.17,0.56,0.0313
49.5566,-97.8916,0.2626,271.63,228.57,19.7,19.7,1.08,0.14,0.6,0.0193
49.5566,-97.8864,0.2564,273.94,229.33,19.7,19.7,1.14,0.12,0.63,0.0211
49.5566,-97.8812,0.2729,275.3,229.28,19.7,19.7,1.78,0.11,0.64,0.0261
49.5566,-97.876,0.2789,276.5,228.93,19.7,19.7,2.21,0.1,0.65,0.0189
49.5566,-97.8709,0.2605,276.73,227.36,19.8,19.8,2.01,0.1,0.65,0.0171
49.5566,-97.8657,0.2548,274.1,225.78,19.8,19.8,1.29,0.1,0.65,0.0179
49.5566,-97.8605,0.274,270.9,226.28,19.8,19.8,1.15,0.1,0.65,0.0214
49.5566,-97.8553,0.3037,269.84,227.78,19.8,19.8,1.76,0.1,0.65,0.0335
49.5566,-97.8501,0.3552,269.51,227.79,19.8,19.8,2.46,0.1,0.65,0.0247
49.5566,-97.8449,0.3912,268.83,226.22,19.8,19.8,2.61,0.11,0.62,0.0253
49.5566,-97.8397,0.3295,268.72,225.29,19.8,19.8,2.27,0.11,0.6,0.019
49.5566,-97.8345,0.3083,267.86,225.75,19.8,19.8,1.8,0.11,0.59,0.0467
49.5566,-97.8294,0.3061,266.59,226.64,19.8,19.8,1.65,0.11,0.59,0.034
49.5566,-97.8242,0.3109,266.9,228.55,19.8,19.8,1.97,0.11,0.6,0.016
49.5566,-97.819,0.3287,268.45,231.2,19.8,19.8,2.49,0.11,0.62,0.0188
49.5566,-97.8138,0.3509,270.46,231.95,19.8,19.8,3.12,0.1,0.65,0.0247
49.5566,-97.8086,0.338,272.17,227.7,19.8,19.8,3.09,0.1,0.65,0.025
49.5566,-97.8034,0.3017,272.49,219.54,19.9,19.9,2.41,0.1,0.65,0.0196
49.5566,-97.7982,0.2854,271.04,212.7,19.9,19.9,1.61,0.1,0.65,0.0268
49.5566,-97.7931,0.2702,269.66,210.78,19.9,19.9,0.76,0.1,0.65,0.0129
49.5566,-97.7879,0.268,269.31,213.22,19.9,19.9,0.54,0.1,0.65,0.0144
49.5566,-97.7827,0.2799,270.53,217.05,19.9,19.9,1.12,0.1,0.65,0.018
49.5566,-97.7775,0.2866,272.97,221.28,19.9,19.9,1.86,0.1,0.65,0.0161
49.5566,-97.7723,0.2844,274.34,225.43,19.9,19.9,2.2,0.1,0.65,0.0165
49.5566,-97.7671,0.2713,273.3,228.47,19.9,19.9,1.95,0.1,0.65,0.0136
49.5566,-97.7619,0.2689,271.26,229.42,19.9,19.9,1.47,0.1,0.65,0.0119
49.5566,-97.7567,0.2837,269.22,228.96,19.9,19.9,1.4,0.1,0.65,0.014
49.5566,-97.7516,0.3249,267.44,228.23,19.9,19.9,1.74,0.1,0.65,0.0176
49.5626,-98.1198,0.2175,268.72,239.62,19.6,19.6,1.47,0.63,0.27,0.0132
49.5626,-98.1146,0.2345,267.46,238.24,19.6,19.6,1.52,0.65,0.25,0.0122
49.5626,-98.1094,0.2316,267.53,237.15,19.6,19.6,1.67,0.65,0.25,0.0143
49.5626,-98.1043,0.232,267.98,236.63,19.6,19.6,1.79,0.65,0.26,0.0132
49.5626,-98.0991,0.2213,267.49,236.61,19.6,19.6,1.63,0.67,0.24,0.0116
49.5626,-98.0939,0.213,265.73,236.62,19.6,19.6,1.28,0.71,0.2,0.0119
49.5626,-98.0887,0.2273,264.26,236.43,19.6,19.6,1.6,0.73,0.17,0.0304
49.5626,-98.0835,0.2389,264.07,236.78,19.6,19.6,2.05,0.76,0.14,0.0151
49.5626,-98.0783,0.2469,264.28,237.92,19.6,19.6,2.32,0.73,0.17,0.0177
49.5626,-98.0731,0.2478,264.74,239.67,19.6,19.6,2.14,0.72,0.18,0.0174
49.5626,-98.0679,0.2445,264.47,238.97,19.5,19.5,1.8,0.71,0.19,0.038
49.5626,-98.0628,0.2613,263.8,236.44,19.5,19.5,1.7,0.7,0.2,0.0354
49.5626,-98.0576,0.2666,263.33,233.0,19.5,19.5,1.55,0.68,0.22,0.0338
49.5626,-98.0524,0.265,261.92,228.82,19.5,19.5,1.37,0.64,0.26,0.0329
49.5626,-98.0472,0.2752,258.0,224.37,19.5,19.5,1.53,0.6,0.29,0.0335
49.5626,-98.042,0.2926,254.57,220.28,19.5,19.5,1.47,0.55,0.32,0.0321
49.5626,-98.0368,0.2938,253.5,218.06,19.5,19.5,1.07,0.53,0.32,0.0241
49.5626,-98.0316,0.2766,255.71,219.23,19.5,19.5,0.68,0.53,0.32,0.0173
49.5626,-98.0265,0.2462,261.01,222.84,19.5,19.5,0.63,0.56,0.31,0.0167
49.5626,-98.0213,0.2227,265.37,226.32,19.5,19.5,1.09,0.59,0.3,0.0163
49.5626,-98.0161,0.2278,266.11,228.0,19.5,19.5,1.39,0.57,0.31,0.0253
49.5626,-98.0109,0.2309,265.61,228.05,19.5,19.5,1.4,0.57,0.31,0.0265
49.5626,-98.0057,0.234,264.84,228.66,19.6,19.6,1.3,0.58,0.31,0.0241
49.5626,-98.0005,0.251,263.7,230.37,19.6,19.6,1.44,0.59,0.3,0.0265
49.5626,-97.9953,0.2652,263.81,232.46,19.6,19.6,1.57,0.56,0.31,0.0148
49.5626,-97.9901,0.2729,266.15,234.99,19.6,19.6,1.87,0.53,0.32,0.017
49.5626,-97.985,0.2621,269.49,238.5,19.6,19.6,2.06,0.49,0.34,0.0164
49.5626,-97.9798,0.2405,271.2,241.05,19.6,19.6,1.91,0.46,0.35,0.0157
49.5626,-97.9746,0.2313,270.82,241.14,19.6,19.6,1.64,0.44,0.35,0.033
49.5626,-97.9694,0.2282,269.29,240.45,19.6,19.6,1.46,0.42,0.36,0.0255
49.5626,-97.9642,0.2423,268.02,240.14,19.6,19.6,1.73,0.4,0.37,0.0256
49.5626,-97.959,0.2887,268.91,239.41,19.6,19.6,2.43,0.34,0.42,0.0217
49.5626,-97.9538,0.3639,270.89,236.92,19.6,19.6,2.96,0.24,0.5,0.0314
49.5626,-97.9487,0.4018,271.71,234.04,19.6,19.6,3.25,0.15,0.59,0.044
49.5626,-97.9435,0.3966,271.39,232.39,19.6,19.6,2.94,0.14,0.6,0.0373
49.5626,-97.9383,0.3432,270.38,231.39,19.6,19.6,2.45,0.16,0.58,0.0237
49.5626,-97.9331,0.3465,267.39,228.9,19.6,19.6,2.12,0.16,0.57,0.0164
49.5626,-97.9279,0.3659,262.89,222.98,19.7,19.7,1.83,0.15,0.58,0.0513
49.5626,-97.9227,0.417,259.6,218.28,19.7,19.7,1.66,0.11,0.63,0.0517
49.5626,-97.9175,0.4023,258.82,217.43,19.7,19.7,1.65,0.1,0.65,0.0514
49.5626,-97.9123,0.3642,261.34,219.73,19.7,19.7,1.66,0.12,0.63,0.048
49.5626,-97.9072,0.3113,265.94,223.38,19.7,19.7,1.58,0.14,0.6,0.0345
49.5626,-97.902,0.2733,268.89,225.37,19.7,19.7,1.27,0.16,0.58,0.0216
49.5626,-97.8968,0.2705,269.46,225.32,19.7,19.7,1.14,0.15,0.58,0.0207
49.5626,-97.8916,0.2687,271.35,225.99,19.7,19.7,1.18,0.14,0.6,0.0201
49.5626,-97.8864,0.2723,274.07,227.23,19.7,19.7,1.66,0.12,0.62,0.0276
49.5626,-97.8812,0.2861,275.76,227.77,19.7,19.7,2.21,0.11,0.64,0.0155
49.5626,-97.876,0.2752,277.17,228.02,19.7,19.7,2.3,0.1,0.65,0.0155
49.5626,-97.8709,0.2546,277.25,226.85,19.8,19.8,1.87,0.1,0.65,0.0267
49.5626,-97.8657,0.2528,274.54,224.96,19.8,19.8,1.15,0.1,0.65,0.0203
49.5626,-97.8605,0.2688,270.9,224.7,19.8,19.8,0.79,0.1,0.65,0.0143
49.5626,-97.8553,0.2923,268.85,225.46,19.8,19.8,0.98,0.1,0.65,0.0149
49.5626,-97.8501,0.3084,267.9,225.36,19.8,19.8,1.28,0.1,0.65,0.0249
49.5626,-97.8449,0.315,267.11,224.57,19.8,19.8,1.36,0.1,0.65,0.0336
49.5626,-97.8397,0.3127,267.26,224.87,19.8,19.8,1.37,0.1,0.65,0.0265
49.5626,-97.8345,0.2966,266.96,225.14,19.8,19.8,1.28,0.11,0.62,0.0257
49.5626,-97.8294,0.2963,265.97,223.94,19.8,19.8,1.15,0.11,0.6,0.0191
49.5626,-97.8242,0.3032,266.17,223.92,19.8,19.8,1.25,0.11,0.59,0.0279
49.5626,-97.819,0.302,267.6,225.03,19.8,19.8,1.6,0.11,0.59,0.0289
49.5626,-97.8138,0.3061,269.7,225.68,19.8,19.8,2.13,0.11,0.6,0.0189
49.5626,-97.8086,0.3165,271.47,222.49,19.8,19.8,2.4,0.1,0.63,0.0186
49.5626,-97.8034,0.3103,271.91,216.32,19.9,19.9,2.33,0.1,0.65,0.0161
49.5626,-97.7982,0.3026,271.4,211.49,19.9,19.9,1.96,0.1,0.65,0.0144
49.5626,-97.7931,0.2964,270.74,210.29,19.9,19.9,1.61,0.1,0.65,0.0155
49.5626,-97.7879,0.3023,269.95,212.01,19.9,19.9,1.6,0.1,0.65,0.0146
49.5626,-97.7827,0.3131,270.05,213.89,19.9,19.9,1.83,0.1,0.65,0.0176
49.5626,-97.7775,0.319,271.52,216.6,19.9,19.9,2.19,0.1,0.65,0.0166
49.5626,-97.7723,0.3212,272.55,221.46,19.9,19.9,2.4,0.1,0.65,0.0189
49.5626,-97.7671,0.3146,272.14,226.24,19.9,19.9,2.29,0.1,0.65,0.0156
49.5626,-97.7619,0.3158,270.49,229.3,19.9,19.9,2.04,0.1,0.65,0.0183
49.5626,-97.7567,0.3393,268.52,231.07,19.9,19.9,2.07,0.1,0.65,0.0168
49.5626,-97.7516,0.3852,266.87,232.18,19.9,19.9,2.35,0.1,0.65,0.0213
49.5686,-98.1198,0.2119,270.79,241.22,19.6,19.6,1.6,0.61,0.29,0.0109
49.5686,-98.1146,0.2352,268.62,239.69,19.6,19.6,1.71,0.61,0.29,0.0109
49.5686,-98.1094,0.2449,268.1,238.25,19.6,19.6,1.92,0.61,0.29,0.0153
49.5686,-98.1043,0.2396,268.56,237.62,19.6,19.6,1.99,0.61,0.29,0.0144
49.5686,-98.0991,0.2233,268.39,237.83,19.6,19.6,1.84,0.62,0.28,0.0139
49.5686,-98.0939,0.2085,267.06,238.1,19.6,19.6,1.71,0.65,0.25,0.0277
49.5686,-98.0887,0.2183,265.82,238.57,19.6,19.6,1.91,0.67,0.23,0.0339
49.5686,-98.0835,0.231,266.02,239.67,19.6,19.6,1.98,0.67,0.23,0.0498
49.5686,-98.0783,0.2513,266.93,240.64,19.6,19.6,2.38,0.65,0.25,0.0195
49.5686,-98.0731,0.2645,267.23,241.34,19.6,19.6,2.68,0.65,0.25,0.022
49.5686,-98.0679,0.2641,266.4,240.15,19.5,19.5,2.59,0.66,0.24,0.0243
49.5686,-98.0628,0.2723,265.73,237.58,19.5,19.5,2.63,0.66,0.24,0.0248
49.5686,-98.0576,0.2723,265.37,234.29,19.5,19.5,2.44,0.65,0.25,0.0202
49.5686,-98.0524,0.2766,264.53,230.98,19.5,19.5,2.39,0.62,0.28,0.0193
49.5686,-98.0472,0.3027,260.97,227.24,19.5,19.5,2.76,0.6,0.3,0.0239
49.5686,-98.042,0.3155,257.01,222.65,19.5,19.5,2.39,0.59,0.3,0.0221
49.5686,-98.0368,0.3026,256.01,219.9,19.5,19.5,1.72,0.59,0.3,0.0453
49.5686,-98.0316,0.2594,258.53,221.01,19.5,19.5,0.95,0.6,0.3,0.0217
49.5686,-98.0265,0.2285,262.86,223.72,19.5,19.5,0.52,0.6,0.3,0.0118
49.5686,-98.0213,0.2119,265.21,226.09,19.5,19.5,0.65,0.6,0.3,0.0116
49.5686,-98.0161,0.213,264.76,227.73,19.5,19.5,0.72,0.59,0.3,0.0138
49.5686,-98.0109,0.2228,264.2,228.15,19.6,19.6,0.94,0.58,0.31,0.015
49.5686,-98.0057,0.2353,263.93,228.73,19.6,19.6,1.19,0.58,0.31,0.0248
49.5686,-98.0005,0.2505,263.83,230.43,19.6,19.6,1.35,0.6,0.3,0.0277
49.5686,-97.9953,0.2514,264.86,232.76,19.6,19.6,1.52,0.6,0.3,0.0152
49.5686,-97.9901,0.2303,267.03,235.64,19.6,19.6,1.53,0.57,0.31,0.0129
49.5686,-97.985,0.2118,268.7,239.23,19.6,19.6,1.62,0.52,0.33,0.0095
49.5686,-97.9798,0.2068,269.66,241.03,19.6,19.6,1.84,0.51,0.33,0.0111
49.5686,-97.9746,0.2022,270.06,240.53,19.6,19.6,1.77,0.47,0.34,0.0118
49.5686,-97.9694,0.2023,269.93,240.32,19.6,19.6,1.59,0.46,0.35,0.01
49.5686,-97.9642,0.222,269.54,240.91,19.6,19.6,1.85,0.45,0.35,0.0343
49.5686,-97.959,0.2653,269.62,241.19,19.6,19.6,2.54,0.4,0.38,0.0203
49.5686,-97.9538,0.3308,271.44,239.52,19.6,19.6,3.28,0.34,0.45,0.0363
49.5686,-97.9487,0.3787,272.64,237.8,19.6,19.6,3.58,0.26,0.52,0.0555
49.5686,-97.9435,0.4036,272.49,236.61,19.6,19.6,3.47,0.2,0.55,0.0488
49.5686,-97.9383,0.4258,272.18,235.4,19.6,19.6,3.45,0.17,0.56,0.0495
49.5686,-97.9331,0.4666,269.89,232.04,19.6,19.6,3.2,0.17,0.57,0.0474
49.5686,-97.9279,0.4647,264.76,225.3,19.7,19.7,2.71,0.13,0.62,0.0395
49.5686,-97.9227,0.4594,260.48,220.16,19.7,19.7,2.25,0.1,0.65,0.0226
49.5686,-97.9175,0.4165,259.5,218.22,19.7,19.7,1.8,0.11,0.64,0.0589
49.5686,-97.9123,0.3684,261.78,219.13,19.7,19.7,1.78,0.12,0.62,0.0444
49.5686,-97.9072,0.324,265.95,221.81,19.7,19.7,1.7,0.12,0.62,0.0388
49.5686,-97.902,0.2899,268.51,223.36,19.7,19.7,1.41,0.12,0.62,0.0247
49.5686,-97.8968,0.2931,268.99,223.39,19.7,19.7,1.28,0.12,0.62,0.023
49.5686,-97.8916,0.2853,270.76,223.64,19.7,19.7,1.4,0.12,0.62,0.0182
49.5686,-97.8864,0.2913,273.6,224.51,19.7,19.7,2.07,0.12,0.62,0.0168
49.5686,-97.8812,0.303,275.51,225.15,19.7,19.7,2.73,0.11,0.63,0.0189
49.5686,-97.876,0.2863,277.37,225.52,19.7,19.7,2.78,0.1,0.65,0.0181
49.5686,-97.8709,0.2604,278.12,224.27,19.7,19.7,2.37,0.1,0.65,0.0162
49.5686,-97.8657,0.2781,274.59,222.32,19.8,19.8,1.93,0.1,0.65,0.016
49.5686,-97.8605,0.3061,270.18,222.45,19.8,19.8,1.54,0.1,0.65,0.0284
49.5686,-97.8553,0.323,268.11,223.83,19.8,19.8,1.51,0.1,0.65,0.0328
49.5686,-97.8501,0.3273,267.3,224.25,19.8,19.8,1.5,0.1,0.65,0.027
49.5686,-97.8449,0.3282,266.82,223.75,19.8,19.8,1.53,0.1,0.65,0.0386
49.5686,-97.8397,0.319,267.29,223.61,19.8,19.8,1.53,0.1,0.65,0.0337
49.5686,-97.8345,0.316,267.47,222.36,19.8,19.8,1.5,0.1,0.65,0.03
49.5686,-97.8294,0.3243,266.56,219.56,19.8,19.8,1.38,0.1,0.65,0.0313
49.5686,-97.8242,0.3245,266.24,218.86,19.8,19.8,1.42,0.11,0.61,0.0325
49.5686,-97.819,0.3246,266.68,219.05,19.8,19.8,1.56,0.11,0.6,0.0162
49.5686,-97.8138,0.3314,267.61,218.29,19.8,19.8,1.88,0.11,0.59,0.0183
49.5686,-97.8086,0.3313,269.16,215.64,19.9,19.9,2.13,0.11,0.6,0.0197
49.5686,-97.8034,0.3273,270.84,211.65,19.9,19.9,2.29,0.11,0.62,0.0167
49.5686,-97.7982,0.3398,271.43,208.8,19.9,19.9,2.42,0.1,0.64,0.019
49.5686,-97.7931,0.3455,271.13,208.91,19.9,19.9,2.48,0.1,0.64,0.0192
49.5686,-97.7879,0.3655,269.74,209.94,19.9,19.9,2.57,0.1,0.64,0.0272
49.5686,-97.7827,0.366,268.4,209.89,19.9,19.9,2.38,0.1,0.64,0.0171
49.5686,-97.7775,0.3377,268.76,211.56,19.9,19.9,2.06,0.1,0.65,0.019
49.5686,-97.7723,0.3156,269.41,217.61,19.9,19.9,1.76,0.1,0.65,0.0123
49.5686,-97.7671,0.3135,269.04,224.71,19.9,19.9,1.65,0.1,0.65,0.0142
49.5686,-97.7619,0.3335,267.96,229.41,19.9,19.9,1.81,0.1,0.65,0.0149
49.5686,-97.7567,0.3773,266.45,231.83,19.9,19.9,2.18,0.1,0.65,0.0214
49.5686,-97.7516,0.4282,264.99,233.3,19.9,19.9,2.44,0.1,0.65,0.0342
49.5746,-98.1198,0.1889,269.93,240.9,19.6,19.6,2.11,0.65,0.25,0.0398
49.5746,-98.1146,0.2152,267.92,240.9,19.6,19.6,2.03,0.64,0.26,0.051
49.5746,-98.1094,0.2171,267.64,240.82,19.6,19.6,2.12,0.64,0.26,0.0155
49.5746,-98.1043,0.212,267.94,240.55,19.6,19.6,2.64,0.66,0.24,0.018
49.5746,-98.0991,0.2126,268.11,240.1,19.6,19.6,3.3,0.66,0.24,0.0196
49.5746,-98.0939,0.22,267.5,239.56,19.6,19.6,3.36,0.65,0.25,0.1035
49.5746,-98.0887,0.2338,266.56,239.62,19.6,19.6,2.88,0.62,0.26,0.0678
49.5746,-98.0835,0.2391,266.09,240.45,19.6,19.6,2.34,0.6,0.28,0.0534
49.5746,-98.0783,0.231,266.33,241.33,19.6,19.6,2.0,0.61,0.27,0.0432
49.5746,-98.0731,0.2226,266.76,241.71,19.6,19.6,2.2,0.65,0.25,0.0141
49.5746,-98.0679,0.223,266.4,240.42,19.5,19.5,2.36,0.67,0.23,0.0132
49.5746,-98.0628,0.2323,266.0,238.19,19.5,19.5,2.47,0.67,0.23,0.0167
49.5746,-98.0576,0.2411,265.73,235.35,19.5,19.5,2.25,0.64,0.26,0.02
49.5746,-98.0524,0.2595,265.21,232.12,19.5,19.5,2.05,0.61,0.29,0.017
49.5746,-98.0472,0.2867,263.32,228.07,19.5,19.5,2.38,0.6,0.3,0.0185
49.5746,-98.042,0.288,260.88,223.32,19.5,19.5,2.13,0.6,0.3,0.0516
49.5746,-98.0368,0.268,260.27,221.2,19.5,19.5,1.31,0.6,0.3,0.0301
49.5746,-98.0316,0.2323,262.98,223.31,19.5,19.5,0.69,0.6,0.3,0.0138
49.5746,-98.0265,0.2098,266.78,225.72,19.5,19.5,0.82,0.6,0.3,0.0126
49.5746,-98.0213,0.2019,268.24,227.24,19.5,19.5,1.13,0.6,0.3,0.0166
49.5746,-98.0161,0.2092,266.99,228.98,19.5,19.5,1.47,0.6,0.3,0.0234
49.5746,-98.0109,0.2123,265.75,229.07,19.6,19.6,1.27,0.61,0.29,0.0197
49.5746,-98.0057,0.2112,264.97,229.12,19.6,19.6,1.04,0.6,0.3,0.0201
49.5746,-98.0005,0.2106,264.54,230.67,19.6,19.6,0.84,0.59,0.3,0.0161
49.5746,-97.9953,0.2,265.47,232.86,19.6,19.6,0.53,0.59,0.3,0.0109
49.5746,-97.9901,0.1803,268.06,234.69,19.6,19.6,0.48,0.58,0.31,0.011
49.5746,-97.985,0.1685,270.18,236.97,19.6,19.6,0.68,0.57,0.31,0.008
49.5746,-97.9798,0.1676,270.55,238.85,19.6,19.6,0.81,0.57,0.31,0.0086
49.5746,-97.9746,0.1852,270.58,238.85,19.6,19.6,1.09,0.55,0.32,0.009
49.5746,-97.9694,0.1992,270.97,238.78,19.6,19.6,1.32,0.51,0.33,0.0104
49.5746,-97.9642,0.2241,270.8,240.14,19.6,19.6,1.96,0.49,0.34,0.0148
49.5746,-97.959,0.2746,269.77,241.79,19.6,19.6,2.69,0.49,0.34,0.0172
49.5746,-97.9538,0.3152,270.8,240.02,19.6,19.6,3.01,0.44,0.38,0.0249
49.5746,-97.9487,0.3391,272.32,237.51,19.6,19.6,3.46,0.36,0.42,0.0381
49.5746,-97.9435,0.3855,272.67,235.79,19.6,19.6,3.46,0.29,0.46,0.048
49.5746,-97.9383,0.3848,271.93,233.86,19.6,19.6,3.21,0.21,0.52,0.0504
49.5746,-97.9331,0.3816,267.77,229.56,19.6,19.6,2.55,0.17,0.56,0.0307
49.5746,-97.9279,0.3966,261.41,222.64,19.7,19.7,1.77,0.12,0.62,0.0567
49.5746,-97.9227,0.3907,257.92,218.34,19.7,19.7,1.24,0.12,0.62,0.0375
49.5746,-97.9175,0.3535,258.3,217.08,19.7,19.7,0.86,0.15,0.59,0.0215
49.5746,-97.9123,0.3264,262.29,218.53,19.7,19.7,1.04,0.17,0.56,0.0237
49.5746,-97.9072,0.304,267.07,221.39,19.7,19.7,1.41,0.16,0.57,0.0317
49.5746,-97.902,0.2905,269.34,223.16,19.7,19.7,1.47,0.15,0.59,0.0304
49.5746,-97.8968,0.298,269.7,223.07,19.7,19.7,1.44,0.11,0.63,0.0246
49.5746,-97.8916,0.2895,271.29,222.74,19.7,19.7,1.59,0.11,0.64,0.0324
49.5746,-97.8864,0.2859,273.93,223.35,19.7,19.7,1.95,0.1,0.64,0.043
49.5746,-97.8812,0.282,275.49,224.14,19.7,19.7,2.19,0.1,0.64,0.0163
49.5746,-97.876,0.2736,276.64,224.61,19.7,19.7,2.21,0.1,0.64,0.0173
49.5746,-97.8709,0.27,276.67,223.68,19.8,19.8,2.13,0.1,0.64,0.0167
49.5746,-97.8657,0.2821,274.68,222.6,19.8,19.8,1.95,0.1,0.63,0.0155
49.5746,-97.8605,0.3049,271.98,223.65,19.8,19.8,1.85,0.1,0.63,0.015
49.5746,-97.8553,0.32,270.51,225.85,19.8,19.8,1.84,0.1,0.64,0.0183
49.5746,-97.8501,0.345,269.64,226.65,19.8,19.8,2.03,0.1,0.65,0.0171
49.5746,-97.8449,0.3659,269.32,226.22,19.8,19.8,2.42,0.1,0.65,0.0261
49.5746,-97.8397,0.3651,270.1,225.4,19.8,19.8,2.62,0.1,0.65,0.0256
49.5746,-97.8345,0.3641,269.99,222.84,19.8,19.8,2.66,0.1,0.65,0.0235
49.5746,-97.8294,0.3573,268.77,219.72,19.8,19.8,2.31,0.1,0.65,0.0211
49.5746,-97.8242,0.3461,268.03,219.2,19.8,19.8,2.05,0.1,0.65,0.0174
49.5746,-97.819,0.337,267.55,219.15,19.8,19.8,1.85,0.1,0.65,0.017
49.5746,-97.8138,0.3266,267.38,217.34,19.8,19.8,1.88,0.11,0.62,0.0179
49.5746,-97.8086,0.3244,268.86,213.5,19.9,19.9,2.09,0.11,0.61,0.0157
49.5746,-97.8034,0.2973,271.1,209.99,19.9,19.9,1.97,0.11,0.6,0.0147
49.5746,-97.7982,0.2809,271.66,208.5,19.9,19.9,1.73,0.11,0.59,0.0136
49.5746,-97.7931,0.2963,270.22,209.12,19.9,19.9,1.75,0.12,0.58,0.017
49.5746,-97.7879,0.3349,267.78,209.38,19.9,19.9,2.03,0.12,0.57,0.0186
49.5746,-97.7827,0.3438,266.65,208.79,19.9,19.9,1.9,0.11,0.58,0.0142
49.5746,-97.7775,0.3055,268.06,210.51,19.9,19.9,1.45,0.11,0.59,0.0323
49.5746,-97.7723,0.282,268.56,216.62,19.9,19.9,0.93,0.11,0.6,0.0215
49.5746,-97.7671,0.2843,266.82,223.09,19.9,19.9,0.64,0.11,0.61,0.0164
49.5746,-97.7619,0.3034,265.23,226.58,19.9,19.9,0.82,0.11,0.61,0.0167
49.5746,-97.7567,0.3247,264.24,228.21,19.9,19.9,1.15,0.11,0.61,0.0173
49.5746,-97.7516,0.3473,263.46,229.32,19.9,19.9,1.41,0.11,0.61,0.0302
49.5806,-98.1198,0.2227,269.6,240.4,19.6,19.6,2.86,0.7,0.2,0.025
49.5806,-98.1146,0.2334,268.57,240.8,19.6,19.6,2.49,0.7,0.2,0.0234
49.5806,-98.1094,0.2183,268.65,241.33,19.6,19.6,2.36,0.7,0.2,0.0205
49.5806,-98.1043,0.1978,268.16,241.08,19.6,19.6,2.46,0.71,0.19,0.0485
49.5806,-98.0991,0.1958,267.64,239.88,19.6,19.6,2.62,0.73,0.17,0.0158
49.5806,-98.0939,0.2082,267.46,238.57,19.6,19.6,3.02,0.71,0.19,0.0187
49.5806,-98.0887,0.2299,267.06,238.53,19.6,19.6,2.59,0.67,0.21,0.0159
49.5806,-98.0835,0.2355,266.62,240.07,19.6,19.6,1.87,0.67,0.22,0.015
49.5806,-98.0783,0.2151,266.41,242.08,19.6,19.6,1.5,0.69,0.2,0.0111
49.5806,-98.0731,0.1845,266.99,242.54,19.6,19.6,1.41,0.74,0.16,0.0096
49.5806,-98.0679,0.1674,267.41,241.04,19.5,19.5,1.57,0.73,0.17,0.0108
49.5806,-98.0628,0.1709,267.28,239.22,19.5,19.5,1.75,0.7,0.2,0.0101
49.5806,-98.0576,0.1966,266.65,236.99,19.5,19.5,1.85,0.65,0.25,0.0105
49.5806,-98.0524,0.2199,266.01,234.41,19.5,19.5,1.84,0.6,0.29,0.0128
49.5806,-98.0472,0.229,265.75,231.14,19.5,19.5,1.82,0.58,0.3,0.0102
49.5806,-98.042,0.2324,265.43,227.64,19.5,19.5,1.88,0.58,0.31,0.033
49.5806,-98.0368,0.2225,266.02,227.23,19.5,19.5,1.56,0.59,0.3,0.0319
49.5806,-98.0316,0.2071,268.49,230.16,19.5,19.5,1.63,0.6,0.3,0.0294
49.5806,-98.0265,0.203,270.8,231.81,19.5,19.5,1.98,0.6,0.3,0.0157
49.5806,-98.0213,0.21,271.07,231.88,19.5,19.5,2.28,0.63,0.27,0.0156
49.5806,-98.0161,0.2198,268.97,231.65,19.5,19.5,2.24,0.66,0.24,0.0195
49.5806,-98.0109,0.2179,267.08,230.58,19.6,19.6,1.77,0.65,0.24,0.0137
49.5806,-98.0057,0.2094,266.12,230.22,19.6,19.6,1.33,0.63,0.26,0.0252
49.5806,-98.0005,0.2067,265.33,231.2,19.6,19.6,0.72,0.6,0.29,0.0154
49.5806,-97.9953,0.2022,265.86,232.74,19.6,19.6,0.51,0.58,0.3,0.0123
49.5806,-97.9901,0.1815,269.17,233.46,19.6,19.6,0.51,0.58,0.31,0.0118
49.5806,-97.985,0.1602,272.69,233.91,19.6,19.6,0.48,0.59,0.3,0.0081
49.5806,-97.9798,0.1534,273.73,234.81,19.6,19.6,0.44,0.59,0.3,0.0089
49.5806,-97.9746,0.1598,273.7,235.7,19.6,19.6,0.46,0.57,0.31,0.008
49.5806,-97.9694,0.1704,273.42,237.2,19.6,19.6,0.73,0.5,0.34,0.0135
49.5806,-97.9642,0.1942,272.97,238.79,19.6,19.6,1.1,0.42,0.38,0.0187
49.5806,-97.959,0.2255,271.68,239.53,19.6,19.6,1.53,0.35,0.41,0.0241
49.5806,-97.9538,0.2771,270.52,235.85,19.6,19.6,2.26,0.36,0.4,0.0167
49.5806,-97.9487,0.3084,271.24,231.98,19.6,19.6,2.81,0.34,0.4,0.0252
49.5806,-97.9435,0.3177,271.92,230.38,19.6,19.6,2.76,0.27,0.45,0.0297
49.5806,-97.9383,0.3217,271.4,229.33,19.6,19.6,2.52,0.21,0.52,0.0188
49.5806,-97.9331,0.3422,266.81,226.38,19.6,19.6,1.91,0.15,0.59,0.0486
49.5806,-97.9279,0.3699,260.09,221.53,19.7,19.7,1.22,0.11,0.64,0.0299
49.5806,-97.9227,0.3784,258.0,219.44,19.7,19.7,1.12,0.12,0.62,0.0282
49.5806,-97.9175,0.3693,260.62,219.6,19.7,19.7,1.35,0.14,0.61,0.0432
49.5806,-97.9123,0.3336,265.94,221.03,19.7,19.7,1.53,0.15,0.59,0.0269
49.5806,-97.9072,0.3153,269.98,223.13,19.7,19.7,1.89,0.14,0.6,0.0172
49.5806,-97.902,0.3448,270.87,223.88,19.7,19.7,2.35,0.12,0.62,0.0191
49.5806,-97.8968,0.3494,270.42,222.7,19.7,19.7,2.4,0.11,0.64,0.0215
49.5806,-97.8916,0.3319,271.73,221.62,19.7,19.7,2.41,0.1,0.65,0.0208
49.5806,-97.8864,0.2945,273.47,221.79,19.7,19.7,2.05,0.1,0.65,0.0188
49.5806,-97.8812,0.2712,274.39,222.5,19.7,19.7,1.61,0.1,0.65,0.014
49.5806,-97.876,0.2553,275.18,222.98,19.7,19.7,1.23,0.1,0.65,0.0228
49.5806,-97.8709,0.2444,275.02,222.24,19.7,19.7,0.84,0.1,0.64,0.015
49.5806,-97.8657,0.2476,274.47,222.77,19.8,19.8,0.8,0.1,0.63,0.0142
49.5806,-97.8605,0.2613,273.21,226.4,19.8,19.8,0.9,0.1,0.63,0.0153
49.5806,-97.8553,0.2797,271.76,230.68,19.8,19.8,1.1,0.1,0.64,0.0207
49.5806,-97.8501,0.3116,271.59,232.18,19.8,19.8,1.74,0.1,0.65,0.0353
49.5806,-97.8449,0.3261,272.48,231.44,19.8,19.8,2.33,0.1,0.65,0.0215
49.5806,-97.8397,0.3461,273.24,229.37,19.8,19.8,2.82,0.1,0.65,0.026
49.5806,-97.8345,0.3627,272.57,225.68,19.8,19.8,3.1,0.1,0.65,0.0337
49.5806,-97.8294,0.3273,271.53,223.28,19.8,19.8,2.52,0.1,0.65,0.0175
49.5806,-97.8242,0.3036,270.86,223.09,19.8,19.8,1.95,0.1,0.65,0.0158
49.5806,-97.819,0.2984,270.01,222.41,19.8,19.8,1.66,0.1,0.65,0.0137
49.5806,-97.8138,0.306,269.19,218.93,19.8,19.8,1.64,0.1,0.65,0.015
49.5806,-97.8086,0.3099,269.9,213.58,19.9,19.9,1.84,0.1,0.65,0.0133
49.5806,-97.8034,0.2944,271.47,210.9,19.9,19.9,1.74,0.1,0.63,0.0134
49.5806,-97.7982,0.2883,271.4,211.24,19.9,19.9,1.52,0.11,0.62,0.0113
49.5806,-97.7931,0.2959,269.29,212.77,19.9,19.9,1.59,0.11,0.6,0.0129
49.5806,-97.7879,0.3332,266.9,212.78,19.9,19.9,1.92,0.11,0.6,0.0157
49.5806,-97.7827,0.3413,267.01,211.21,19.9,19.9,1.98,0.11,0.6,0.0163
49.5806,-97.7775,0.3124,269.79,211.88,19.9,19.9,1.79,0.11,0.61,0.0203
49.5806,-97.7723,0.2995,270.21,216.77,19.9,19.9,1.32,0.11,0.62,0.0204
49.5806,-97.7671,0.3011,267.52,221.69,19.9,19.9,0.99,0.11,0.62,0.0217
49.5806,-97.7619,0.3198,264.8,224.0,19.9,19.9,0.96,0.11,0.62,0.0226
49.5806,-97.7567,0.3345,263.23,225.14,19.9,19.9,1.02,0.11,0.62,0.021
49.5806,-97.7516,0.3502,262.38,226.03,19.9,19.9,1.14,0.11,0.62,0.0279
49.5866,-98.1198,0.2345,269.52,240.54,19.6,19.6,2.31,0.73,0.17,0.0214
49.5866,-98.1146,0.224,269.29,241.34,19.6,19.6,2.08,0.74,0.16,0.0184
49.5866,-98.1094,0.201,269.54,241.2,19.6,19.6,1.89,0.75,0.15,0.0136
49.5866,-98.1043,0.1792,268.21,239.69,19.6,19.6,1.38,0.77,0.13,0.0101
49.5866,-98.0991,0.1707,266.98,238.01,19.6,19.6,1.07,0.77,0.13,0.0082
49.5866,-98.0939,0.1722,266.89,237.41,19.6,19.6,1.07,0.77,0.13,0.0093
49.5866,-98.0887,0.1838,267.31,238.25,19.6,19.6,1.36,0.75,0.15,0.0108
49.5866,-98.0835,0.1969,267.95,240.44,19.6,19.6,1.59,0.74,0.16,0.0117
49.5866,-98.0783,0.1888,268.39,242.95,19.6,19.6,1.52,0.74,0.16,0.0138
49.5866,-98.0731,0.1727,268.9,243.46,19.6,19.6,1.48,0.72,0.18,0.0117
49.5866,-98.0679,0.1657,268.86,242.31,19.5,19.5,2.06,0.69,0.21,0.0107
49.5866,-98.0628,0.1816,268.29,241.09,19.5,19.5,2.19,0.66,0.25,0.014
49.5866,-98.0576,0.1988,267.32,239.72,19.5,19.5,2.24,0.61,0.28,0.0151
49.5866,-98.0524,0.2128,266.75,238.48,19.5,19.5,2.34,0.6,0.29,0.0606
49.5866,-98.0472,0.2152,266.98,236.4,19.5,19.5,2.35,0.58,0.3,0.0452
49.5866,-98.042,0.2119,267.42,233.58,19.5,19.5,2.45,0.58,0.3,0.0426
49.5866,-98.0368,0.2061,268.75,232.86,19.5,19.5,2.49,0.61,0.29,0.0599
49.5866,-98.0316,0.2013,271.32,234.63,19.5,19.5,2.77,0.61,0.29,0.0168
49.5866,-98.0265,0.1995,273.2,235.18,19.5,19.5,2.77,0.61,0.29,0.0171
49.5866,-98.0213,0.2064,273.02,234.41,19.5,19.5,2.73,0.64,0.26,0.0216
49.5866,-98.0161,0.2049,271.13,233.82,19.5,19.5,2.27,0.66,0.24,0.0171
49.5866,-98.0109,0.2048,269.29,232.63,19.6,19.6,1.62,0.67,0.23,0.0136
49.5866,-98.0057,0.2098,268.1,231.89,19.6,19.6,1.31,0.64,0.25,0.0096
49.5866,-98.0005,0.2238,266.98,231.94,19.6,19.6,1.31,0.6,0.29,0.0127
49.5866,-97.9953,0.223,266.89,232.37,19.6,19.6,1.29,0.59,0.3,0.0092
49.5866,-97.9901,0.2024,268.97,232.54,19.6,19.6,1.16,0.59,0.3,0.0117
49.5866,-97.985,0.1722,271.78,232.46,19.6,19.6,0.85,0.6,0.3,0.0113
49.5866,-97.9798,0.1577,273.36,232.37,19.6,19.6,0.62,0.6,0.3,0.0091
49.5866,-97.9746,0.1482,274.49,232.79,19.6,19.6,0.45,0.58,0.31,0.0074
49.5866,-97.9694,0.1561,274.55,234.47,19.6,19.6,0.43,0.5,0.35,0.0088
49.5866,-97.9642,0.1829,273.43,235.8,19.6,19.6,0.92,0.41,0.4,0.0133
49.5866,-97.959,0.2285,271.65,234.69,19.6,19.6,1.29,0.33,0.43,0.0186
49.5866,-97.9538,0.2607,270.96,229.48,19.6,19.6,1.69,0.29,0.44,0.011
49.5866,-97.9487,0.2816,272.23,225.87,19.6,19.6,2.31,0.29,0.43,0.0139
49.5866,-97.9435,0.2898,272.65,225.36,19.6,19.6,2.51,0.26,0.46,0.0154
49.5866,-97.9383,0.291,271.58,225.76,19.6,19.6,2.22,0.22,0.51,0.0174
49.5866,-97.9331,0.3103,268.44,225.94,19.6,19.6,1.85,0.18,0.55,0.0138
49.5866,-97.9279,0.3499,264.48,225.89,19.7,19.7,1.85,0.17,0.56,0.0425
49.5866,-97.9227,0.4005,262.32,225.51,19.7,19.7,2.06,0.16,0.57,0.0779
49.5866,-97.9175,0.3985,263.52,223.95,19.7,19.7,2.01,0.16,0.58,0.0904
49.5866,-97.9123,0.3426,268.29,223.13,19.7,19.7,1.89,0.14,0.6,0.0373
49.5866,-97.9072,0.2922,272.71,223.93,19.7,19.7,1.89,0.12,0.62,0.0149
49.5866,-97.902,0.3083,273.21,224.2,19.7,19.7,2.09,0.11,0.64,0.0144
49.5866,-97.8968,0.3313,271.56,222.88,19.7,19.7,2.27,0.1,0.65,0.0152
49.5866,-97.8916,0.3287,271.53,220.99,19.7,19.7,2.3,0.1,0.65,0.0174
49.5866,-97.8864,0.3016,272.54,220.2,19.7,19.7,1.91,0.1,0.65,0.0172
49.5866,-97.8812,0.2756,273.47,220.67,19.7,19.7,1.43,0.1,0.65,0.0267
49.5866,-97.876,0.2582,274.5,221.8,19.7,19.7,1.18,0.1,0.65,0.0184
49.5866,-97.8709,0.2507,274.69,222.19,19.7,19.7,1.03,0.1,0.65,0.0197
49.5866,-97.8657,0.2512,274.33,223.45,19.8,19.8,1.14,0.1,0.65,0.0146
49.5866,-97.8605,0.2626,273.88,226.97,19.8,19.8,1.4,0.1,0.65,0.0246
49.5866,-97.8553,0.2675,274.27,230.52,19.8,19.8,1.62,0.1,0.65,0.0126
49.5866,-97.8501,0.2725,275.78,231.82,19.8,19.8,2.02,0.1,0.65,0.0148
49.5866,-97.8449,0.283,276.94,230.92,19.8,19.8,2.5,0.1,0.65,0.0182
49.5866,-97.8397,0.2979,276.64,228.78,19.8,19.8,2.86,0.1,0.65,0.0204
49.5866,-97.8345,0.319,274.7,226.03,19.8,19.8,3.05,0.1,0.65,0.0399
49.5866,-97.8294,0.3162,273.15,224.32,19.8,19.8,2.69,0.1,0.65,0.0193
49.5866,-97.8242,0.3105,271.97,223.5,19.8,19.8,2.38,0.1,0.65,0.0149
49.5866,-97.819,0.3134,270.48,221.56,19.8,19.8,2.06,0.1,0.65,0.0182
49.5866,-97.8138,0.3242,269.68,217.3,19.8,19.8,1.99,0.1,0.65,0.0196
49.5866,-97.8086,0.3236,271.27,212.77,19.9,19.9,2.17,0.1,0.65,0.0182
49.5866,-97.8034,0.3086,272.92,211.27,19.9,19.9,2.26,0.1,0.65,0.0171
49.5866,-97.7982,0.3026,272.57,212.86,19.9,19.9,2.13,0.1,0.65,0.0144
49.5866,-97.7931,0.3111,271.36,215.68,19.9,19.9,2.25,0.1,0.65,0.0174
49.5866,-97.7879,0.3436,269.77,217.2,19.9,19.9,2.62,0.1,0.65,0.0235
49.5866,-97.7827,0.3553,269.31,216.16,19.9,19.9,2.67,0.1,0.65,0.0212
49.5866,-97.7775,0.3267,271.33,215.42,19.9,19.9,2.47,0.1,0.65,0.0178
49.5866,-97.7723,0.3128,272.26,218.24,19.9,19.9,2.22,0.1,0.65,0.0175
49.5866,-97.7671,0.3325,270.01,221.86,19.9,19.9,2.03,0.1,0.65,0.0178
49.5866,-97.7619,0.3562,267.31,223.3,19.9,19.9,1.94,0.1,0.65,0.0129
49.5866,-97.7567,0.3796,265.68,223.56,19.9,19.9,2.02,0.1,0.65,0.0189
49.5866,-97.7516,0.4024,264.57,223.58,19.9,19.9,2.12,0.1,0.65,0.0261
49.5926,-98.1198,0.189,268.86,239.5,19.6,19.6,1.46,0.77,0.13,0.0121
49.5926,-98.1146,0.1986,268.94,240.7,19.6,19.6,1.58,0.78,0.12,0.0265
49.5926,-98.1094,0.1752,269.58,240.99,19.6,19.6,1.63,0.78,0.12,0.0267
49.5926,-98.1043,0.1617,268.78,239.33,19.6,19.6,1.3,0.8,0.1,0.0216
49.5926,-98.0991,0.16,267.44,237.71,19.6,19.6,1.08,0.79,0.11,0.0161
49.5926,-98.0939,0.162,267.04,237.86,19.6,19.6,1.03,0.79,0.11,0.0172
49.5926,-98.0887,0.1743,267.68,239.56,19.6,19.6,1.3,0.77,0.13,0.01
49.5926,-98.0835,0.1953,268.59,242.14,19.6,19.6,1.61,0.75,0.15,0.0108
49.5926,-98.0783,0.2144,268.42,244.5,19.6,19.6,2.56,0.73,0.17,0.0187
49.5926,-98.0731,0.2136,268.39,244.64,19.6,19.6,3.24,0.69,0.22,0.0195
49.5926,-98.0679,0.1929,268.64,243.51,19.5,19.5,3.58,0.65,0.26,0.0218
49.5926,-98.0628,0.1907,268.4,242.3,19.5,19.5,3.15,0.61,0.29,0.018
49.5926,-98.0576,0.1963,267.83,240.83,19.5,19.5,2.54,0.61,0.3,0.0177
49.5926,-98.0524,0.1909,267.93,239.95,19.5,19.5,2.0,0.62,0.28,0.0396
49.5926,-98.0472,0.1798,269.23,239.12,19.5,19.5,1.8,0.63,0.27,0.0286
49.5926,-98.042,0.1888,270.7,237.34,19.5,19.5,2.45,0.65,0.25,0.0577
49.5926,-98.0368,0.2007,272.13,236.25,19.5,19.5,2.72,0.65,0.25,0.0176
49.5926,-98.0316,0.1927,274.52,236.43,19.5,19.5,3.09,0.64,0.26,0.0197
49.5926,-98.0265,0.1838,276.31,235.89,19.5,19.5,2.93,0.63,0.27,0.0178
49.5926,-98.0213,0.1732,275.74,235.16,19.5,19.5,2.38,0.63,0.27,0.0132
49.5926,-98.0161,0.1738,273.72,235.34,19.5,19.5,1.71,0.63,0.27,0.0089
49.5926,-98.0109,0.1809,271.49,234.6,19.5,19.5,1.52,0.63,0.27,0.0097
49.5926,-98.0057,0.199,269.67,233.49,19.6,19.6,1.74,0.62,0.28,0.0134
49.5926,-98.0005,0.2283,267.93,232.96,19.6,19.6,1.95,0.6,0.3,0.0133
49.5926,-97.9953,0.2282,267.22,232.86,19.6,19.6,2.06,0.6,0.3,0.0177
49.5926,-97.9901,0.2015,268.46,232.39,19.6,19.6,1.59,0.6,0.3,0.0104
49.5926,-97.985,0.177,270.19,232.49,19.6,19.6,1.0,0.6,0.3,0.0146
49.5926,-97.9798,0.1649,271.26,233.03,19.6,19.6,0.76,0.6,0.3,0.0105
49.5926,-97.9746,0.1685,272.01,233.38,19.6,19.6,0.9,0.6,0.3,0.0125
49.5926,-97.9694,0.1788,271.89,233.75,19.6,19.6,1.23,0.56,0.31,0.017
49.5926,-97.9642,0.2055,271.07,233.25,19.6,19.6,1.24,0.47,0.35,0.0237
49.5926,-97.959,0.2282,270.4,230.77,19.6,19.6,1.36,0.42,0.37,0.0232
49.5926,-97.9538,0.236,271.48,226.42,19.6,19.6,1.51,0.34,0.4,0.0116
49.5926,-97.9487,0.2409,273.34,224.46,19.6,19.6,1.92,0.31,0.42,0.0131
49.5926,-97.9435,0.2524,273.38,224.73,19.6,19.6,2.26,0.3,0.43,0.016
49.5926,-97.9383,0.2795,272.46,225.97,19.6,19.6,2.55,0.24,0.48,0.0155
49.5926,-97.9331,0.2947,271.05,227.7,19.6,19.6,2.59,0.21,0.51,0.0212
49.5926,-97.9279,0.3286,268.68,229.2,19.7,19.7,2.8,0.19,0.53,0.0264
49.5926,-97.9227,0.3899,265.93,228.87,19.7,19.7,2.95,0.17,0.56,0.0306
49.5926,-97.9175,0.4152,264.69,226.18,19.7,19.7,2.78,0.15,0.58,0.0337
49.5926,-97.9123,0.3481,266.98,223.28,19.7,19.7,2.33,0.13,0.61,0.0214
49.5926,-97.9072,0.3013,271.18,222.59,19.7,19.7,2.13,0.12,0.63,0.0169
49.5926,-97.902,0.3069,272.98,223.24,19.7,19.7,2.33,0.11,0.63,0.0192
49.5926,-97.8968,0.3366,272.24,223.75,19.7,19.7,2.54,0.1,0.65,0.018
49.5926,-97.8916,0.3486,272.31,223.3,19.7,19.7,2.59,0.1,0.65,0.0231
49.5926,-97.8864,0.3295,273.46,222.89,19.7,19.7,2.51,0.1,0.65,0.0197
49.5926,-97.8812,0.3101,274.72,223.35,19.7,19.7,2.42,0.1,0.65,0.0245
49.5926,-97.876,0.2795,275.85,224.48,19.7,19.7,2.15,0.1,0.65,0.0199
49.5926,-97.8709,0.2566,275.49,224.99,19.7,19.7,1.83,0.1,0.65,0.0149
49.5926,-97.8657,0.2466,274.45,225.79,19.8,19.8,1.55,0.1,0.65,0.0125
49.5926,-97.8605,0.2367,274.27,228.22,19.8,19.8,1.32,0.1,0.65,0.0128
49.5926,-97.8553,0.2341,275.08,230.23,19.8,19.8,1.37,0.1,0.65,0.0127
49.5926,-97.8501,0.2323,275.87,230.58,19.8,19.8,1.37,0.1,0.65,0.0129
49.5926,-97.8449,0.2404,275.52,228.65,19.8,19.8,1.37,0.1,0.65,0.013
49.5926,-97.8397,0.2503,274.53,225.53,19.8,19.8,1.4,0.1,0.65,0.0248
49.5926,-97.8345,0.2698,272.66,222.27,19.8,19.8,1.51,0.1,0.65,0.0251
49.5926,-97.8294,0.2856,271.24,220.78,19.8,19.8,1.57,0.1,0.65,0.0268
49.5926,-97.8242,0.3021,270.34,220.09,19.8,19.8,1.78,0.1,0.65,0.017
49.5926,-97.819,0.3228,269.38,218.27,19.8,19.8,1.91,0.1,0.65,0.016
49.5926,-97.8138,0.3329,269.22,214.56,19.8,19.8,1.85,0.1,0.65,0.0175
49.5926,-97.8086,0.3044,271.09,210.98,19.9,19.9,1.61,0.1,0.65,0.0154
49.5926,-97.8034,0.2806,272.64,211.02,19.9,19.9,1.41,0.1,0.65,0.0235
49.5926,-97.7982,0.2834,272.41,214.08,19.9,19.9,1.46,0.1,0.65,0.0261
49.5926,-97.7931,0.2963,271.84,218.29,19.9,19.9,1.82,0.1,0.65,0.0148
49.5926,-97.7879,0.3127,271.32,220.93,19.9,19.9,2.16,0.1,0.65,0.0158
49.5926,-97.7827,0.3273,271.39,219.97,19.9,19.9,2.47,0.1,0.65,0.0189
49.5926,-97.7775,0.3262,272.58,217.89,19.9,19.9,2.58,0.1,0.65,0.0183
49.5926,-97.7723,0.317,272.27,217.65,19.9,19.9,2.3,0.1,0.65,0.0194
49.5926,-97.7671,0.3246,269.47,218.66,19.9,19.9,1.95,0.1,0.65,0.0153
49.5926,-97.7619,0.342,266.15,219.7,19.9,19.9,1.73,0.1,0.65,0.0143
49.5926,-97.7567,0.3763,263.63,220.23,19.9,19.9,1.87,0.1,0.65,0.017
49.5926,-97.7516,0.4225,261.9,220.17,19.9,19.9,2.17,0.1,0.65,0.0297
49.5986,-98.1198,0.183,266.55,238.07,19.6,19.6,0.82,0.78,0.12,0.0077
49.5986,-98.1146,0.1802,266.56,238.79,19.6,19.6,0.84,0.78,0.12,0.0177
49.5986,-98.1094,0.172,267.36,239.27,19.6,19.6,0.99,0.79,0.11,0.0174
49.5986,-98.1043,0.1741,267.41,238.49,19.6,19.6,1.26,0.78,0.12,0.0204
49.5986,-98.0991,0.1794,266.93,238.37,19.6,19.6,1.75,0.78,0.12,0.0287
49.5986,-98.0939,0.1833,267.0,239.68,19.6,19.6,1.57,0.76,0.14,0.03
49.5986,-98.0887,0.1929,268.06,241.85,19.6,19.6,2.17,0.75,0.15,0.0508
49.5986,-98.0835,0.2005,269.03,243.95,19.6,19.6,2.47,0.74,0.16,0.0189
49.5986,-98.0783,0.2173,268.75,245.5,19.6,19.6,3.82,0.71,0.19,0.0302
49.5986,-98.0731,,268.53,245.49,19.6,19.6,4.5,0.69,0.22,
49.5986,-98.0679,,268.7,244.37,19.5,19.5,4.67,0.66,0.24,
49.5986,-98.0628,,268.58,242.94,19.5,19.5,4.22,0.63,0.27,
49.5986,-98.0576,0.1766,268.36,241.55,19.5,19.5,2.36,0.64,0.26,0.0435
49.5986,-98.0524,0.1788,269.02,240.78,19.5,19.5,1.85,0.66,0.24,0.0283
49.5986,-98.0472,0.1859,270.4,239.85,19.5,19.5,1.98,0.67,0.23,0.0388
49.5986,-98.042,0.1863,271.15,237.65,19.5,19.5,1.75,0.7,0.2,0.0133
49.5986,-98.0368,0.175,271.91,235.92,19.5,19.5,1.59,0.7,0.2,0.0111
49.5986,-98.0316,0.1716,273.69,235.73,19.5,19.5,1.94,0.68,0.22,0.0124
49.5986,-98.0265,0.1761,275.65,235.66,19.5,19.5,2.24,0.65,0.25,0.0134
49.5986,-98.0213,0.172,276.09,235.78,19.5,19.5,2.09,0.62,0.28,0.0148
49.5986,-98.0161,0.1677,274.27,236.53,19.5,19.5,1.64,0.6,0.29,0.0105
49.5986,-98.0109,0.169,271.58,235.81,19.5,19.5,1.23,0.6,0.29,0.0092
49.5986,-98.0057,0.176,269.62,234.79,19.6,19.6,1.42,0.6,0.29,0.0114
49.5986,-98.0005,0.2059,267.77,234.21,19.6,19.6,2.0,0.6,0.29,0.0138
49.5986,-97.9953,0.2011,266.8,233.43,19.6,19.6,1.8,0.6,0.3,0.0324
49.5986,-97.9901,0.1801,267.91,232.18,19.6,19.6,1.27,0.6,0.3,0.0158
49.5986,-97.985,0.1737,269.61,232.32,19.6,19.6,1.25,0.6,0.3,0.0198
49.5986,-97.9798,0.1829,270.59,233.6,19.6,19.6,1.39,0.6,0.3,0.0212
49.5986,-97.9746,0.2113,271.14,234.98,19.6,19.6,1.94,0.6,0.3,0.0099
49.5986,-97.9694,0.2241,271.02,235.38,19.6,19.6,2.17,0.59,0.3,0.0162
49.5986,-97.9642,0.2321,270.85,234.1,19.6,19.6,1.98,0.54,0.32,0.0128
49.5986,-97.959,0.223,271.2,230.92,19.6,19.6,1.47,0.46,0.35,0.021
49.5986,-97.9538,0.218,272.01,226.64,19.6,19.6,1.16,0.37,0.4,0.0163
49.5986,-97.9487,0.2321,272.57,225.1,19.6,19.6,1.15,0.29,0.45,0.0168
49.5986,-97.9435,0.2508,272.39,225.5,19.6,19.6,1.52,0.23,0.5,0.028
49.5986,-97.9383,0.2628,272.32,226.88,19.6,19.6,1.91,0.2,0.52,0.0371
49.5986,-97.9331,0.269,272.56,228.29,19.6,19.6,2.17,0.2,0.53,0.0419
49.5986,-97.9279,0.3016,271.41,228.91,19.7,19.7,2.64,0.17,0.57,0.021
49.5986,-97.9227,0.3673,267.89,228.25,19.7,19.7,2.83,0.13,0.61,0.0208
49.5986,-97.9175,0.402,264.48,224.99,19.7,19.7,2.87,0.11,0.64,0.03
49.5986,-97.9123,0.372,264.55,220.92,19.7,19.7,2.66,0.1,0.65,0.023
49.5986,-97.9072,0.3301,267.43,219.71,19.7,19.7,2.34,0.1,0.65,0.0184
49.5986,-97.902,0.3142,269.16,221.17,19.7,19.7,2.08,0.1,0.65,0.0175
49.5986,-97.8968,0.3296,269.53,223.2,19.7,19.7,2.14,0.1,0.65,0.016
49.5986,-97.8916,0.3342,271.44,224.61,19.7,19.7,2.47,0.1,0.65,0.0173
49.5986,-97.8864,0.3259,273.31,225.26,19.7,19.7,2.7,0.1,0.65,0.0257
49.5986,-97.8812,0.3087,274.44,225.84,19.7,19.7,2.69,0.1,0.65,0.0228
49.5986,-97.876,0.2792,275.38,226.79,19.7,19.7,2.2,0.1,0.65,0.0189
49.5986,-97.8709,0.2615,275.21,227.21,19.7,19.7,1.75,0.1,0.65,0.0141
49.5986,-97.8657,0.2573,274.36,227.01,19.8,19.8,1.62,0.1,0.65,0.0144
49.5986,-97.8605,0.2508,273.91,227.86,19.8,19.8,1.6,0.1,0.65,0.0144
49.5986,-97.8553,0.2477,274.04,228.6,19.8,19.8,1.68,0.1,0.65,0.0153
49.5986,-97.8501,0.2411,274.04,227.54,19.8,19.8,1.42,0.1,0.65,0.0131
49.5986,-97.8449,0.237,273.62,224.44,19.8,19.8,0.98,0.1,0.65,0.0167
49.5986,-97.8397,0.2434,273.1,220.87,19.8,19.8,0.78,0.1,0.65,0.0145
49.5986,-97.8345,0.2683,270.85,217.04,19.8,19.8,0.92,0.1,0.65,0.0169
49.5986,-97.8294,0.3067,268.47,214.63,19.8,19.8,1.37,0.1,0.65,0.0316
49.5986,-97.8242,0.3415,267.53,214.07,19.8,19.8,1.81,0.1,0.65,0.0174
49.5986,-97.819,0.353,267.02,213.45,19.8,19.8,1.88,0.1,0.65,0.0187
49.5986,-97.8138,0.3399,267.19,211.32,19.8,19.8,1.65,0.1,0.65,0.0163
49.5986,-97.8086,0.3009,268.91,209.62,19.9,19.9,1.09,0.1,0.65,0.0192
49.5986,-97.8034,0.2671,270.74,211.4,19.9,19.9,0.58,0.1,0.65,0.013
49.5986,-97.7982,0.2597,271.36,215.85,19.9,19.9,0.51,0.1,0.65,0.0118
49.5986,-97.7931,0.2698,270.97,220.11,19.9,19.9,0.77,0.1,0.65,0.0163
49.5986,-97.7879,0.2905,270.06,221.99,19.9,19.9,1.14,0.1,0.65,0.0244
49.5986,-97.7827,0.31,269.7,221.27,19.9,19.9,1.62,0.1,0.65,0.0184
49.5986,-97.7775,0.3104,270.54,219.49,19.9,19.9,2.0,0.1,0.65,0.0156
49.5986,-97.7723,0.3007,270.28,217.74,19.9,19.9,2.0,0.1,0.65,0.0154
49.5986,-97.7671,0.3053,267.1,215.93,19.9,19.9,1.75,0.1,0.65,0.0154
49.5986,-97.7619,0.3213,263.09,214.68,19.9,19.9,1.37,0.1,0.65,0.0164
49.5986,-97.7567,0.3495,260.09,214.4,19.9,19.9,1.3,0.1,0.65,0.0245
49.5986,-97.7516,0.3812,258.37,214.63,19.9,19.9,1.42,0.1,0.65,0.0299
49.6046,-98.1198,0.1872,265.19,237.09,19.6,19.6,1.31,0.78,0.12,0.0101
49.6046,-98.1146,0.1994,264.79,238.08,19.6,19.6,1.26,0.79,0.11,0.0093
49.6046,-98.1094,0.1966,265.18,239.45,19.6,19.6,1.65,0.79,0.11,0.0152
49.6046,-98.1043,0.19,265.72,239.76,19.6,19.6,1.96,0.78,0.12,0.0537
49.6046,-98.0991,0.1882,266.77,240.14,19.6,19.6,2.07,0.78,0.12,0.0377
49.6046,-98.0939,0.1783,268.11,241.39,19.6,19.6,2.51,0.79,0.11,0.058
49.6046,-98.0887,0.1652,269.94,243.05,19.6,19.6,2.77,0.78,0.12,0.0621
49.6046,-98.0835,0.1595,271.25,244.33,19.6,19.6,2.82,0.77,0.13,0.0681
49.6046,-98.0783,0.1663,270.68,245.16,19.6,19.6,3.12,0.75,0.15,0.0709
49.6046,-98.0731,,269.58,244.98,19.6,19.6,3.74,0.73,0.17,
49.6046,-98.0679,0.1923,269.0,244.18,19.5,19.5,3.64,0.72,0.18,0.0251
49.6046,-98.0628,,268.85,243.1,19.5,19.5,3.54,0.72,0.18,
49.6046,-98.0576,,269.2,241.87,19.5,19.5,3.09,0.72,0.18,
49.6046,-98.0524,0.1938,270.54,240.98,19.5,19.5,2.28,0.74,0.16,0.0205
49.6046,-98.0472,0.1981,271.73,239.68,19.5,19.5,1.93,0.74,0.16,0.0138
49.6046,-98.042,0.1903,271.69,237.41,19.5,19.5,1.56,0.73,0.17,0.0217
49.6046,-98.0368,0.1775,271.56,235.8,19.5,19.5,1.26,0.71,0.19,0.0201
49.6046,-98.0316,0.1656,272.83,235.83,19.5,19.5,1.19,0.68,0.22,0.0171
49.6046,-98.0265,0.1739,274.57,235.76,19.5,19.5,1.33,0.64,0.26,0.0091
49.6046,-98.0213,0.194,274.79,235.67,19.5,19.5,1.45,0.61,0.28,0.0119
49.6046,-98.0161,0.1984,272.85,236.12,19.5,19.5,1.48,0.59,0.3,0.0102
49.6046,-98.0109,0.202,270.39,235.55,19.5,19.5,1.45,0.58,0.3,0.0107
49.6046,-98.0057,0.1952,268.9,234.98,19.6,19.6,1.4,0.58,0.31,0.0092
49.6046,-98.0005,0.1944,267.48,234.58,19.6,19.6,1.26,0.6,0.3,0.0199
49.6046,-97.9953,0.1946,266.56,233.5,19.6,19.6,1.23,0.6,0.3,0.0183
49.6046,-97.9901,0.1964,267.09,231.79,19.6,19.6,1.51,0.6,0.3,0.0218
49.6046,-97.985,0.2013,268.7,232.43,19.6,19.6,1.56,0.6,0.3,0.0122
49.6046,-97.9798,0.2111,270.89,234.81,19.6,19.6,1.93,0.6,0.3,0.0122
49.6046,-97.9746,0.2275,272.81,236.97,19.6,19.6,2.32,0.6,0.3,0.0146
49.6046,-97.9694,0.2424,272.95,238.02,19.6,19.6,2.41,0.6,0.3,0.0186
49.6046,-97.9642,0.246,271.68,237.47,19.6,19.6,2.27,0.55,0.33,0.0154
49.6046,-97.959,0.2469,271.18,234.61,19.6,19.6,1.89,0.44,0.38,0.0145
49.6046,-97.9538,0.233,272.43,229.76,19.6,19.6,1.6,0.33,0.44,0.0234
49.6046,-97.9487,0.2448,272.59,227.7,19.6,19.6,1.47,0.22,0.52,0.0243
49.6046,-97.9435,0.2476,272.17,227.4,19.6,19.6,1.33,0.19,0.54,0.021
49.6046,-97.9383,0.2489,272.07,227.76,19.6,19.6,1.09,0.19,0.54,0.0168
49.6046,-97.9331,0.2554,271.7,228.21,19.6,19.6,1.04,0.19,0.54,0.0172
49.6046,-97.9279,0.283,269.71,227.88,19.7,19.7,1.34,0.18,0.55,0.0225
49.6046,-97.9227,0.3342,265.91,226.02,19.7,19.7,1.7,0.15,0.58,0.0169
49.6046,-97.9175,0.3744,262.48,221.7,19.7,19.7,1.95,0.12,0.62,0.0205
49.6046,-97.9123,0.3558,262.19,217.1,19.7,19.7,1.81,0.11,0.64,0.021
49.6046,-97.9072,0.3163,264.73,216.22,19.7,19.7,1.37,0.1,0.65,0.031
49.6046,-97.902,0.2941,266.36,218.55,19.7,19.7,1.02,0.1,0.65,0.0193
49.6046,-97.8968,0.3044,266.89,221.11,19.7,19.7,1.16,0.1,0.65,0.0217
49.6046,-97.8916,0.3044,269.35,222.69,19.7,19.7,1.64,0.1,0.65,0.0341
49.6046,-97.8864,0.3011,271.94,223.32,19.7,19.7,2.12,0.1,0.65,0.016
49.6046,-97.8812,0.297,273.28,223.51,19.7,19.7,2.25,0.1,0.65,0.0151
49.6046,-97.876,0.2803,273.93,223.98,19.7,19.7,1.89,0.1,0.65,0.0112
49.6046,-97.8709,0.2802,272.77,224.18,19.7,19.7,1.58,0.1,0.65,0.0277
49.6046,-97.8657,0.2875,271.15,224.61,19.8,19.8,1.53,0.1,0.65,0.0137
49.6046,-97.8605,0.292,270.38,225.42,19.8,19.8,1.83,0.1,0.65,0.014
49.6046,-97.8553,0.2902,270.65,225.53,19.8,19.8,2.13,0.1,0.65,0.0175
49.6046,-97.8501,0.2765,271.5,224.15,19.8,19.8,1.99,0.1,0.65,0.0157
49.6046,-97.8449,0.2649,272.51,221.94,19.8,19.8,1.71,0.1,0.65,0.0133
49.6046,-97.8397,0.2671,273.33,219.83,19.8,19.8,1.69,0.1,0.65,0.0288
49.6046,-97.8345,0.2954,271.61,216.19,19.8,19.8,1.89,0.1,0.65,0.0156
49.6046,-97.8294,0.328,269.2,212.92,19.8,19.8,2.15,0.1,0.65,0.0162
49.6046,-97.8242,0.3459,268.17,212.03,19.8,19.8,2.21,0.1,0.65,0.0194
49.6046,-97.819,0.3359,267.03,211.44,19.8,19.8,1.77,0.1,0.65,0.0156
49.6046,-97.8138,0.3277,265.68,209.98,19.8,19.8,1.21,0.1,0.65,0.0254
49.6046,-97.8086,0.3077,266.12,209.21,19.9,19.9,0.86,0.1,0.65,0.0203
49.6046,-97.8034,0.2778,268.21,211.35,19.9,19.9,0.51,0.1,0.65,0.0135
49.6046,-97.7982,0.2641,270.14,216.01,19.9,19.9,0.45,0.1,0.65,0.012
49.6046,-97.7931,0.2639,271.37,220.75,19.9,19.9,0.66,0.1,0.65,0.0153
49.6046,-97.7879,0.2757,271.51,223.16,19.9,19.9,1.0,0.1,0.65,0.016
49.6046,-97.7827,0.2905,270.99,222.66,19.9,19.9,1.46,0.1,0.65,0.028
49.6046,-97.7775,0.3041,270.12,220.59,19.9,19.9,1.81,0.1,0.65,0.0173
49.6046,-97.7723,0.3222,267.69,218.03,19.9,19.9,2.03,0.1,0.65,0.0172
49.6046,-97.7671,0.3535,263.73,215.03,19.9,19.9,2.17,0.1,0.65,0.0208
49.6046,-97.7619,0.3766,259.98,212.91,19.9,19.9,1.93,0.1,0.65,0.0166
49.6046,-97.7567,0.3954,257.75,212.31,19.9,19.9,1.71,0.1,0.65,0.0189
49.6046,-97.7516,0.4084,256.56,212.34,19.9,19.9,1.61,0.1,0.65,0.0462
49.6106,-98.1198,0.2414,265.96,237.19,19.6,19.6,1.96,0.75,0.15,0.0185
49.6106,-98.1146,0.2254,265.56,238.93,19.6,19.6,1.64,0.77,0.13,0.0305
49.6106,-98.1094,0.218,265.74,240.67,19.6,19.6,1.71,0.78,0.12,0.0432
49.6106,-98.1043,0.2079,265.89,241.28,19.6,19.6,2.05,0.8,0.1,0.0431
49.6106,-98.0991,0.1833,266.39,241.5,19.6,19.6,1.8,0.8,0.1,0.0309
49.6106,-98.0939,0.1723,267.34,242.38,19.6,19.6,1.89,0.8,0.1,0.0301
49.6106,-98.0887,0.1603,269.01,243.71,19.6,19.6,2.42,0.8,0.1,0.0568
49.6106,-98.0835,0.1497,270.7,244.56,19.6,19.6,2.39,0.78,0.12,0.059
49.6106,-98.0783,0.1534,270.77,244.56,19.6,19.6,2.51,0.78,0.12,0.0458
49.6106,-98.0731,0.1731,268.97,243.46,19.6,19.6,2.46,0.76,0.14,0.0513
49.6106,-98.0679,0.1855,267.52,242.08,19.5,19.5,2.32,0.75,0.15,0.0157
49.6106,-98.0628,0.1999,267.09,240.83,19.5,19.5,2.66,0.75,0.15,0.0175
49.6106,-98.0576,0.192,267.69,239.77,19.5,19.5,2.37,0.74,0.16,0.044
49.6106,-98.0524,0.1938,269.67,239.33,19.5,19.5,1.83,0.72,0.18,0.0319
49.6106,-98.0472,0.193,271.52,239.02,19.5,19.5,1.77,0.71,0.19,0.0332
49.6106,-98.042,0.1923,272.09,238.09,19.5,19.5,1.32,0.69,0.21,0.0211
49.6106,-98.0368,0.1918,272.21,237.34,19.5,19.5,1.39,0.66,0.24,0.0294
49.6106,-98.0316,0.1903,272.83,237.0,19.5,19.5,1.37,0.64,0.26,0.0193
49.6106,-98.0265,0.1952,272.93,235.97,19.5,19.5,1.22,0.64,0.26,0.0188
49.6106,-98.0213,0.2191,271.53,235.05,19.5,19.5,1.33,0.63,0.27,0.0251
49.6106,-98.0161,0.2432,269.81,234.75,19.5,19.5,1.62,0.63,0.27,0.0123
49.6106,-98.0109,0.2316,269.57,234.4,19.6,19.6,1.68,0.63,0.27,0.0129
49.6106,-98.0057,0.2081,269.25,234.41,19.6,19.6,1.48,0.62,0.28,0.0099
49.6106,-98.0005,0.2089,267.88,234.61,19.6,19.6,1.4,0.61,0.29,0.0101
49.6106,-97.9953,0.221,266.29,234.27,19.6,19.6,1.45,0.6,0.3,0.0115
49.6106,-97.9901,0.2301,266.87,233.32,19.6,19.6,1.75,0.6,0.3,0.0111
49.6106,-97.985,0.2351,269.38,234.32,19.6,19.6,2.17,0.59,0.3,0.0134
49.6106,-97.9798,0.2554,271.75,236.78,19.6,19.6,2.48,0.58,0.31,0.0207
49.6106,-97.9746,0.244,273.76,238.91,19.6,19.6,2.65,0.58,0.3,0.0209
49.6106,-97.9694,0.24,274.49,240.1,19.6,19.6,2.62,0.57,0.31,0.0207
49.6106,-97.9642,0.2486,273.48,239.67,19.6,19.6,2.53,0.5,0.34,0.0189
49.6106,-97.959,0.2513,273.02,238.28,19.6,19.6,2.53,0.41,0.38,0.0171
49.6106,-97.9538,0.2399,274.41,236.1,19.6,19.6,2.55,0.29,0.46,0.0141
49.6106,-97.9487,0.2463,274.36,233.9,19.6,19.6,2.53,0.2,0.53,0.0142
49.6106,-97.9435,0.2585,273.45,232.2,19.6,19.6,2.18,0.18,0.55,0.0137
49.6106,-97.9383,0.2693,272.47,230.34,19.6,19.6,1.8,0.15,0.58,0.0346
49.6106,-97.9331,0.2768,270.77,228.19,19.7,19.7,1.42,0.16,0.58,0.0259
49.6106,-97.9279,0.2989,267.68,226.64,19.7,19.7,1.24,0.14,0.6,0.0238
49.6106,-97.9227,0.3332,263.53,224.21,19.7,19.7,1.35,0.12,0.62,0.0149
49.6106,-97.9175,0.3416,260.29,218.79,19.7,19.7,1.18,0.11,0.64,0.0167
49.6106,-97.9123,0.3331,260.13,213.78,19.7,19.7,0.88,0.1,0.65,0.0191
49.6106,-97.9072,0.3116,262.1,213.14,19.7,19.7,0.61,0.1,0.65,0.0157
49.6106,-97.902,0.2963,263.89,215.82,19.7,19.7,0.48,0.1,0.65,0.0139
49.6106,-97.8968,0.3025,265.52,218.64,19.7,19.7,0.84,0.1,0.65,0.0152
49.6106,-97.8916,0.3037,269.3,219.99,19.7,19.7,1.56,0.1,0.65,0.014
49.6106,-97.8864,0.3238,271.71,220.1,19.7,19.7,2.34,0.1,0.65,0.0225
49.6106,-97.8812,0.3597,271.88,219.93,19.7,19.7,2.75,0.1,0.65,0.0211
49.6106,-97.876,0.3388,270.97,219.53,19.7,19.7,2.37,0.1,0.65,0.0167
49.6106,-97.8709,0.3238,268.55,218.32,19.7,19.7,1.78,0.1,0.65,0.0168
49.6106,-97.8657,0.3055,266.84,218.65,19.8,19.8,1.25,0.1,0.65,0.0206
49.6106,-97.8605,0.2804,266.71,220.67,19.8,19.8,0.9,0.1,0.65,0.016
49.6106,-97.8553,0.2673,268.01,221.78,19.8,19.8,1.06,0.1,0.65,0.016
49.6106,-97.8501,0.2684,270.25,221.46,19.8,19.8,1.57,0.1,0.65,0.0135
49.6106,-97.8449,0.269,273.14,220.33,19.8,19.8,2.0,0.1,0.65,0.0126
49.6106,-97.8397,0.2771,275.26,219.02,19.8,19.8,2.35,0.1,0.65,0.0148
49.6106,-97.8345,0.3256,273.44,216.66,19.8,19.8,2.72,0.1,0.65,0.0195
49.6106,-97.8294,0.3301,270.84,214.3,19.8,19.8,2.44,0.1,0.65,0.0178
49.6106,-97.8242,0.3101,269.59,213.72,19.8,19.8,1.82,0.1,0.65,0.0346
49.6106,-97.819,0.2956,268.04,213.13,19.8,19.8,1.21,0.1,0.65,0.0198
49.6106,-97.8138,0.292,266.12,211.33,19.8,19.8,0.58,0.1,0.65,0.0121
49.6106,-97.8086,0.2784,266.53,210.46,19.9,19.9,0.42,0.1,0.65,0.0123
49.6106,-97.8034,0.2624,268.83,212.29,19.9,19.9,0.35,0.1,0.65,0.0115
49.6106,-97.7982,0.2528,270.63,216.88,19.9,19.9,0.44,0.1,0.65,0.0132
49.6106,-97.7931,0.2638,271.98,221.74,19.9,19.9,0.98,0.1,0.65,0.0152
49.6106,-97.7879,0.2809,272.96,223.09,19.9,19.9,1.61,0.1,0.65,0.0135
49.6106,-97.7827,0.3062,272.86,220.67,19.9,19.9,2.07,0.1,0.65,0.0159
49.6106,-97.7775,0.3272,271.18,217.08,19.9,19.9,2.22,0.1,0.65,0.0191
49.6106,-97.7723,0.3536,267.56,214.35,19.9,19.9,2.09,0.1,0.65,0.0202
49.6106,-97.7671,0.3966,263.36,212.38,19.9,19.9,2.09,0.1,0.65,0.0203
49.6106,-97.7619,0.4256,260.32,211.52,19.9,19.9,2.05,0.1,0.65,0.0262
49.6106,-97.7567,0.4382,258.79,211.6,19.9,19.9,2.06,0.1,0.65,0.024
49.6106,-97.7516,0.4396,258.41,211.72,19.9,19.9,2.05,0.1,0.65,0.0266
49.6166,-98.1198,0.223,265.33,237.19,19.6,19.6,1.28,0.75,0.15,0.0256
49.6166,-98.1146,0.213,264.94,239.82,19.6,19.6,1.38,0.77,0.13,0.0115
49.6166,-98.1094,0.2057,264.89,241.31,19.6,19.6,1.18,0.79,0.11,0.0123
49.6166,-98.1043,0.1979,265.07,241.57,19.6,19.6,1.09,0.78,0.12,0.0099
49.6166,-98.0991,0.1863,265.59,241.32,19.6,19.6,1.08,0.78,0.12,0.0076
49.6166,-98.0939,0.1789,266.45,241.63,19.6,19.6,1.26,0.78,0.12,0.0103
49.6166,-98.0887,0.1684,267.4,242.88,19.6,19.6,1.64,0.79,0.11,0.0255
49.6166,-98.0835,0.1586,268.72,243.69,19.6,19.6,1.75,0.79,0.11,0.029
49.6166,-98.0783,0.1518,269.22,243.19,19.6,19.6,1.6,0.78,0.12,0.0225
49.6166,-98.0731,0.1627,267.13,241.48,19.6,19.6,1.37,0.78,0.12,0.0177
49.6166,-98.0679,0.1678,265.31,239.72,19.5,19.5,1.36,0.79,0.11,0.0096
49.6166,-98.0628,0.1719,264.73,238.05,19.5,19.5,1.32,0.77,0.13,0.0105
49.6166,-98.0576,0.1741,265.29,236.39,19.5,19.5,1.57,0.76,0.14,0.0239
49.6166,-98.0524,0.1655,267.31,235.73,19.5,19.5,1.16,0.74,0.16,0.0187
49.6166,-98.0472,0.1611,269.76,236.62,19.5,19.5,1.37,0.71,0.19,0.0193
49.6166,-98.042,0.1703,271.93,237.26,19.5,19.5,1.65,0.69,0.21,0.0282
49.6166,-98.0368,0.1645,273.65,237.89,19.5,19.5,1.97,0.68,0.22,0.013
49.6166,-98.0316,0.1619,274.11,237.89,19.5,19.5,1.84,0.69,0.21,0.0108
49.6166,-98.0265,0.1632,273.14,236.32,19.5,19.5,1.4,0.71,0.19,0.0187
49.6166,-98.0213,0.1828,270.84,235.07,19.5,19.5,1.25,0.72,0.18,0.0185
49.6166,-98.0161,0.2082,269.03,234.37,19.5,19.5,1.45,0.73,0.17,0.026
49.6166,-98.0109,0.1947,269.42,233.54,19.6,19.6,1.48,0.73,0.17,0.011
49.6166,-98.0057,0.186,269.71,233.8,19.6,19.6,1.29,0.69,0.21,0.0108
49.6166,-98.0005,0.1874,268.97,234.89,19.6,19.6,1.05,0.65,0.25,0.0101
49.6166,-97.9953,0.1977,268.09,235.34,19.6,19.6,1.16,0.62,0.28,0.0101
49.6166,-97.9901,0.223,268.52,234.68,19.6,19.6,1.69,0.6,0.3,0.0115
49.6166,-97.985,0.2573,270.0,236.04,19.6,19.6,2.21,0.56,0.31,0.0158
49.6166,-97.9798,0.2581,271.78,238.2,19.6,19.6,2.46,0.51,0.33,0.0186
49.6166,-97.9746,0.2524,273.14,239.39,19.6,19.6,2.66,0.48,0.34,0.0185
49.6166,-97.9694,0.2637,273.27,239.88,19.6,19.6,2.72,0.4,0.39,0.02
49.6166,-97.9642,0.2716,272.94,239.59,19.6,19.6,2.67,0.34,0.44,0.0194
49.6166,-97.959,0.263,273.83,239.14,19.6,19.6,2.56,0.26,0.49,0.0182
49.6166,-97.9538,0.2523,275.59,238.12,19.6,19.6,2.66,0.19,0.54,0.0209
49.6166,-97.9487,0.2582,276.06,236.25,19.6,19.6,2.86,0.16,0.58,0.0193
49.6166,-97.9435,0.2759,275.5,234.32,19.6,19.6,2.77,0.13,0.61,0.0181
49.6166,-97.9383,0.3088,274.07,231.57,19.6,19.6,2.49,0.11,0.64,0.0161
49.6166,-97.9331,0.3388,271.2,227.53,19.7,19.7,2.28,0.1,0.65,0.0171
49.6166,-97.9279,0.3698,267.12,224.6,19.7,19.7,2.15,0.1,0.65,0.0195
49.6166,-97.9227,0.4037,262.55,221.96,19.7,19.7,2.02,0.1,0.65,0.0217
49.6166,-97.9175,0.4045,259.5,217.69,19.7,19.7,1.61,0.1,0.65,0.0209
49.6166,-97.9123,0.3652,260.6,214.36,19.7,19.7,1.11,0.1,0.65,0.0274
49.6166,-97.9072,0.3167,263.51,213.47,19.7,19.7,0.65,0.1,0.65,0.0164
49.6166,-97.902,0.3016,264.52,214.28,19.7,19.7,0.56,0.1,0.65,0.0151
49.6166,-97.8968,0.3113,265.2,215.75,19.7,19.7,1.02,0.1,0.65,0.0215
49.6166,-97.8916,0.3038,268.96,217.23,19.7,19.7,1.58,0.1,0.65,0.0161
49.6166,-97.8864,0.3137,271.58,217.85,19.7,19.7,2.19,0.1,0.65,0.0142
49.6166,-97.8812,0.3387,271.55,217.88,19.7,19.7,2.52,0.1,0.65,0.0193
49.6166,-97.876,0.341,269.98,217.16,19.7,19.7,2.18,0.1,0.65,0.0138
49.6166,-97.8709,0.3375,266.75,215.13,19.7,19.7,1.65,0.1,0.65,0.0157
49.6166,-97.8657,0.3198,264.55,214.36,19.7,19.7,1.11,0.1,0.65,0.023
49.6166,-97.8605,0.287,264.75,215.58,19.7,19.7,0.62,0.1,0.65,0.0145
49.6166,-97.8553,0.2612,267.04,216.81,19.7,19.7,0.5,0.1,0.65,0.0118
49.6166,-97.8501,0.2526,270.42,217.38,19.7,19.7,0.98,0.1,0.65,0.0164
49.6166,-97.8449,0.2526,273.73,217.09,19.7,19.7,1.56,0.1,0.65,0.0131
49.6166,-97.8397,0.2665,275.62,216.69,19.8,19.8,2.12,0.1,0.65,0.0167
49.6166,-97.8345,0.3073,273.82,215.68,19.8,19.8,2.45,0.1,0.65,0.0169
49.6166,-97.8294,0.3145,271.48,214.36,19.8,19.8,2.09,0.1,0.65,0.0169
49.6166,-97.8242,0.3026,270.16,214.11,19.8,19.8,1.62,0.1,0.65,0.0316
49.6166,-97.819,0.2906,268.33,213.48,19.8,19.8,1.05,0.1,0.65,0.0165
49.6166,-97.8138,0.2816,266.47,211.5,19.8,19.8,0.52,0.1,0.65,0.0145
49.6166,-97.8086,0.2665,266.81,210.91,19.9,19.9,0.32,0.1,0.65,0.0104
49.6166,-97.8034,0.2523,268.52,213.1,19.9,19.9,0.24,0.1,0.65,0.0122
49.6166,-97.7982,0.2495,269.62,217.51,19.9,19.9,0.34,0.1,0.65,0.0111
49.6166,-97.7931,0.2662,270.43,221.73,19.9,19.9,0.92,0.1,0.65,0.019
49.6166,-97.7879,0.2826,271.61,222.42,19.9,19.9,1.55,0.1,0.65,0.0146
49.6166,-97.7827,0.2937,272.33,219.54,19.9,19.9,1.78,0.1,0.65,0.0132
49.6166,-97.7775,0.3003,271.42,215.65,19.9,19.9,1.78,0.1,0.65,0.0141
49.6166,-97.7723,0.3151,268.31,212.81,19.9,19.9,1.49,0.1,0.65,0.0261
49.6166,-97.7671,0.3428,264.11,211.74,19.9,19.9,1.25,0.1,0.65,0.0238
49.6166,-97.7619,0.3686,261.08,212.05,19.9,19.9,1.36,0.1,0.65,0.0408
49.6166,-97.7567,0.3802,259.7,213.03,19.9,19.9,1.54,0.1,0.65,0.0351
49.6166,-97.7516,0.3847,259.07,213.98,19.9,19.9,1.61,0.1,0.65,0.0417
49.6227,-98.1198,0.2077,262.18,235.0,19.6,19.6,0.79,0.79,0.11,0.0161
49.6227,-98.1146,0.2023,262.56,238.06,19.6,19.6,0.97,0.8,0.1,0.0091
49.6227,-98.1094,0.1957,263.6,239.77,19.6,19.6,1.25,0.78,0.12,0.0095
49.6227,-98.1043,0.1918,264.43,240.59,19.6,19.6,1.34,0.77,0.13,0.0107
49.6227,-98.0991,0.1959,265.19,240.62,19.6,19.6,1.55,0.77,0.13,0.0113
49.6227,-98.0939,0.1966,266.21,240.55,19.6,19.6,1.71,0.77,0.13,0.0121
49.6227,-98.0887,0.1827,267.21,241.43,19.6,19.6,1.69,0.78,0.12,0.011
49.6227,-98.0835,0.1708,267.82,242.49,19.6,19.6,1.82,0.8,0.1,0.0113
49.6227,-98.0783,0.1645,267.26,242.47,19.6,19.6,1.51,0.8,0.1,0.0127
49.6227,-98.0731,0.1698,265.53,240.66,19.6,19.6,1.18,0.8,0.1,0.0114
49.6227,-98.0679,0.1798,264.42,238.72,19.5,19.5,1.28,0.8,0.1,0.009
49.6227,-98.0628,0.1911,264.15,237.25,19.5,19.5,1.41,0.8,0.1,0.0101
49.6227,-98.0576,0.1977,264.86,235.65,19.5,19.5,1.66,0.8,0.1,0.0124
49.6227,-98.0524,0.1896,266.38,234.6,19.5,19.5,1.64,0.8,0.1,0.031
49.6227,-98.0472,0.1799,268.15,234.97,19.5,19.5,1.64,0.79,0.11,0.0271
49.6227,-98.042,0.1613,270.35,235.81,19.5,19.5,1.63,0.78,0.12,0.0218
49.6227,-98.0368,0.1588,272.29,237.17,19.5,19.5,2.06,0.77,0.13,0.0111
49.6227,-98.0316,0.1495,273.43,237.53,19.5,19.5,2.0,0.78,0.12,0.0129
49.6227,-98.0265,0.1395,273.18,235.37,19.5,19.5,1.74,0.79,0.11,0.0107
49.6227,-98.0213,0.1493,271.05,233.45,19.5,19.5,1.43,0.79,0.11,0.0217
49.6227,-98.0161,0.1669,268.92,232.94,19.5,19.5,1.15,0.79,0.11,0.0175
49.6227,-98.0109,0.1677,269.26,232.89,19.6,19.6,0.95,0.78,0.12,0.0154
49.6227,-98.0057,0.1699,269.42,233.39,19.6,19.6,0.69,0.72,0.18,0.0112
49.6227,-98.0005,0.1797,268.6,234.31,19.6,19.6,0.65,0.66,0.24,0.0099
49.6227,-97.9953,0.2019,267.98,235.1,19.6,19.6,0.9,0.61,0.29,0.0171
49.6227,-97.9901,0.208,268.62,235.58,19.6,19.6,1.11,0.56,0.31,0.0175
49.6227,-97.985,0.2152,269.88,237.04,19.6,19.6,1.48,0.49,0.34,0.0118
49.6227,-97.9798,0.2328,270.79,238.23,19.6,19.6,1.93,0.41,0.37,0.0128
49.6227,-97.9746,0.2682,271.05,238.38,19.6,19.6,2.09,0.32,0.44,0.0167
49.6227,-97.9694,0.2919,270.71,237.97,19.6,19.6,1.98,0.23,0.51,0.0148
49.6227,-97.9642,0.2842,271.52,236.88,19.6,19.6,1.83,0.17,0.58,0.0359
49.6227,-97.959,0.2693,273.1,235.31,19.6,19.6,1.61,0.12,0.63,0.0292
49.6227,-97.9538,0.2702,273.77,233.57,19.6,19.6,1.85,0.11,0.64,0.0357
49.6227,-97.9487,0.2678,274.63,232.4,19.6,19.6,2.05,0.1,0.65,0.0437
49.6227,-97.9435,0.2763,274.49,230.97,19.6,19.6,2.11,0.1,0.65,0.014
49.6227,-97.9383,0.304,273.06,228.35,19.6,19.6,2.35,0.1,0.65,0.0189
49.6227,-97.9331,0.3414,270.01,225.2,19.7,19.7,2.36,0.1,0.65,0.0214
49.6227,-97.9279,0.4005,266.38,223.72,19.7,19.7,2.41,0.1,0.65,0.0264
49.6227,-97.9227,0.4321,263.27,222.52,19.7,19.7,2.34,0.1,0.65,0.0255
49.6227,-97.9175,0.4082,261.64,219.99,19.7,19.7,1.84,0.1,0.65,0.0221
49.6227,-97.9123,0.3519,262.92,217.56,19.7,19.7,1.24,0.1,0.65,0.025
49.6227,-97.9072,0.31,264.78,216.37,19.7,19.7,0.94,0.1,0.65,0.0209
49.6227,-97.902,0.309,264.35,215.47,19.7,19.7,1.06,0.1,0.65,0.0201
49.6227,-97.8968,0.3243,263.68,215.01,19.7,19.7,1.62,0.1,0.65,0.014
49.6227,-97.8916,0.3252,266.46,215.57,19.7,19.7,2.23,0.1,0.65,0.0175
49.6227,-97.8864,0.3096,269.22,216.32,19.7,19.7,2.22,0.1,0.65,0.0137
49.6227,-97.8812,0.3051,269.99,216.48,19.7,19.7,1.92,0.1,0.65,0.0382
49.6227,-97.876,0.3134,269.19,215.55,19.7,19.7,1.64,0.1,0.65,0.0319
49.6227,-97.8709,0.3396,266.21,212.85,19.7,19.7,1.5,0.1,0.65,0.0321
49.6227,-97.8657,0.3496,264.3,212.04,19.7,19.7,1.53,0.1,0.65,0.0378
49.6227,-97.8605,0.3202,263.86,212.97,19.7,19.7,1.21,0.1,0.65,0.0284
49.6227,-97.8553,0.2878,265.39,213.97,19.7,19.7,0.8,0.1,0.65,0.0198
49.6227,-97.8501,0.2599,268.87,214.49,19.7,19.7,0.59,0.1,0.65,0.0122
49.6227,-97.8449,0.246,272.36,214.12,19.7,19.7,0.83,0.1,0.65,0.0133
49.6227,-97.8397,0.2498,274.17,213.96,19.8,19.8,1.14,0.1,0.65,0.0167
49.6227,-97.8345,0.2723,272.07,213.46,19.8,19.8,1.23,0.1,0.65,0.0204
49.6227,-97.8294,0.2977,269.6,212.6,19.8,19.8,1.31,0.1,0.65,0.0237
49.6227,-97.8242,0.3113,268.77,212.45,19.8,19.8,1.44,0.1,0.65,0.0337
49.6227,-97.819,0.3153,267.75,211.71,19.8,19.8,1.39,0.1,0.65,0.0305
49.6227,-97.8138,0.3109,266.11,209.8,19.8,19.8,1.13,0.1,0.65,0.0158
49.6227,-97.8086,0.2909,266.08,209.97,19.9,19.9,0.72,0.1,0.65,0.0174
49.6227,-97.8034,0.2688,267.4,212.34,19.9,19.9,0.38,0.1,0.65,0.0127
49.6227,-97.7982,0.2673,267.95,216.02,19.9,19.9,0.36,0.1,0.65,0.0119
49.6227,-97.7931,0.2734,268.16,220.01,19.9,19.9,0.55,0.1,0.65,0.0146
49.6227,-97.7879,0.2777,269.01,221.22,19.9,19.9,0.88,0.1,0.65,0.017
49.6227,-97.7827,0.2753,270.97,219.49,19.9,19.9,1.34,0.1,0.65,0.023
49.6227,-97.7775,0.2691,272.64,217.4,19.9,19.9,1.63,0.1,0.65,0.0266
49.6227,-97.7723,0.2891,270.95,215.9,19.9,19.9,1.89,0.1,0.65,0.0165
49.6227,-97.7671,0.3298,267.15,214.53,19.9,19.9,2.14,0.1,0.65,0.0213
49.6227,-97.7619,0.3551,264.73,214.0,19.9,19.9,2.15,0.1,0.65,0.0165
49.6227,-97.7567,0.3513,264.88,214.86,19.9,19.9,2.15,0.1,0.65,0.0192
49.6227,-97.7516,0.3261,266.91,216.34,19.9,19.9,2.09,0.1,0.65,0.0172
49.6287,-98.1198,0.2389,259.36,232.19,19.6,19.6,1.1,0.8,0.1,0.0262
49.6287,-98.1146,0.2341,259.97,235.38,19.6,19.6,1.36,0.8,0.1,0.0312
49.6287,-98.1094,0.2276,261.7,236.93,19.6,19.6,1.53,0.79,0.11,0.0127
49.6287,-98.1043,0.2289,262.88,238.03,19.6,19.6,1.82,0.78,0.12,0.0147
49.6287,-98.0991,0.2267,263.54,239.13,19.6,19.6,1.66,0.78,0.12,0.0136
49.6287,-98.0939,0.2179,264.7,239.81,19.6,19.6,1.47,0.79,0.11,0.0162
49.6287,-98.0887,0.2123,265.5,240.54,19.6,19.6,1.6,0.8,0.1,0.0107
49.6287,-98.0835,0.2104,265.44,241.48,19.6,19.6,1.7,0.8,0.1,0.0128
49.6287,-98.0783,0.2026,264.79,242.21,19.6,19.6,1.79,0.8,0.1,0.0144
49.6287,-98.0731,0.1948,264.39,241.08,19.6,19.6,1.6,0.79,0.11,0.0122
49.6287,-98.0679,0.1882,264.39,239.53,19.5,19.5,1.42,0.79,0.11,0.012
49.6287,-98.0628,0.1925,264.69,238.49,19.5,19.5,1.5,0.79,0.11,0.0092
49.6287,-98.0576,0.1973,265.89,237.3,19.5,19.5,1.68,0.79,0.11,0.0376
49.6287,-98.0524,0.1864,267.78,236.42,19.5,19.5,1.66,0.8,0.1,0.023
49.6287,-98.0472,0.1778,269.14,236.54,19.5,19.5,1.68,0.8,0.1,0.0312
49.6287,-98.042,0.1714,270.52,237.1,19.5,19.5,1.67,0.79,0.11,0.0135
49.6287,-98.0368,0.1676,272.07,238.25,19.5,19.5,2.04,0.8,0.1,0.0097
49.6287,-98.0316,0.1683,273.08,238.71,19.5,19.5,2.21,0.79,0.11,0.014
49.6287,-98.0265,0.177,273.01,237.15,19.5,19.5,2.44,0.79,0.11,0.0162
49.6287,-98.0213,0.18,271.62,235.86,19.5,19.5,2.35,0.79,0.11,0.0139
49.6287,-98.0161,0.1847,270.1,235.59,19.5,19.5,1.96,0.79,0.11,0.0319
49.6287,-98.0109,0.1748,269.65,235.04,19.6,19.6,1.6,0.77,0.13,0.0224
49.6287,-98.0057,0.1847,268.93,234.92,19.6,19.6,1.38,0.73,0.17,0.0239
49.6287,-98.0005,0.2043,267.65,235.35,19.6,19.6,1.41,0.67,0.22,0.01
49.6287,-97.9953,0.212,267.03,235.95,19.6,19.6,1.3,0.6,0.28,0.0111
49.6287,-97.9901,0.1995,268.27,236.63,19.6,19.6,1.04,0.54,0.32,0.0094
49.6287,-97.985,0.1938,269.34,237.54,19.6,19.6,1.05,0.45,0.35,0.0145
49.6287,-97.9798,0.2513,269.27,237.75,19.6,19.6,1.35,0.33,0.43,0.0249
49.6287,-97.9746,0.2838,268.88,236.76,19.6,19.6,1.46,0.22,0.52,0.035
49.6287,-97.9694,0.2993,268.47,234.87,19.6,19.6,1.24,0.16,0.59,0.0229
49.6287,-97.9642,0.287,269.93,232.41,19.6,19.6,0.99,0.11,0.64,0.0181
49.6287,-97.959,0.2648,271.69,229.43,19.6,19.6,0.84,0.1,0.64,0.0153
49.6287,-97.9538,0.2641,271.17,226.7,19.6,19.6,0.92,0.1,0.65,0.0145
49.6287,-97.9487,0.2636,270.83,225.52,19.6,19.6,0.91,0.1,0.65,0.0145
49.6287,-97.9435,0.2666,270.04,224.71,19.6,19.6,0.95,0.1,0.65,0.0155
49.6287,-97.9383,0.2761,268.5,223.46,19.6,19.6,1.0,0.1,0.65,0.0173
49.6287,-97.9331,0.2962,266.62,222.56,19.7,19.7,1.18,0.1,0.65,0.0207
49.6287,-97.9279,0.318,265.25,223.52,19.7,19.7,1.57,0.1,0.65,0.0144
49.6287,-97.9227,0.3291,265.14,224.45,19.7,19.7,1.85,0.1,0.65,0.0175
49.6287,-97.9175,0.3263,266.74,223.11,19.7,19.7,1.91,0.1,0.65,0.0157
49.6287,-97.9123,0.2949,268.53,221.71,19.7,19.7,1.46,0.1,0.65,0.0258
49.6287,-97.9072,0.281,268.21,220.68,19.7,19.7,1.11,0.1,0.65,0.0221
49.6287,-97.902,0.2925,265.85,218.08,19.7,19.7,1.03,0.1,0.65,0.0195
49.6287,-97.8968,0.3027,264.21,215.51,19.7,19.7,1.4,0.1,0.65,0.0291
49.6287,-97.8916,0.3113,264.83,214.74,19.7,19.7,1.7,0.1,0.65,0.0142
49.6287,-97.8864,0.3077,266.54,215.02,19.7,19.7,1.74,0.1,0.65,0.0316
49.6287,-97.8812,0.2995,267.42,215.21,19.7,19.7,1.42,0.1,0.65,0.0294
49.6287,-97.876,0.3004,267.38,214.39,19.7,19.7,1.06,0.1,0.65,0.0194
49.6287,-97.8709,0.3507,265.46,211.78,19.7,19.7,1.49,0.1,0.65,0.0356
49.6287,-97.8657,0.4026,263.95,211.47,19.7,19.7,2.08,0.1,0.65,0.0753
49.6287,-97.8605,0.3827,263.96,213.62,19.7,19.7,2.01,0.1,0.65,0.0677
49.6287,-97.8553,0.3171,266.33,215.39,19.7,19.7,1.34,0.1,0.65,0.0277
49.6287,-97.8501,0.2739,269.74,215.4,19.7,19.7,0.97,0.1,0.65,0.0167
49.6287,-97.8449,0.263,271.97,213.76,19.7,19.7,0.92,0.1,0.65,0.0123
49.6287,-97.8397,0.2705,271.91,212.72,19.8,19.8,0.97,0.1,0.65,0.0159
49.6287,-97.8345,0.2902,268.97,211.66,19.8,19.8,0.8,0.1,0.65,0.0152
49.6287,-97.8294,0.3097,267.06,210.44,19.8,19.8,0.86,0.1,0.65,0.0181
49.6287,-97.8242,0.3313,267.02,210.29,19.8,19.8,1.41,0.1,0.65,0.0364
49.6287,-97.819,0.3477,266.87,209.75,19.8,19.8,1.74,0.1,0.65,0.0162
49.6287,-97.8138,0.3525,265.75,208.52,19.9,19.9,1.73,0.1,0.65,0.0157
49.6287,-97.8086,0.326,265.83,209.1,19.9,19.9,1.29,0.1,0.65,0.0309
49.6287,-97.8034,0.2899,267.58,210.88,19.9,19.9,0.76,0.1,0.65,0.0168
49.6287,-97.7982,0.2791,268.31,213.63,19.9,19.9,0.62,0.1,0.65,0.0129
49.6287,-97.7931,0.2843,267.88,217.03,19.9,19.9,0.74,0.1,0.65,0.0147
49.6287,-97.7879,0.2948,267.94,219.05,19.9,19.9,1.09,0.1,0.65,0.024
49.6287,-97.7827,0.2889,270.42,219.16,19.9,19.9,1.57,0.1,0.65,0.0146
49.6287,-97.7775,0.278,273.67,218.88,19.9,19.9,2.09,0.1,0.65,0.0144
49.6287,-97.7723,0.2962,273.84,218.1,19.9,19.9,2.57,0.1,0.65,0.0177
49.6287,-97.7671,0.3409,270.64,216.11,19.9,19.9,2.87,0.1,0.65,0.0218
49.6287,-97.7619,0.3761,267.37,214.66,19.9,19.9,2.83,0.1,0.65,0.0304
49.6287,-97.7567,0.3819,266.32,214.81,19.9,19.9,2.7,0.1,0.65,0.0338
49.6287,-97.7516,0.3658,266.91,215.59,19.9,19.9,2.53,0.1,0.65,0.0199
49.6347,-98.1198,0.2633,257.49,230.68,19.6,19.6,1.48,0.8,0.1,0.0305
49.6347,-98.1146,0.2497,258.72,232.19,19.6,19.6,1.63,0.8,0.1,0.0152
49.6347,-98.1094,0.2373,261.29,233.86,19.6,19.6,1.63,0.8,0.1,0.0154
49.6347,-98.1043,0.2363,262.54,235.88,19.6,19.6,1.42,0.8,0.1,0.0122
49.6347,-98.0991,0.2468,262.43,238.43,19.6,19.6,1.12,0.8,0.1,0.0268
49.6347,-98.0939,0.248,263.14,240.55,19.6,19.6,1.03,0.8,0.1,0.0206
49.6347,-98.0887,0.2312,264.48,241.87,19.6,19.6,1.12,0.8,0.1,0.0254
49.6347,-98.0835,0.2326,265.31,242.64,19.6,19.6,1.4,0.8,0.1,0.0258
49.6347,-98.0783,0.2236,265.05,242.9,19.6,19.6,1.54,0.8,0.1,0.0301
49.6347,-98.0731,0.2055,264.29,241.25,19.6,19.6,1.38,0.8,0.1,0.0202
49.6347,-98.0679,0.1877,264.33,239.59,19.5,19.5,1.17,0.79,0.11,0.0168
49.6347,-98.0628,0.1782,265.13,238.61,19.5,19.5,1.04,0.79,0.11,0.0184
49.6347,-98.0576,0.1713,266.6,237.77,19.5,19.5,1.11,0.8,0.1,0.0187
49.6347,-98.0524,0.1668,268.32,237.17,19.5,19.5,1.23,0.8,0.1,0.0197
49.6347,-98.0472,0.1734,269.27,237.64,19.5,19.5,1.76,0.8,0.1,0.0346
49.6347,-98.042,0.1849,269.94,238.63,19.5,19.5,2.53,0.8,0.1,0.017
49.6347,-98.0368,0.1995,270.64,239.62,19.5,19.5,2.91,0.79,0.11,0.0184
49.6347,-98.0316,0.1962,271.15,239.77,19.5,19.5,2.77,0.8,0.1,0.0181
49.6347,-98.0265,0.2042,271.23,238.75,19.5,19.5,2.59,0.79,0.11,0.0193
49.6347,-98.0213,0.2106,270.8,237.88,19.5,19.5,2.65,0.79,0.11,0.018
49.6347,-98.0161,0.2136,270.65,237.85,19.5,19.5,2.65,0.79,0.11,0.0176
49.6347,-98.0109,0.2015,270.23,237.39,19.6,19.6,2.48,0.8,0.1,0.0178
49.6347,-98.0057,0.2009,269.09,236.9,19.6,19.6,2.45,0.76,0.13,0.0161
49.6347,-98.0005,0.2108,267.56,236.76,19.6,19.6,2.16,0.69,0.19,0.0176
49.6347,-97.9953,0.22,266.89,236.92,19.6,19.6,1.94,0.63,0.25,0.0132
49.6347,-97.9901,0.2205,268.13,236.85,19.6,19.6,1.64,0.54,0.3,0.0135
49.6347,-97.985,0.2216,269.09,236.78,19.6,19.6,1.42,0.45,0.35,0.012
49.6347,-97.9798,0.2581,269.38,236.13,19.6,19.6,1.69,0.35,0.42,0.0146
49.6347,-97.9746,0.2958,268.75,234.11,19.6,19.6,1.54,0.23,0.52,0.0332
49.6347,-97.9694,0.3128,267.49,231.55,19.6,19.6,1.31,0.16,0.59,0.0282
49.6347,-97.9642,0.3043,268.04,229.11,19.6,19.6,1.11,0.14,0.61,0.0223
49.6347,-97.959,0.2937,269.46,226.34,19.6,19.6,1.25,0.13,0.62,0.0209
49.6347,-97.9538,0.2963,269.41,222.88,19.6,19.6,1.48,0.13,0.61,0.0119
49.6347,-97.9487,0.2962,269.37,221.24,19.6,19.6,1.55,0.11,0.64,0.0123
49.6347,-97.9435,0.2856,269.05,221.03,19.6,19.6,1.23,0.1,0.65,0.023
49.6347,-97.9383,0.2746,267.84,221.26,19.6,19.6,0.79,0.1,0.65,0.0173
49.6347,-97.9331,0.2786,266.09,222.43,19.7,19.7,0.67,0.1,0.65,0.0151
49.6347,-97.9279,0.2859,265.88,225.79,19.7,19.7,0.99,0.1,0.65,0.019
49.6347,-97.9227,0.2952,266.98,228.32,19.7,19.7,1.58,0.1,0.65,0.0145
49.6347,-97.9175,0.3136,269.48,227.37,19.7,19.7,2.16,0.1,0.65,0.0164
49.6347,-97.9123,0.29,272.13,225.89,19.7,19.7,2.04,0.1,0.65,0.019
49.6347,-97.9072,0.2851,272.51,224.88,19.7,19.7,1.84,0.1,0.65,0.0156
49.6347,-97.902,0.2884,270.4,222.35,19.7,19.7,1.52,0.1,0.65,0.031
49.6347,-97.8968,0.3085,267.53,218.96,19.7,19.7,1.45,0.1,0.65,0.0303
49.6347,-97.8916,0.3347,266.36,216.32,19.7,19.7,1.66,0.1,0.65,0.0151
49.6347,-97.8864,0.3244,266.91,215.42,19.7,19.7,1.5,0.1,0.65,0.0154
49.6347,-97.8812,0.3105,267.05,215.26,19.7,19.7,1.24,0.1,0.65,0.0233
49.6347,-97.876,0.3139,266.15,214.73,19.7,19.7,1.02,0.1,0.65,0.018
49.6347,-97.8709,0.3468,265.04,213.72,19.7,19.7,1.43,0.1,0.65,0.0308
49.6347,-97.8657,0.3861,265.43,214.71,19.7,19.7,2.0,0.1,0.65,0.0243
49.6347,-97.8605,0.3847,266.38,216.87,19.7,19.7,2.24,0.1,0.65,0.0244
49.6347,-97.8553,0.3315,268.82,218.27,19.7,19.7,2.01,0.1,0.65,0.04
49.6347,-97.8501,0.2892,271.42,217.17,19.7,19.7,1.75,0.1,0.65,0.0298
49.6347,-97.8449,0.2801,271.91,213.93,19.7,19.7,1.4,0.1,0.65,0.0262
49.6347,-97.8397,0.2913,270.71,212.35,19.8,19.8,1.27,0.1,0.65,0.0293
49.6347,-97.8345,0.3137,268.55,211.5,19.8,19.8,1.24,0.1,0.65,0.0225
49.6347,-97.8294,0.3284,267.44,210.66,19.8,19.8,1.35,0.1,0.65,0.0285
49.6347,-97.8242,0.3475,267.35,210.85,19.8,19.8,1.75,0.1,0.65,0.0188
49.6347,-97.819,0.3664,266.82,210.96,19.8,19.8,2.03,0.1,0.65,0.018
49.6347,-97.8138,0.3805,265.55,210.52,19.9,19.9,2.11,0.1,0.65,0.0213
49.6347,-97.8086,0.3566,265.73,211.1,19.9,19.9,1.82,0.1,0.65,0.0186
49.6347,-97.8034,0.3204,267.16,211.76,19.9,19.9,1.34,0.1,0.65,0.0228
49.6347,-97.7982,0.3073,267.71,213.98,19.9,19.9,1.08,0.1,0.65,0.0214
49.6347,-97.7931,0.3077,267.6,217.91,19.9,19.9,1.01,0.1,0.65,0.0208
49.6347,-97.7879,0.3145,268.03,220.29,19.9,19.9,1.23,0.1,0.65,0.0291
49.6347,-97.7827,0.3116,270.74,220.19,19.9,19.9,1.71,0.1,0.65,0.0156
49.6347,-97.7775,0.3027,274.31,218.97,19.9,19.9,2.23,0.1,0.65,0.0155
49.6347,-97.7723,0.3167,274.25,217.15,19.9,19.9,2.52,0.1,0.65,0.018
49.6347,-97.7671,0.3663,270.4,215.27,19.9,19.9,2.64,0.1,0.65,0.0243
49.6347,-97.7619,0.402,266.71,214.12,19.9,19.9,2.51,0.1,0.65,0.0259
49.6347,-97.7567,0.4132,264.66,213.68,19.9,19.9,2.4,0.1,0.65,0.0238
49.6347,-97.7516,0.4181,263.76,213.44,19.9,19.9,2.34,0.1,0.65,0.0243
49.6407,-98.1198,0.2805,257.68,230.28,19.6,19.6,2.21,0.79,0.11,0.0217
49.6407,-98.1146,0.2578,258.89,230.92,19.6,19.6,1.89,0.79,0.11,0.0155
49.6407,-98.1094,0.2401,260.88,232.67,19.6,19.6,1.69,0.8,0.1,0.0156
49.6407,-98.1043,0.2392,261.49,235.52,19.6,19.6,1.42,0.8,0.1,0.0299
49.6407,-98.0991,0.2503,261.29,239.27,19.6,19.6,1.27,0.8,0.1,0.0366
49.6407,-98.0939,0.2613,261.62,242.71,19.6,19.6,1.17,0.8,0.1,0.0247
49.6407,-98.0887,0.257,263.17,244.62,19.6,19.6,1.16,0.8,0.1,0.0254
49.6407,-98.0835,0.2338,265.02,245.3,19.6,19.6,1.19,0.8,0.1,0.0222
49.6407,-98.0783,0.2122,265.44,244.95,19.6,19.6,1.14,0.8,0.1,0.0195
49.6407,-98.0731,0.2156,264.47,242.39,19.6,19.6,1.18,0.8,0.1,0.021
49.6407,-98.0679,0.2192,263.82,240.03,19.5,19.5,1.5,0.8,0.1,0.035
49.6407,-98.0628,0.2122,263.97,238.17,19.5,19.5,1.36,0.8,0.1,0.019
49.6407,-98.0576,0.2038,264.98,236.42,19.5,19.5,1.43,0.8,0.1,0.022
49.6407,-98.0524,0.2037,266.21,235.46,19.5,19.5,1.62,0.79,0.11,0.0106
49.6407,-98.0472,0.2121,266.93,235.76,19.5,19.5,2.28,0.79,0.11,0.0158
49.6407,-98.042,0.2279,267.67,236.53,19.5,19.5,3.07,0.79,0.11,0.0197
49.6407,-98.0368,0.2186,268.97,237.6,19.5,19.5,3.08,0.8,0.1,0.0243
49.6407,-98.0316,0.1943,270.5,238.38,19.5,19.5,2.89,0.8,0.1,0.0187
49.6407,-98.0265,0.1855,271.26,238.26,19.5,19.5,2.56,0.79,0.11,0.0152
49.6407,-98.0213,0.1953,270.82,238.16,19.5,19.5,2.65,0.79,0.11,0.0142
49.6407,-98.0161,0.2059,269.89,238.2,19.5,19.5,2.67,0.79,0.11,0.0183
49.6407,-98.0109,0.2016,269.5,237.84,19.6,19.6,2.36,0.79,0.11,0.0133
49.6407,-98.0057,0.1924,269.57,237.58,19.6,19.6,2.14,0.76,0.13,0.0136
49.6407,-98.0005,0.1884,269.56,237.35,19.6,19.6,1.92,0.7,0.18,0.0128
49.6407,-97.9953,0.2075,268.87,236.75,19.6,19.6,1.94,0.64,0.23,0.0127
49.6407,-97.9901,0.2242,268.59,235.62,19.6,19.6,1.98,0.56,0.29,0.0153
49.6407,-97.985,0.2355,269.38,235.1,19.6,19.6,2.09,0.51,0.33,0.0145
49.6407,-97.9798,0.2574,270.41,234.84,19.6,19.6,2.22,0.41,0.4,0.013
49.6407,-97.9746,0.2778,270.36,233.61,19.6,19.6,1.94,0.29,0.49,0.0185
49.6407,-97.9694,0.2886,269.98,231.38,19.6,19.6,1.49,0.19,0.57,0.0272
49.6407,-97.9642,0.2891,270.27,228.86,19.6,19.6,1.38,0.15,0.59,0.0241
49.6407,-97.959,0.3061,270.09,225.94,19.6,19.6,1.77,0.17,0.56,0.044
49.6407,-97.9538,0.3366,269.93,223.52,19.6,19.6,2.3,0.17,0.56,0.023
49.6407,-97.9487,0.3273,270.4,222.93,19.6,19.6,2.32,0.14,0.6,0.0183
49.6407,-97.9435,0.3054,270.42,223.36,19.6,19.6,1.79,0.11,0.64,0.015
49.6407,-97.9383,0.2952,269.77,224.25,19.6,19.6,1.5,0.1,0.65,0.0308
49.6407,-97.9331,0.3032,268.86,225.58,19.7,19.7,1.54,0.1,0.65,0.0331
49.6407,-97.9279,0.312,267.9,228.1,19.7,19.7,1.57,0.1,0.65,0.0365
49.6407,-97.9227,0.3199,267.82,229.76,19.7,19.7,1.65,0.1,0.65,0.0326
49.6407,-97.9175,0.3171,270.23,229.01,19.7,19.7,1.93,0.1,0.65,0.0153
49.6407,-97.9123,0.2948,273.86,227.87,19.7,19.7,2.07,0.1,0.65,0.0185
49.6407,-97.9072,0.2801,275.42,227.47,19.7,19.7,2.11,0.1,0.65,0.0182
49.6407,-97.902,0.3088,273.16,226.22,19.7,19.7,2.26,0.1,0.65,0.0182
49.6407,-97.8968,0.36,269.43,223.02,19.7,19.7,2.36,0.1,0.65,0.0188
49.6407,-97.8916,0.3931,268.42,219.28,19.7,19.7,2.5,0.1,0.65,0.0265
49.6407,-97.8864,0.346,269.26,217.58,19.7,19.7,2.2,0.1,0.65,0.0187
49.6407,-97.8812,0.3022,270.13,217.26,19.7,19.7,1.63,0.1,0.65,0.0127
49.6407,-97.876,0.2827,270.36,216.95,19.7,19.7,1.15,0.1,0.65,0.021
49.6407,-97.8709,0.2966,268.62,216.51,19.7,19.7,1.2,0.1,0.65,0.0201
49.6407,-97.8657,0.3422,267.88,217.51,19.7,19.7,1.92,0.1,0.65,0.0175
49.6407,-97.8605,0.3666,268.38,218.95,19.7,19.7,2.57,0.1,0.65,0.0234
49.6407,-97.8553,0.3366,269.83,219.17,19.7,19.7,2.64,0.1,0.65,0.0229
49.6407,-97.8501,0.3043,271.02,217.37,19.7,19.7,2.29,0.1,0.65,0.0167
49.6407,-97.8449,0.2916,271.11,214.14,19.7,19.7,1.92,0.1,0.65,0.0336
49.6407,-97.8397,0.2962,271.08,212.49,19.7,19.7,1.74,0.1,0.65,0.0167
49.6407,-97.8345,0.312,270.53,212.5,19.8,19.8,1.79,0.1,0.65,0.0127
49.6407,-97.8294,0.3352,269.96,212.84,19.8,19.8,2.07,0.1,0.65,0.0193
49.6407,-97.8242,0.3762,269.64,213.75,19.8,19.8,2.47,0.1,0.65,0.022
49.6407,-97.819,0.3714,268.81,214.66,19.8,19.8,2.48,0.1,0.65,0.0254
49.6407,-97.8138,0.3641,267.09,215.03,19.9,19.9,2.31,0.1,0.65,0.0237
49.6407,-97.8086,0.3421,265.77,214.75,19.9,19.9,1.93,0.1,0.65,0.0186
49.6407,-97.8034,0.3196,265.59,213.77,19.9,19.9,1.37,0.1,0.65,0.0116
49.6407,-97.7982,0.3155,265.58,214.78,19.9,19.9,1.0,0.1,0.65,0.0206
49.6407,-97.7931,0.3134,265.53,218.57,19.9,19.9,0.66,0.1,0.65,0.0131
49.6407,-97.7879,0.3059,265.87,221.65,19.9,19.9,0.63,0.1,0.65,0.0145
49.6407,-97.7827,0.3188,267.58,222.39,19.9,19.9,1.2,0.1,0.65,0.0236
49.6407,-97.7775,0.3257,270.59,220.77,19.9,19.9,1.92,0.1,0.65,0.0224
49.6407,-97.7723,0.3452,272.05,217.42,19.9,19.9,2.53,0.1,0.65,0.029
49.6407,-97.7671,0.3966,270.3,213.68,19.9,19.9,2.94,0.1,0.65,0.0367
49.6407,-97.7619,0.4252,267.27,211.38,19.9,19.9,2.75,0.1,0.65,0.0296
49.6407,-97.7567,0.4427,265.05,210.48,19.9,19.9,2.61,0.1,0.65,0.0338
49.6407,-97.7516,0.4483,264.13,209.95,19.9,19.9,2.53,0.1,0.65,0.0286
49.6467,-98.1198,0.2873,259.31,231.22,19.6,19.6,2.17,0.79,0.11,0.0192
49.6467,-98.1146,0.2549,262.37,233.13,19.6,19.6,2.35,0.79,0.11,0.0212
49.6467,-98.1094,0.2376,263.3,234.98,19.6,19.6,2.51,0.79,0.11,0.0214
49.6467,-98.1043,0.2268,262.55,237.9,19.6,19.6,2.73,0.8,0.1,0.0197
49.6467,-98.0991,0.2201,261.84,241.45,19.6,19.6,2.46,0.8,0.1,0.0817
49.6467,-98.0939,0.2137,261.85,244.41,19.6,19.6,1.69,0.8,0.1,0.0135
49.6467,-98.0887,0.1992,263.25,245.9,19.6,19.6,1.29,0.8,0.1,0.0118
49.6467,-98.0835,0.1901,265.15,246.19,19.6,19.6,1.31,0.8,0.1,0.0121
49.6467,-98.0783,0.2059,265.36,245.84,19.6,19.6,1.73,0.8,0.1,0.0134
49.6467,-98.0731,0.2279,263.99,243.75,19.5,19.5,1.87,0.8,0.1,0.0164
49.6467,-98.0679,0.2479,262.85,241.19,19.5,19.5,1.9,0.8,0.1,0.0155
49.6467,-98.0628,0.2634,262.31,238.39,19.5,19.5,1.89,0.8,0.1,0.0184
49.6467,-98.0576,0.2458,262.88,235.41,19.5,19.5,1.63,0.8,0.1,0.021
49.6467,-98.0524,0.2253,264.5,233.45,19.5,19.5,1.5,0.8,0.1,0.0112
49.6467,-98.0472,0.223,265.79,233.76,19.5,19.5,1.95,0.8,0.1,0.0135
49.6467,-98.042,0.2327,266.84,235.13,19.5,19.5,2.37,0.8,0.1,0.0194
49.6467,-98.0368,0.2241,268.38,236.5,19.5,19.5,2.6,0.8,0.1,0.0214
49.6467,-98.0316,0.228,269.4,237.41,19.5,19.5,2.81,0.8,0.1,0.0195
49.6467,-98.0265,0.2192,269.46,237.36,19.5,19.5,2.79,0.8,0.1,0.0175
49.6467,-98.0213,0.2201,269.05,237.25,19.5,19.5,2.95,0.79,0.11,0.0166
49.6467,-98.0161,0.2286,268.63,237.68,19.5,19.5,2.88,0.77,0.13,0.0188
49.6467,-98.0109,0.217,268.56,237.48,19.6,19.6,2.32,0.74,0.16,0.018
49.6467,-98.0057,0.197,268.85,237.14,19.6,19.6,1.8,0.72,0.18,0.0126
49.6467,-98.0005,0.1785,269.68,236.75,19.6,19.6,1.48,0.68,0.22,0.01
49.6467,-97.9953,0.1841,269.89,236.21,19.6,19.6,1.97,0.63,0.26,0.0112
49.6467,-97.9901,0.2041,269.13,235.66,19.6,19.6,2.13,0.6,0.28,0.0168
49.6467,-97.985,0.2098,270.43,235.2,19.6,19.6,2.47,0.57,0.31,0.0157
49.6467,-97.9798,0.2154,272.0,234.21,19.6,19.6,2.4,0.48,0.36,0.015
49.6467,-97.9746,0.2489,271.89,232.66,19.6,19.6,2.06,0.35,0.45,0.0127
49.6467,-97.9694,0.2695,271.48,231.43,19.6,19.6,1.64,0.23,0.53,0.0285
49.6467,-97.9642,0.2891,271.17,231.13,19.6,19.6,1.56,0.17,0.56,0.0275
49.6467,-97.959,0.301,272.29,230.92,19.6,19.6,1.91,0.17,0.56,0.0443
49.6467,-97.9538,0.2851,273.72,229.38,19.6,19.6,1.99,0.18,0.55,0.0469
49.6467,-97.9487,0.2805,273.4,228.68,19.6,19.6,1.88,0.16,0.58,0.0333
49.6467,-97.9435,0.2811,272.91,229.25,19.6,19.6,1.73,0.12,0.63,0.0319
49.6467,-97.9383,0.2852,272.61,230.19,19.6,19.6,1.76,0.1,0.65,0.0339
49.6467,-97.9331,0.3032,271.72,230.39,19.7,19.7,1.99,0.1,0.65,0.0178
49.6467,-97.9279,0.3242,270.11,230.57,19.7,19.7,2.0,0.1,0.65,0.0195
49.6467,-97.9227,0.3182,269.43,230.4,19.7,19.7,1.72,0.1,0.65,0.029
49.6467,-97.9175,0.286,271.23,228.85,19.7,19.7,1.3,0.1,0.65,0.021
49.6467,-97.9123,0.2561,274.69,228.15,19.7,19.7,1.23,0.1,0.65,0.0196
49.6467,-97.9072,0.2484,276.84,228.56,19.7,19.7,1.58,0.1,0.65,0.0301
49.6467,-97.902,0.2702,275.57,227.91,19.7,19.7,1.91,0.1,0.65,0.015
49.6467,-97.8968,0.3074,273.05,225.63,19.7,19.7,2.21,0.1,0.65,0.0153
49.6467,-97.8916,0.3315,271.97,223.08,19.7,19.7,2.38,0.1,0.65,0.0187
49.6467,-97.8864,0.3097,272.18,221.84,19.7,19.7,2.02,0.1,0.65,0.0165
49.6467,-97.8812,0.2811,272.73,221.19,19.7,19.7,1.52,0.1,0.65,0.0203
49.6467,-97.876,0.2638,273.24,219.97,19.7,19.7,1.19,0.1,0.65,0.0189
49.6467,-97.8709,0.2823,272.05,218.85,19.7,19.7,1.48,0.1,0.65,0.0255
49.6467,-97.8657,0.3252,270.75,219.32,19.7,19.7,2.08,0.1,0.65,0.0176
49.6467,-97.8605,0.351,269.92,219.48,19.7,19.7,2.52,0.1,0.65,0.0191
49.6467,-97.8553,0.3253,270.0,218.11,19.7,19.7,2.49,0.1,0.65,0.0199
49.6467,-97.8501,0.3055,271.04,215.58,19.7,19.7,2.27,0.1,0.65,0.017
49.6467,-97.8449,0.2984,272.18,213.4,19.7,19.7,2.18,0.1,0.65,0.0156
49.6467,-97.8397,0.3016,272.86,213.88,19.7,19.7,2.18,0.1,0.65,0.0182
49.6467,-97.8345,0.3207,272.38,215.94,19.8,19.8,2.34,0.1,0.65,0.017
49.6467,-97.8294,0.3429,271.89,217.13,19.8,19.8,2.5,0.1,0.65,0.02
49.6467,-97.8242,0.3568,271.61,218.66,19.8,19.8,2.65,0.1,0.65,0.0193
49.6467,-97.819,0.3402,270.9,219.97,19.8,19.8,2.52,0.1,0.65,0.0236
49.6467,-97.8138,0.3145,269.36,219.12,19.9,19.9,2.15,0.1,0.65,0.0183
49.6467,-97.8086,0.302,267.39,217.61,19.9,19.9,1.69,0.1,0.65,0.0153
49.6467,-97.8034,0.2894,266.12,217.08,19.9,19.9,1.07,0.1,0.65,0.0128
49.6467,-97.7982,0.2953,265.27,218.13,19.9,19.9,0.81,0.1,0.65,0.0154
49.6467,-97.7931,0.3083,264.77,220.73,19.9,19.9,0.73,0.1,0.65,0.0121
49.6467,-97.7879,0.3141,264.83,223.31,19.9,19.9,0.77,0.1,0.65,0.0189
49.6467,-97.7827,0.3222,266.66,224.22,19.9,19.9,1.25,0.1,0.65,0.0215
49.6467,-97.7775,0.331,269.35,222.47,19.9,19.9,1.88,0.1,0.65,0.0166
49.6467,-97.7723,0.3636,270.2,217.83,19.9,19.9,2.5,0.1,0.65,0.0265
49.6467,-97.7671,0.4145,268.18,211.85,19.9,19.9,2.83,0.1,0.65,0.0382
49.6467,-97.7619,0.4325,265.14,207.73,19.9,19.9,2.57,0.1,0.65,0.0407
49.6467,-97.7567,0.4566,262.57,205.73,19.9,19.9,2.43,0.1,0.65,0.0274
49.6467,-97.7516,0.4807,260.74,204.61,19.9,19.9,2.38,0.1,0.65,0.038
49.6527,-98.1198,0.2098,261.46,234.0,19.6,19.6,1.98,0.8,0.1,0.0166
49.6527,-98.1146,0.2029,264.4,236.43,19.6,19.6,2.96,0.8,0.1,0.0251
49.6527,-98.1094,,264.25,238.01,19.6,19.6,3.95,0.8,0.1,
49.6527,-98.1043,,262.42,240.33,19.6,19.6,4.44,0.8,0.1,
49.6527,-98.0991,,261.65,243.01,19.6,19.6,3.88,0.8,0.1,
49.6527,-98.0939,0.191,262.2,244.95,19.6,19.6,2.74,0.8,0.1,0.0168
49.6527,-98.0887,0.1899,263.71,245.81,19.6,19.6,1.77,0.8,0.1,0.0126
49.6527,-98.0835,0.1893,265.58,245.15,19.6,19.6,1.99,0.8,0.1,0.0127
49.6527,-98.0783,0.2047,265.8,244.28,19.6,19.6,2.6,0.8,0.1,0.0195
49.6527,-98.0731,0.2408,263.74,243.44,19.5,19.5,3.01,0.8,0.1,0.0213
49.6527,-98.0679,0.2605,262.18,241.68,19.5,19.5,3.07,0.8,0.1,0.0255
49.6527,-98.0628,0.2509,261.43,238.67,19.5,19.5,2.25,0.8,0.1,0.0744
49.6527,-98.0576,0.2283,262.2,235.17,19.5,19.5,1.35,0.8,0.1,0.0312
49.6527,-98.0524,0.2114,264.36,233.16,19.5,19.5,1.23,0.8,0.1,0.0207
49.6527,-98.0472,0.2126,265.8,233.66,19.5,19.5,1.75,0.8,0.1,0.0165
49.6527,-98.042,0.227,266.77,234.98,19.5,19.5,2.48,0.8,0.1,0.015
49.6527,-98.0368,0.226,268.14,236.09,19.5,19.5,2.75,0.8,0.1,0.0198
49.6527,-98.0316,0.2158,268.56,236.5,19.5,19.5,2.64,0.8,0.1,0.0179
49.6527,-98.0265,0.2081,268.04,236.25,19.5,19.5,2.6,0.78,0.12,0.0174
49.6527,-98.0213,0.2055,268.23,236.97,19.5,19.5,2.72,0.74,0.16,0.016
49.6527,-98.0161,0.211,268.85,238.48,19.5,19.5,3.01,0.71,0.19,0.0202
49.6527,-98.0109,0.2162,268.88,238.6,19.6,19.6,2.83,0.67,0.23,0.0178
49.6527,-98.0057,0.2048,268.93,238.39,19.6,19.6,2.01,0.63,0.27,0.0191
49.6527,-98.0005,0.1964,269.06,237.92,19.6,19.6,1.9,0.62,0.28,0.013
49.6527,-97.9953,0.2032,268.73,237.35,19.6,19.6,2.07,0.59,0.3,0.0138
49.6527,-97.9901,0.2255,268.67,237.24,19.6,19.6,2.49,0.56,0.31,0.017
49.6527,-97.985,0.2329,270.92,236.81,19.6,19.6,2.96,0.5,0.34,0.0179
49.6527,-97.9798,0.2517,272.87,234.99,19.6,19.6,2.56,0.4,0.4,0.0209
49.6527,-97.9746,0.2866,272.52,232.87,19.6,19.6,2.48,0.29,0.49,0.0189
49.6527,-97.9694,0.3263,270.45,232.18,19.6,19.6,2.27,0.17,0.57,0.0189
49.6527,-97.9642,0.3279,268.48,232.23,19.6,19.6,1.76,0.14,0.6,0.0154
49.6527,-97.959,0.3057,270.06,231.83,19.6,19.6,1.67,0.13,0.61,0.0374
49.6527,-97.9538,0.264,273.97,231.28,19.6,19.6,1.43,0.13,0.61,0.0225
49.6527,-97.9487,0.2453,274.68,231.6,19.6,19.6,1.09,0.11,0.63,0.0136
49.6527,-97.9435,0.2495,274.24,232.94,19.6,19.6,1.17,0.1,0.65,0.0197
49.6527,-97.9383,0.2667,274.23,234.46,19.6,19.6,1.74,0.1,0.65,0.0296
49.6527,-97.9331,0.3055,273.71,234.94,19.7,19.7,2.43,0.1,0.65,0.024
49.6527,-97.9279,0.3423,272.41,234.8,19.7,19.7,2.69,0.1,0.65,0.0252
49.6527,-97.9227,0.3276,271.73,233.78,19.7,19.7,2.28,0.1,0.65,0.0213
49.6527,-97.9175,0.3016,272.7,231.26,19.7,19.7,1.97,0.1,0.65,0.0155
49.6527,-97.9123,0.2724,275.17,230.17,19.7,19.7,1.86,0.1,0.65,0.0146
49.6527,-97.9072,0.2607,276.86,230.25,19.7,19.7,1.97,0.1,0.65,0.0142
49.6527,-97.902,0.2786,275.88,228.82,19.7,19.7,2.22,0.1,0.65,0.0157
49.6527,-97.8968,0.2983,273.97,226.99,19.7,19.7,2.15,0.1,0.65,0.0182
49.6527,-97.8916,0.2922,273.89,225.83,19.7,19.7,1.86,0.1,0.65,0.0152
49.6527,-97.8864,0.2737,274.11,225.19,19.7,19.7,1.4,0.1,0.65,0.0232
49.6527,-97.8812,0.2627,273.86,224.56,19.7,19.7,1.11,0.1,0.65,0.0153
49.6527,-97.876,0.2677,273.32,223.16,19.7,19.7,1.21,0.1,0.65,0.0236
49.6527,-97.8709,0.2998,272.17,221.6,19.7,19.7,1.83,0.1,0.65,0.0363
49.6527,-97.8657,0.3412,271.94,221.87,19.7,19.7,2.56,0.1,0.65,0.0263
49.6527,-97.8605,0.3272,271.66,221.94,19.7,19.7,2.49,0.1,0.65,0.0248
49.6527,-97.8553,0.2824,272.06,220.35,19.7,19.7,1.87,0.1,0.65,0.0331
49.6527,-97.8501,0.2609,273.26,217.46,19.7,19.7,1.58,0.1,0.65,0.0132
49.6527,-97.8449,0.2617,274.41,215.59,19.7,19.7,1.78,0.1,0.65,0.0137
49.6527,-97.8397,0.2942,273.92,216.8,19.7,19.7,2.26,0.1,0.65,0.0172
49.6527,-97.8345,0.3379,272.16,218.28,19.8,19.8,2.56,0.1,0.65,0.0205
49.6527,-97.8294,0.348,271.62,218.27,19.8,19.8,2.55,0.1,0.65,0.0244
49.6527,-97.8242,0.3535,271.4,219.13,19.8,19.8,2.58,0.1,0.65,0.0226
49.6527,-97.819,0.3572,270.66,220.36,19.8,19.8,2.54,0.1,0.65,0.0181
49.6527,-97.8138,0.3304,269.19,220.87,19.9,19.9,2.22,0.1,0.65,0.0236
49.6527,-97.8086,0.3059,268.08,220.4,19.9,19.9,1.77,0.1,0.65,0.0174
49.6527,-97.8034,0.2952,267.69,220.45,19.9,19.9,1.5,0.1,0.65,0.0127
49.6527,-97.7982,0.3066,267.46,222.06,19.9,19.9,1.52,0.1,0.65,0.0154
49.6527,-97.7931,0.3266,267.64,224.48,19.9,19.9,1.71,0.1,0.65,0.0181
49.6527,-97.7879,0.3332,267.89,226.44,19.9,19.9,1.92,0.1,0.65,0.0222
49.6527,-97.7827,0.3424,268.62,226.08,19.9,19.9,2.17,0.1,0.65,0.0213
49.6527,-97.7775,0.3581,269.11,222.77,19.9,19.9,2.44,0.1,0.65,0.0226
49.6527,-97.7723,0.3684,266.95,216.21,19.9,19.9,2.29,0.1,0.65,0.0273
49.6527,-97.7671,0.3825,262.77,207.9,19.9,19.9,1.95,0.1,0.65,0.0228
49.6527,-97.7619,0.3828,259.56,202.51,19.9,19.9,1.5,0.1,0.65,0.0495
49.6527,-97.7567,0.3834,257.25,200.09,19.9,19.9,1.14,0.1,0.65,0.0303
49.6527,-97.7516,0.3998,255.63,199.13,19.9,19.9,1.1,0.1,0.65,0.026
49.6587,-98.1198,0.1979,265.35,236.31,19.6,19.6,2.54,0.79,0.11,0.0194
49.6587,-98.1146,0.1904,265.82,237.95,19.6,19.6,2.9,0.79,0.11,0.0209
49.6587,-98.1094,0.204,264.72,238.04,19.6,19.6,3.44,0.8,0.1,0.0235
49.6587,-98.1043,0.2263,262.39,238.33,19.6,19.6,3.98,0.8,0.1,0.0298
49.6587,-98.0991,0.2237,260.65,239.68,19.6,19.6,3.35,0.8,0.1,0.0255
49.6587,-98.0939,0.2189,260.29,241.13,19.6,19.6,2.32,0.8,0.1,0.0154
49.6587,-98.0887,0.2157,261.26,241.94,19.6,19.6,1.72,0.8,0.1,0.0134
49.6587,-98.0835,0.2138,263.71,241.91,19.6,19.6,2.29,0.8,0.1,0.0191
49.6587,-98.0783,0.2323,265.31,242.51,19.6,19.6,3.11,0.8,0.1,0.0269
49.6587,-98.0731,0.2546,264.21,242.83,19.5,19.5,4.31,0.8,0.1,0.0383
49.6587,-98.0679,0.248,262.99,241.67,19.5,19.5,3.62,0.8,0.1,0.0288
49.6587,-98.0628,0.2256,262.77,239.29,19.5,19.5,2.8,0.8,0.1,0.0196
49.6587,-98.0576,0.1929,263.81,236.32,19.5,19.5,1.93,0.8,0.1,0.0132
49.6587,-98.0524,0.1771,264.9,234.08,19.5,19.5,0.91,0.8,0.1,0.0085
49.6587,-98.0472,0.1815,264.97,234.03,19.5,19.5,1.51,0.79,0.11,0.0117
49.6587,-98.042,0.1915,265.2,234.77,19.5,19.5,2.12,0.79,0.11,0.0162
49.6587,-98.0368,0.1866,266.31,235.35,19.5,19.5,2.4,0.8,0.1,0.018
49.6587,-98.0316,0.1778,266.79,235.3,19.5,19.5,2.04,0.79,0.11,0.0136
49.6587,-98.0265,0.1694,266.5,235.11,19.5,19.5,1.64,0.75,0.15,0.0095
49.6587,-98.0213,0.1662,268.24,237.08,19.5,19.5,2.08,0.71,0.19,0.0114
49.6587,-98.0161,0.1684,270.4,240.28,19.5,19.5,2.5,0.69,0.21,0.0145
49.6587,-98.0109,0.2024,270.13,241.27,19.6,19.6,2.7,0.69,0.21,0.0154
49.6587,-98.0057,0.2141,269.42,241.29,19.6,19.6,2.67,0.7,0.2,0.0142
49.6587,-98.0005,0.2142,269.15,241.02,19.6,19.6,2.5,0.66,0.23,0.0172
49.6587,-97.9953,0.2313,269.0,240.46,19.6,19.6,2.61,0.58,0.28,0.018
49.6587,-97.9901,0.2602,269.78,239.84,19.6,19.6,2.84,0.47,0.34,0.0236
49.6587,-97.985,0.2751,272.66,238.46,19.6,19.6,2.81,0.34,0.43,0.0163
49.6587,-97.9798,0.2909,274.72,236.03,19.6,19.6,2.86,0.23,0.51,0.0222
49.6587,-97.9746,0.3109,274.6,234.16,19.6,19.6,2.99,0.16,0.57,0.0194
49.6587,-97.9694,0.3345,273.41,233.9,19.6,19.6,2.93,0.11,0.64,0.0266
49.6587,-97.9642,0.3319,272.06,233.94,19.6,19.6,2.63,0.1,0.64,0.0191
49.6587,-97.959,0.3041,272.6,233.39,19.6,19.6,2.12,0.1,0.64,0.0143
49.6587,-97.9538,0.2695,274.8,233.15,19.6,19.6,1.78,0.1,0.65,0.0141
49.6587,-97.9487,0.2584,275.53,233.97,19.6,19.6,1.71,0.1,0.65,0.0114
49.6587,-97.9435,0.2575,276.04,235.96,19.6,19.6,1.8,0.1,0.65,0.0145
49.6587,-97.9383,0.2677,276.59,238.59,19.6,19.6,2.21,0.1,0.65,0.0176
49.6587,-97.9331,0.296,275.94,240.16,19.7,19.7,2.61,0.1,0.65,0.0223
49.6587,-97.9279,0.328,274.76,240.19,19.7,19.7,2.91,0.1,0.65,0.0325
49.6587,-97.9227,0.3278,274.45,238.96,19.7,19.7,2.89,0.1,0.65,0.0274
49.6587,-97.9175,0.3027,275.58,236.28,19.7,19.7,2.73,0.1,0.65,0.0208
49.6587,-97.9123,0.2653,278.09,235.42,19.7,19.7,2.57,0.1,0.65,0.0181
49.6587,-97.9072,0.2528,279.23,235.53,19.7,19.7,2.65,0.1,0.65,0.0142
49.6587,-97.902,0.2805,276.99,231.95,19.7,19.7,2.68,0.1,0.65,0.0185
49.6587,-97.8968,0.2936,274.81,228.95,19.7,19.7,2.22,0.1,0.65,0.016
49.6587,-97.8916,0.278,274.79,228.37,19.7,19.7,1.64,0.1,0.65,0.0286
49.6587,-97.8864,0.2592,275.05,228.3,19.7,19.7,1.04,0.1,0.65,0.0198
49.6587,-97.8812,0.2508,274.96,227.8,19.7,19.7,0.67,0.1,0.65,0.0139
49.6587,-97.876,0.257,274.55,226.69,19.7,19.7,1.06,0.1,0.65,0.0187
49.6587,-97.8709,0.2825,273.63,225.19,19.7,19.7,1.76,0.1,0.65,0.0337
49.6587,-97.8657,0.3156,273.37,224.18,19.7,19.7,2.42,0.1,0.65,0.0211
49.6587,-97.8605,0.2904,273.39,223.02,19.7,19.7,2.25,0.1,0.65,0.0189
49.6587,-97.8553,0.2525,273.94,221.24,19.7,19.7,1.58,0.1,0.65,0.0312
49.6587,-97.8501,0.238,274.39,219.05,19.7,19.7,1.18,0.1,0.65,0.0213
49.6587,-97.8449,0.2543,273.95,218.19,19.7,19.7,1.54,0.1,0.65,0.0105
49.6587,-97.8397,0.3128,271.97,219.13,19.7,19.7,2.28,0.1,0.65,0.0171
49.6587,-97.8345,0.3718,269.56,217.39,19.8,19.8,2.63,0.1,0.65,0.0211
49.6587,-97.8294,0.3736,269.25,214.53,19.8,19.8,2.56,0.1,0.65,0.0212
49.6587,-97.8242,0.3643,269.66,214.26,19.8,19.8,2.5,0.1,0.65,0.0204
49.6587,-97.819,0.3624,269.15,215.08,19.8,19.8,2.37,0.1,0.65,0.0276
49.6587,-97.8138,0.3768,267.24,216.33,19.9,19.9,2.29,0.1,0.65,0.0254
49.6587,-97.8086,0.3562,266.59,217.87,19.9,19.9,2.13,0.1,0.65,0.0205
49.6587,-97.8034,0.3382,267.7,220.35,19.9,19.9,2.1,0.1,0.65,0.0195
49.6587,-97.7982,0.3455,268.26,224.51,19.9,19.9,2.29,0.1,0.65,0.0214
49.6587,-97.7931,0.3804,268.15,228.35,19.9,19.9,2.56,0.1,0.65,0.0313
49.6587,-97.7879,0.3968,268.11,229.12,19.9,19.9,2.84,0.1,0.65,0.0342
49.6587,-97.7827,0.4098,267.97,225.27,19.9,19.9,2.87,0.1,0.65,0.0328
49.6587,-97.7775,0.4259,266.92,219.15,19.9,19.9,2.88,0.1,0.65,0.0324
49.6587,-97.7723,0.4075,263.11,212.07,19.9,19.9,2.36,0.1,0.65,0.0319
49.6587,-97.7671,0.4065,256.84,205.47,19.9,19.9,1.59,0.1,0.65,0.0227
49.6587,-97.7619,0.4021,251.77,201.8,19.9,19.9,0.92,0.1,0.65,0.0237
49.6587,-97.7567,0.3981,248.86,200.25,19.9,19.9,0.62,0.1,0.65,0.0223
49.6587,-97.7516,0.4217,247.12,199.41,19.9,19.9,0.78,0.1,0.65,0.0263
49.6647,-98.1198,0.1886,267.26,237.36,19.6,19.6,3.02,0.79,0.11,0.0177
49.6647,-98.1146,0.2108,265.44,238.64,19.6,19.6,3.08,0.8,0.1,0.0173
49.6647,-98.1094,0.2146,264.23,238.64,19.6,19.6,2.8,0.79,0.11,0.0175
49.6647,-98.1043,0.2257,262.14,237.28,19.6,19.6,2.45,0.78,0.12,0.0189
49.6647,-98.0991,0.2355,259.09,235.97,19.6,19.6,1.7,0.78,0.12,0.0138
49.6647,-98.0939,0.2503,256.64,235.43,19.6,19.6,1.65,0.79,0.11,0.0165
49.6647,-98.0887,0.2529,256.04,235.69,19.6,19.6,1.45,0.79,0.11,0.0141
49.6647,-98.0835,0.2127,258.7,236.75,19.6,19.6,1.69,0.8,0.1,0.0115
49.6647,-98.0783,0.1924,261.88,238.77,19.6,19.6,1.84,0.8,0.1,0.0141
49.6647,-98.0731,0.1885,262.31,239.46,19.5,19.5,2.28,0.8,0.1,0.0137
49.6647,-98.0679,0.1958,262.5,238.93,19.5,19.5,2.44,0.8,0.1,0.0196
49.6647,-98.0628,0.1841,263.37,237.73,19.5,19.5,2.05,0.8,0.1,0.0123
49.6647,-98.0576,0.1666,264.89,236.1,19.5,19.5,1.22,0.8,0.1,0.0096
49.6647,-98.0524,0.1608,265.93,234.86,19.5,19.5,0.77,0.79,0.11,0.0149
49.6647,-98.0472,0.163,265.6,234.99,19.5,19.5,0.69,0.79,0.11,0.0123
49.6647,-98.042,0.1742,265.08,235.06,19.5,19.5,0.9,0.79,0.11,0.0105
49.6647,-98.0368,0.1678,266.12,235.12,19.5,19.5,1.08,0.79,0.11,0.0094
49.6647,-98.0316,0.1586,267.8,235.21,19.5,19.5,1.17,0.77,0.13,0.0082
49.6647,-98.0265,0.1541,269.16,235.6,19.5,19.5,1.27,0.75,0.15,0.0082
49.6647,-98.0213,0.1591,271.2,238.33,19.5,19.5,1.49,0.74,0.16,0.0094
49.6647,-98.0161,0.1627,272.7,242.27,19.5,19.5,2.1,0.74,0.16,0.0122
49.6647,-98.0109,0.1898,271.68,243.6,19.6,19.6,2.58,0.77,0.13,0.016
49.6647,-98.0057,0.2098,270.5,244.04,19.6,19.6,2.76,0.78,0.12,0.0192
49.6647,-98.0005,0.2181,269.76,244.22,19.6,19.6,3.03,0.74,0.15,0.0189
49.6647,-97.9953,0.2767,269.36,243.53,19.6,19.6,3.21,0.59,0.25,0.0214
49.6647,-97.9901,0.3112,270.37,241.75,19.6,19.6,3.01,0.43,0.36,0.0261
49.6647,-97.985,0.3059,272.56,239.23,19.6,19.6,2.53,0.28,0.47,0.0222
49.6647,-97.9798,0.3013,273.75,236.84,19.6,19.6,2.2,0.16,0.57,0.0165
49.6647,-97.9746,0.301,273.41,235.56,19.6,19.6,2.12,0.13,0.61,0.0155
49.6647,-97.9694,0.306,272.82,235.61,19.6,19.6,2.05,0.11,0.64,0.0137
49.6647,-97.9642,0.3095,272.64,236.22,19.6,19.6,2.14,0.1,0.64,0.0154
49.6647,-97.959,0.3113,273.6,236.65,19.6,19.6,2.25,0.1,0.65,0.0182
49.6647,-97.9538,0.2956,275.68,236.67,19.6,19.6,2.47,0.1,0.65,0.0139
49.6647,-97.9487,0.285,276.72,237.14,19.6,19.6,2.65,0.1,0.65,0.0174
49.6647,-97.9435,0.2809,277.4,238.62,19.6,19.6,2.68,0.1,0.65,0.0169
49.6647,-97.9383,0.2885,277.71,241.25,19.6,19.6,2.84,0.1,0.65,0.0191
49.6647,-97.9331,0.3163,276.34,243.79,19.7,19.7,2.99,0.1,0.65,0.0294
49.6647,-97.9279,0.3353,274.74,244.49,19.7,19.7,2.92,0.1,0.65,0.0302
49.6647,-97.9227,0.3276,274.34,242.99,19.7,19.7,2.78,0.1,0.65,0.0241
49.6647,-97.9175,0.3009,275.52,240.36,19.7,19.7,2.64,0.1,0.65,0.0226
49.6647,-97.9123,0.277,278.04,240.01,19.7,19.7,2.81,0.1,0.65,0.0238
49.6647,-97.9072,0.2627,279.57,240.22,19.7,19.7,2.88,0.1,0.65,0.0155
49.6647,-97.902,0.2777,278.4,236.08,19.7,19.7,2.85,0.1,0.65,0.0155
49.6647,-97.8968,0.2882,276.66,232.23,19.7,19.7,2.61,0.1,0.65,0.0215
49.6647,-97.8916,0.2776,276.17,230.81,19.7,19.7,2.1,0.1,0.65,0.0151
49.6647,-97.8864,0.2698,276.04,230.19,19.7,19.7,1.8,0.1,0.65,0.0148
49.6647,-97.8812,0.2637,276.07,229.7,19.7,19.7,1.63,0.1,0.65,0.0292
49.6647,-97.876,0.2598,276.11,228.64,19.7,19.7,1.56,0.1,0.65,0.0279
49.6647,-97.8709,0.2754,275.06,226.11,19.7,19.7,1.85,0.1,0.65,0.0363
49.6647,-97.8657,0.296,274.33,223.41,19.7,19.7,2.22,0.1,0.65,0.0201
49.6647,-97.8605,0.2855,273.96,221.2,19.7,19.7,2.16,0.1,0.65,0.0166
49.6647,-97.8553,0.272,273.61,219.65,19.7,19.7,1.85,0.1,0.65,0.0133
49.6647,-97.8501,0.263,273.21,218.15,19.7,19.7,1.51,0.1,0.65,0.0257
49.6647,-97.8449,0.2666,272.36,217.39,19.7,19.7,1.38,0.1,0.65,0.0259
49.6647,-97.8397,0.2903,270.46,217.52,19.7,19.7,1.48,0.1,0.65,0.0151
49.6647,-97.8345,0.3307,267.81,214.32,19.8,19.8,1.75,0.1,0.65,0.0168
49.6647,-97.8294,0.3605,266.56,210.67,19.8,19.8,1.96,0.1,0.65,0.0193
49.6647,-97.8242,0.3859,266.12,209.13,19.8,19.8,2.19,0.1,0.65,0.0212
49.6647,-97.819,0.4091,265.01,207.95,19.8,19.8,2.21,0.1,0.65,0.0217
49.6647,-97.8138,0.3773,263.1,207.8,19.9,19.9,1.89,0.1,0.65,0.0194
49.6647,-97.8086,0.353,262.96,210.88,19.9,19.9,1.65,0.1,0.65,0.0138
49.6647,-97.8034,0.3442,264.77,215.19,19.9,19.9,1.72,0.1,0.65,0.0138
49.6647,-97.7982,0.3646,266.42,219.99,19.9,19.9,2.14,0.1,0.65,0.0225
49.6647,-97.7931,0.4099,267.18,224.78,19.9,19.9,2.55,0.1,0.65,0.0324
49.6647,-97.7879,0.428,266.82,225.57,19.9,19.9,2.75,0.1,0.65,0.0304
49.6647,-97.7827,0.4416,265.94,220.38,19.9,19.9,2.7,0.1,0.65,0.0317
49.6647,-97.7775,0.4581,264.19,213.83,19.9,19.9,2.64,0.1,0.65,0.0324
49.6647,-97.7723,0.4602,260.41,209.2,19.9,19.9,2.33,0.1,0.65,0.0316
49.6647,-97.7671,0.433,255.79,206.2,19.9,19.9,1.75,0.1,0.65,0.05
49.6647,-97.7619,0.4016,252.49,204.94,19.9,19.9,1.26,0.1,0.65,0.0302
49.6647,-97.7567,0.3902,250.65,204.76,19.9,19.9,0.88,0.1,0.65,0.0256
49.6647,-97.7516,0.4059,249.67,204.93,19.9,19.9,0.82,0.1,0.65,0.0255
49.6707,-98.1198,0.2034,264.62,237.68,19.6,19.6,3.22,0.77,0.14,0.0237
49.6707,-98.1146,0.2275,261.65,239.22,19.6,19.6,4.06,0.78,0.13,0.0296
49.6707,-98.1094,0.2363,260.78,240.68,19.6,19.6,3.93,0.78,0.13,0.0278
49.6707,-98.1043,0.219,261.76,239.64,19.6,19.6,3.31,0.77,0.13,0.0213
49.6707,-98.0991,0.2179,261.5,236.61,19.6,19.6,2.29,0.77,0.13,0.0166
49.6707,-98.0939,0.232,260.19,234.96,19.6,19.6,1.88,0.77,0.13,0.0162
49.6707,-98.0887,0.2471,258.56,234.86,19.6,19.6,2.16,0.78,0.12,0.0177
49.6707,-98.0835,0.2038,259.36,234.99,19.6,19.6,2.24,0.77,0.13,0.0131
49.6707,-98.0783,0.1824,261.29,235.01,19.6,19.6,2.21,0.78,0.12,0.0167
49.6707,-98.0731,0.1742,260.9,235.46,19.5,19.5,1.54,0.79,0.11,0.0105
49.6707,-98.0679,0.1857,260.92,235.89,19.5,19.5,1.38,0.8,0.1,0.0237
49.6707,-98.0628,0.1886,262.38,236.39,19.5,19.5,1.77,0.79,0.11,0.0377
49.6707,-98.0576,0.1784,265.39,236.98,19.5,19.5,2.37,0.78,0.11,0.0464
49.6707,-98.0524,0.1787,267.75,237.65,19.5,19.5,2.18,0.78,0.11,0.0308
49.6707,-98.0472,0.2007,267.18,237.98,19.5,19.5,1.98,0.79,0.11,0.0423
49.6707,-98.042,0.2189,265.66,237.27,19.5,19.5,1.96,0.79,0.11,0.0462
49.6707,-98.0368,0.2016,266.02,236.52,19.5,19.5,1.68,0.79,0.11,0.0298
49.6707,-98.0316,0.1872,267.75,236.09,19.5,19.5,1.93,0.78,0.12,0.0335
49.6707,-98.0265,0.1835,268.88,236.05,19.5,19.5,1.83,0.77,0.13,0.0126
49.6707,-98.0213,0.2044,269.95,237.98,19.5,19.5,1.98,0.77,0.13,0.0141
49.6707,-98.0161,0.1956,271.17,241.36,19.5,19.5,2.44,0.78,0.12,0.0167
49.6707,-98.0109,0.1934,271.11,243.18,19.6,19.6,2.38,0.79,0.11,0.014
49.6707,-98.0057,0.2008,270.3,244.37,19.6,19.6,2.51,0.76,0.12,0.0159
49.6707,-98.0005,0.2086,269.36,245.31,19.6,19.6,2.3,0.66,0.19,0.0157
49.6707,-97.9953,,268.99,245.1,19.6,19.6,2.31,0.51,0.3,
49.6707,-97.9901,0.3374,271.03,242.55,19.6,19.6,2.51,0.34,0.44,0.0214
49.6707,-97.985,0.2939,274.49,239.41,19.6,19.6,2.19,0.2,0.54,0.0161
49.6707,-97.9798,0.2668,276.5,237.8,19.6,19.6,1.92,0.13,0.61,0.0151
49.6707,-97.9746,0.2583,276.86,237.99,19.6,19.6,1.63,0.11,0.64,0.0292
49.6707,-97.9694,0.2629,276.25,238.77,19.6,19.6,1.54,0.1,0.65,0.0252
49.6707,-97.9642,0.2849,274.89,239.01,19.6,19.6,1.86,0.1,0.65,0.0319
49.6707,-97.959,0.3006,274.1,238.78,19.6,19.6,2.11,0.1,0.65,0.0162
49.6707,-97.9538,0.2952,275.2,238.21,19.6,19.6,2.38,0.1,0.65,0.0178
49.6707,-97.9487,0.2963,275.73,238.16,19.6,19.6,2.67,0.1,0.65,0.0187
49.6707,-97.9435,0.294,276.29,238.78,19.6,19.6,2.65,0.1,0.65,0.0185
49.6707,-97.9383,0.2829,276.76,240.11,19.6,19.6,2.57,0.1,0.65,0.0195
49.6707,-97.9331,0.2924,275.68,242.19,19.7,19.7,2.48,0.1,0.65,0.0195
49.6707,-97.9279,0.3196,273.8,244.11,19.7,19.7,2.53,0.1,0.65,0.0265
49.6707,-97.9227,0.3316,273.66,243.89,19.7,19.7,2.7,0.1,0.65,0.0239
49.6707,-97.9175,0.3133,275.56,242.31,19.7,19.7,2.75,0.1,0.65,0.0219
49.6707,-97.9123,0.2871,277.3,242.36,19.7,19.7,2.66,0.1,0.65,0.0238
49.6707,-97.9072,0.2801,277.2,241.27,19.7,19.7,2.51,0.1,0.65,0.0204
49.6707,-97.902,0.2784,275.95,235.89,19.7,19.7,2.25,0.1,0.65,0.0179
49.6707,-97.8968,0.2802,275.16,231.42,19.7,19.7,2.1,0.1,0.65,0.0145
49.6707,-97.8916,0.2681,275.77,230.22,19.7,19.7,1.95,0.1,0.65,0.0146
49.6707,-97.8864,0.2641,276.54,230.02,19.7,19.7,1.94,0.1,0.65,0.0152
49.6707,-97.8812,0.2621,277.31,229.58,19.7,19.7,2.01,0.1,0.65,0.0154
49.6707,-97.876,0.2566,277.81,228.28,19.7,19.7,1.98,0.1,0.65,0.0116
49.6707,-97.8709,0.2764,276.3,225.07,19.7,19.7,2.13,0.1,0.65,0.0152
49.6707,-97.8657,0.2974,274.79,221.96,19.7,19.7,2.33,0.1,0.65,0.011
49.6707,-97.8605,0.3185,273.93,220.06,19.7,19.7,2.57,0.1,0.65,0.0173
49.6707,-97.8553,0.3121,273.74,219.37,19.7,19.7,2.5,0.1,0.65,0.0132
49.6707,-97.8501,0.2837,273.79,218.24,19.7,19.7,1.93,0.1,0.65,0.0124
49.6707,-97.8449,0.2685,272.92,216.58,19.7,19.7,1.35,0.1,0.65,0.0236
49.6707,-97.8397,0.2692,270.14,215.52,19.7,19.7,0.76,0.1,0.65,0.0114
49.6707,-97.8345,0.2903,266.96,211.8,19.8,19.8,0.75,0.1,0.65,0.02
49.6707,-97.8294,0.3166,265.83,207.92,19.8,19.8,1.15,0.1,0.65,0.0273
49.6707,-97.8242,0.3645,264.38,205.71,19.8,19.8,1.72,0.1,0.65,0.0167
49.6707,-97.819,0.3995,262.19,203.5,19.8,19.8,1.97,0.1,0.65,0.0242
49.6707,-97.8138,0.3762,259.3,201.75,19.9,19.9,1.6,0.1,0.65,0.0188
49.6707,-97.8086,0.3467,258.33,202.64,19.9,19.9,1.1,0.1,0.65,0.0282
49.6707,-97.8034,0.3261,260.91,204.86,19.9,19.9,1.02,0.1,0.65,0.0203
49.6707,-97.7982,0.327,264.93,209.43,19.9,19.9,1.57,0.1,0.65,0.0155
49.6707,-97.7931,0.3609,267.4,215.15,19.9,19.9,2.24,0.1,0.65,0.0224
49.6707,-97.7879,0.3955,267.34,216.42,19.9,19.9,2.66,0.1,0.65,0.0254
49.6707,-97.7827,0.4007,266.99,212.72,19.9,19.9,2.65,0.1,0.65,0.0245
49.6707,-97.7775,0.4119,266.16,209.3,19.9,19.9,2.64,0.1,0.65,0.0252
49.6707,-97.7723,0.425,262.46,207.47,19.9,19.9,2.43,0.1,0.65,0.0278
49.6707,-97.7671,0.4248,258.22,207.02,19.9,19.9,1.97,0.1,0.65,0.0246
49.6707,-97.7619,0.3861,256.29,208.86,19.9,19.9,1.32,0.1,0.65,0.0351
49.6707,-97.7567,0.3623,255.9,211.39,19.9,19.9,0.87,0.1,0.65,0.0185
49.6707,-97.7516,0.3596,256.16,213.64,19.9,19.9,0.78,0.1,0.65,0.0188
49.6768,-98.1198,0.2257,261.87,237.61,19.6,19.6,3.67,0.77,0.14,0.0289
49.6768,-98.1146,0.2327,261.02,238.72,19.6,19.6,3.95,0.77,0.14,0.0259
49.6768,-98.1094,0.2177,261.0,238.95,19.6,19.6,3.45,0.78,0.13,0.0227
49.6768,-98.1043,0.2122,261.71,238.29,19.6,19.6,3.61,0.78,0.12,0.0252
49.6768,-98.0991,0.2095,262.52,237.45,19.6,19.6,2.82,0.78,0.12,0.0181
49.6768,-98.0939,0.2119,263.06,237.68,19.6,19.6,1.95,0.79,0.11,0.0149
49.6768,-98.0887,0.2364,263.08,238.27,19.6,19.6,2.72,0.78,0.12,0.0217
49.6768,-98.0835,0.2261,264.06,238.25,19.6,19.6,2.94,0.77,0.13,0.0213
49.6768,-98.0783,0.2038,264.19,237.84,19.6,19.6,2.86,0.77,0.13,0.0178
49.6768,-98.0731,0.2255,262.06,237.73,19.5,19.5,2.34,0.76,0.13,0.019
49.6768,-98.0679,0.2291,261.24,237.93,19.5,19.5,2.37,0.76,0.12,0.0142
49.6768,-98.0628,0.2155,262.68,238.37,19.5,19.5,2.59,0.76,0.12,0.0173
49.6768,-98.0576,0.1943,266.23,239.37,19.5,19.5,3.1,0.76,0.13,0.0209
49.6768,-98.0524,0.1938,268.83,240.41,19.5,19.5,3.7,0.76,0.13,0.0211
49.6768,-98.0472,0.2177,268.11,240.42,19.5,19.5,3.51,0.75,0.13,0.0237
49.6768,-98.042,0.2342,266.36,239.12,19.5,19.5,3.58,0.75,0.13,0.0337
49.6768,-98.0368,0.2198,266.45,237.69,19.5,19.5,3.28,0.74,0.14,0.0233
49.6768,-98.0316,0.1884,267.73,237.07,19.5,19.5,2.68,0.73,0.16,0.0182
49.6768,-98.0265,,268.75,237.33,19.5,19.5,1.79,0.72,0.17,
49.6768,-98.0213,,269.42,239.4,19.5,19.5,1.54,0.73,0.15,
49.6768,-98.0161,,269.58,241.68,19.5,19.5,1.77,0.75,0.13,
49.6768,-98.0109,,269.28,242.38,19.6,19.6,1.63,0.71,0.16,
49.6768,-98.0057,,268.45,243.1,19.6,19.6,1.43,0.62,0.21,
49.6768,-98.0005,,267.16,244.05,19.6,19.6,1.33,0.49,0.3,
49.6768,-97.9953,,266.63,244.18,19.6,19.6,1.29,0.34,0.42,
49.6768,-97.9901,0.3288,269.51,242.57,19.6,19.6,1.43,0.21,0.53,0.014
49.6768,-97.985,0.282,274.42,241.12,19.6,19.6,1.76,0.13,0.62,0.0139
49.6768,-97.9798,0.2596,277.75,240.85,19.6,19.6,2.14,0.1,0.65,0.0154
49.6768,-97.9746,0.2577,279.07,241.56,19.6,19.6,2.25,0.1,0.65,0.019
49.6768,-97.9694,0.2587,278.68,242.01,19.6,19.6,2.21,0.1,0.65,0.0164
49.6768,-97.9642,0.2841,276.35,241.13,19.6,19.6,2.21,0.1,0.65,0.0202
49.6768,-97.959,0.313,273.48,238.94,19.6,19.6,2.18,0.1,0.65,0.0186
49.6768,-97.9538,0.2982,274.21,237.21,19.6,19.6,2.21,0.1,0.65,0.0161
49.6768,-97.9487,0.2856,274.97,236.82,19.6,19.6,2.19,0.1,0.65,0.0178
49.6768,-97.9435,0.2766,274.99,237.23,19.6,19.6,1.95,0.1,0.65,0.0134
49.6768,-97.9383,0.2754,274.77,238.09,19.6,19.6,1.78,0.1,0.65,0.0123
49.6768,-97.9331,0.2928,273.82,239.35,19.7,19.7,1.97,0.1,0.65,0.0373
49.6768,-97.9279,0.3047,272.52,241.48,19.7,19.7,2.01,0.1,0.65,0.0156
49.6768,-97.9227,0.3148,272.51,242.5,19.7,19.7,2.16,0.1,0.65,0.0212
49.6768,-97.9175,0.3146,274.26,241.91,19.7,19.7,2.44,0.1,0.65,0.019
49.6768,-97.9123,0.3024,275.24,241.81,19.7,19.7,2.35,0.1,0.65,0.0191
49.6768,-97.9072,0.2973,274.32,240.47,19.7,19.7,2.08,0.1,0.65,0.0162
49.6768,-97.902,0.2755,273.97,235.83,19.7,19.7,1.6,0.1,0.65,0.0253
49.6768,-97.8968,0.2681,273.68,231.16,19.7,19.7,1.29,0.1,0.65,0.0221
49.6768,-97.8916,0.2616,274.48,229.2,19.7,19.7,1.29,0.1,0.65,0.0266
49.6768,-97.8864,0.2556,275.54,228.83,19.7,19.7,1.32,0.1,0.65,0.0182
49.6768,-97.8812,0.2452,276.25,228.25,19.7,19.7,1.17,0.1,0.65,0.017
49.6768,-97.876,0.2376,276.54,226.52,19.7,19.7,1.07,0.1,0.65,0.0159
49.6768,-97.8709,0.2597,274.99,223.1,19.7,19.7,1.33,0.1,0.65,0.0239
49.6768,-97.8657,0.2873,273.34,220.76,19.7,19.7,1.68,0.1,0.65,0.016
49.6768,-97.8605,0.3105,272.4,220.44,19.7,19.7,2.06,0.1,0.65,0.0131
49.6768,-97.8553,0.318,271.65,221.0,19.7,19.7,2.11,0.1,0.65,0.0157
49.6768,-97.8501,0.309,270.91,220.27,19.7,19.7,1.77,0.1,0.65,0.0119
49.6768,-97.8449,0.3028,269.43,218.27,19.7,19.7,1.42,0.1,0.65,0.0221
49.6768,-97.8397,0.3023,267.28,216.96,19.7,19.7,1.08,0.1,0.65,0.0197
49.6768,-97.8345,0.2966,266.81,213.81,19.8,19.8,0.9,0.1,0.65,0.0182
49.6768,-97.8294,0.303,267.44,210.48,19.8,19.8,1.18,0.1,0.65,0.0213
49.6768,-97.8242,0.3433,266.19,209.0,19.8,19.8,1.7,0.1,0.65,0.0162
49.6768,-97.819,0.4028,262.82,207.91,19.8,19.8,2.1,0.1,0.65,0.0213
49.6768,-97.8138,0.4213,257.82,206.6,19.9,19.9,1.88,0.1,0.65,0.0193
49.6768,-97.8086,0.3704,255.78,205.9,19.9,19.9,1.2,0.1,0.65,0.0264
49.6768,-97.8034,0.3392,258.39,206.78,19.9,19.9,0.97,0.1,0.65,0.0238
49.6768,-97.7982,0.3363,262.44,211.28,19.9,19.9,1.29,0.1,0.65,0.022
49.6768,-97.7931,0.3604,265.18,216.73,19.9,19.9,2.01,0.1,0.65,0.0197
49.6768,-97.7879,0.3826,265.84,217.07,19.9,19.9,2.41,0.1,0.65,0.0223
49.6768,-97.7827,0.3902,266.4,213.74,19.9,19.9,2.57,0.1,0.65,0.0273
49.6768,-97.7775,0.382,267.24,212.23,19.9,19.9,2.5,0.1,0.65,0.02
49.6768,-97.7723,0.3862,266.1,212.84,19.9,19.9,2.26,0.1,0.65,0.0251
49.6768,-97.7671,0.3859,263.47,213.15,19.9,19.9,1.94,0.1,0.65,0.0188
49.6768,-97.7619,0.3784,262.31,214.06,19.9,19.9,1.73,0.1,0.65,0.0189
49.6768,-97.7567,0.3596,262.62,215.5,19.9,19.9,1.49,0.1,0.65,0.0307
49.6768,-97.7516,0.3284,264.02,216.83,19.9,19.9,1.13,0.1,0.65,0.0213
49.6828,-98.1198,0.2543,257.97,237.68,19.6,19.6,3.98,0.78,0.12,0.0275
49.6828,-98.1146,0.2459,258.91,238.04,19.6,19.6,4.23,0.78,0.12,0.0364
49.6828,-98.1094,,259.74,238.59,19.6,19.6,5.04,0.77,0.13,
49.6828,-98.1043,0.2449,259.51,239.23,19.6,19.6,4.18,0.76,0.14,0.0349
49.6828,-98.0991,0.2565,259.86,239.92,19.6,19.6,3.66,0.77,0.13,0.0298
49.6828,-98.0939,0.2891,260.92,240.59,19.6,19.6,3.62,0.79,0.11,0.0319
49.6828,-98.0887,0.291,262.32,240.67,19.6,19.6,3.26,0.79,0.11,0.0305
49.6828,-98.0835,0.2642,263.9,240.19,19.6,19.6,3.23,0.78,0.11,0.0264
49.6828,-98.0783,0.2424,263.9,240.36,19.6,19.6,2.94,0.78,0.12,0.0214
49.6828,-98.0731,0.2396,262.29,240.76,19.5,19.5,2.4,0.77,0.12,0.0165
49.6828,-98.0679,0.2333,261.71,240.67,19.5,19.5,2.34,0.77,0.12,0.0616
49.6828,-98.0628,0.2202,262.91,240.11,19.5,19.5,2.61,0.77,0.12,0.0579
49.6828,-98.0576,0.1938,265.86,239.79,19.5,19.5,2.74,0.78,0.12,0.0172
49.6828,-98.0524,0.184,268.17,240.05,19.5,19.5,2.84,0.78,0.11,0.0164
49.6828,-98.0472,0.1985,268.7,239.66,19.5,19.5,3.29,0.77,0.12,0.0234
49.6828,-98.042,0.206,268.36,237.99,19.5,19.5,3.62,0.76,0.12,0.0285
49.6828,-98.0368,0.1891,268.15,237.09,19.5,19.5,2.83,0.72,0.16,0.0786
49.6828,-98.0316,0.1788,269.23,237.9,19.5,19.5,1.73,0.7,0.19,0.025
49.6828,-98.0265,0.1751,271.44,239.68,19.5,19.5,1.3,0.68,0.21,0.0224
49.6828,-98.0213,0.1738,271.73,242.54,19.5,19.5,0.93,0.69,0.19,0.0135
49.6828,-98.0161,0.1836,270.0,243.33,19.6,19.6,1.28,0.71,0.18,0.0234
49.6828,-98.0109,0.1961,268.77,242.25,19.6,19.6,1.49,0.67,0.2,0.0243
49.6828,-98.0057,0.21,267.87,242.02,19.6,19.6,1.52,0.56,0.28,0.0314
49.6828,-98.0005,0.2709,266.83,242.48,19.6,19.6,1.56,0.45,0.36,0.035
49.6828,-97.9953,0.3068,266.52,243.11,19.6,19.6,1.16,0.3,0.47,0.026
49.6828,-97.9901,0.2898,269.62,242.93,19.6,19.6,1.28,0.22,0.55,0.0279
49.6828,-97.985,0.2729,274.75,242.64,19.6,19.6,1.6,0.14,0.62,0.0311
49.6828,-97.9798,0.2455,278.59,242.78,19.6,19.6,1.92,0.1,0.65,0.0144
49.6828,-97.9746,0.2382,279.92,242.95,19.6,19.6,2.07,0.1,0.65,0.0173
49.6828,-97.9694,0.2523,278.73,242.35,19.6,19.6,1.88,0.1,0.65,0.0192
49.6828,-97.9642,0.2692,275.25,239.87,19.6,19.6,1.39,0.1,0.65,0.0229
49.6828,-97.959,0.2907,271.76,236.73,19.6,19.6,1.25,0.1,0.65,0.0236
49.6828,-97.9538,0.2859,271.99,235.52,19.6,19.6,1.28,0.1,0.65,0.0223
49.6828,-97.9487,0.279,272.67,235.63,19.6,19.6,1.29,0.1,0.65,0.0245
49.6828,-97.9435,0.2898,272.71,236.35,19.6,19.6,1.58,0.1,0.65,0.025
49.6828,-97.9383,0.3003,273.15,236.97,19.7,19.7,1.84,0.1,0.65,0.0361
49.6828,-97.9331,0.2994,273.35,236.71,19.7,19.7,1.87,0.1,0.65,0.0342
49.6828,-97.9279,0.3124,272.23,237.63,19.7,19.7,2.05,0.1,0.65,0.0424
49.6828,-97.9227,0.3074,272.07,239.79,19.7,19.7,1.92,0.1,0.65,0.0301
49.6828,-97.9175,0.2898,274.11,240.81,19.7,19.7,2.04,0.1,0.65,0.0485
49.6828,-97.9123,0.2795,275.65,241.66,19.7,19.7,2.27,0.1,0.65,0.0152
49.6828,-97.9072,0.3043,275.14,241.89,19.7,19.7,2.46,0.1,0.65,0.0191
49.6828,-97.902,0.3099,274.37,238.39,19.7,19.7,2.47,0.1,0.65,0.0193
49.6828,-97.8968,0.3281,272.84,232.4,19.7,19.7,2.38,0.1,0.65,0.0192
49.6828,-97.8916,0.3231,272.67,228.98,19.7,19.7,2.3,0.1,0.65,0.0174
49.6828,-97.8864,0.285,273.33,228.01,19.7,19.7,1.82,0.1,0.65,0.0313
49.6828,-97.8812,0.26,273.66,226.54,19.7,19.7,1.37,0.1,0.65,0.0229
49.6828,-97.876,0.2423,274.12,223.83,19.7,19.7,0.87,0.1,0.65,0.0166
49.6828,-97.8709,0.2413,273.64,221.3,19.7,19.7,0.6,0.1,0.65,0.0121
49.6828,-97.8657,0.2609,272.32,221.24,19.7,19.7,0.81,0.1,0.65,0.0175
49.6828,-97.8605,0.2784,270.89,222.31,19.7,19.7,0.97,0.1,0.65,0.0165
49.6828,-97.8553,0.2851,269.92,223.08,19.7,19.7,1.0,0.1,0.65,0.0201
49.6828,-97.8501,0.2935,269.88,222.76,19.7,19.7,1.27,0.1,0.65,0.0198
49.6828,-97.8449,0.302,270.5,222.69,19.7,19.7,1.63,0.1,0.65,0.0147
49.6828,-97.8397,0.3197,270.42,223.59,19.7,19.7,1.97,0.1,0.65,0.0187
49.6828,-97.8345,0.3305,270.62,222.52,19.8,19.8,2.23,0.1,0.65,0.0185
49.6828,-97.8294,0.3304,271.28,220.3,19.8,19.8,2.29,0.1,0.65,0.0175
49.6828,-97.8242,0.3666,270.64,219.9,19.8,19.8,2.59,0.1,0.65,0.0237
49.6828,-97.819,0.4059,268.32,220.32,19.8,19.8,2.67,0.1,0.65,0.0246
49.6828,-97.8138,0.4132,264.03,218.64,19.8,19.8,2.3,0.1,0.65,0.0262
49.6828,-97.8086,0.3816,261.12,215.15,19.9,19.9,1.71,0.1,0.65,0.0522
49.6828,-97.8034,0.3355,261.98,215.4,19.9,19.9,1.29,0.1,0.65,0.026
49.6828,-97.7982,0.3172,264.32,219.91,19.9,19.9,1.42,0.1,0.65,0.0264
49.6828,-97.7931,0.3327,266.04,224.19,19.9,19.9,2.06,0.1,0.65,0.02
49.6828,-97.7879,0.3659,266.44,224.14,19.9,19.9,2.65,0.1,0.65,0.0295
49.6828,-97.7827,0.3655,266.77,221.25,19.9,19.9,2.45,0.1,0.65,0.023
49.6828,-97.7775,0.333,268.0,219.78,19.9,19.9,1.94,0.1,0.65,0.0389
49.6828,-97.7723,0.3158,269.22,220.6,19.9,19.9,1.67,0.1,0.65,0.0404
49.6828,-97.7671,0.3193,269.41,219.92,19.9,19.9,1.75,0.1,0.65,0.0154
49.6828,-97.7619,0.32,269.94,218.76,19.9,19.9,2.01,0.1,0.65,0.0182
49.6828,-97.7567,0.3085,271.38,218.8,19.9,19.9,2.04,0.1,0.65,0.0156
49.6828,-97.7516,0.2868,272.67,219.12,19.9,19.9,1.83,0.1,0.65,0.032
49.6888,-98.1198,0.252,258.95,239.7,19.6,19.6,4.69,0.79,0.1,0.041
49.6888,-98.1146,0.2491,259.64,238.49,19.6,19.6,5.12,0.78,0.12,0.051
49.6888,-98.1094,0.2389,260.62,238.17,19.6,19.6,4.84,0.76,0.14,0.0313
49.6888,-98.1043,,260.18,239.36,19.6,19.6,4.91,0.75,0.15,
49.6888,-98.0991,,260.14,240.83,19.6,19.6,5.05,0.75,0.15,
49.6888,-98.0939,,261.02,241.54,19.6,19.6,5.26,0.77,0.13,
49.6888,-98.0887,,262.92,241.41,19.6,19.6,4.81,0.8,0.1,
49.6888,-98.0835,0.2217,264.98,240.78,19.6,19.6,4.11,0.8,0.1,0.0282
49.6888,-98.0783,0.2064,264.17,240.55,19.6,19.6,2.67,0.8,0.1,0.0175
49.6888,-98.0731,0.2214,261.73,240.66,19.5,19.5,2.14,0.79,0.11,0.013
49.6888,-98.0679,0.23,261.06,240.44,19.5,19.5,2.23,0.79,0.11,0.0507
49.6888,-98.0628,0.2191,261.64,239.78,19.5,19.5,1.96,0.78,0.12,0.0477
49.6888,-98.0576,0.2009,263.67,238.65,19.5,19.5,2.36,0.79,0.11,0.0605
49.6888,-98.0524,0.192,266.18,237.71,19.5,19.5,3.13,0.79,0.11,0.1079
49.6888,-98.0472,0.1883,267.44,237.42,19.5,19.5,3.3,0.79,0.11,0.1085
49.6888,-98.042,0.1803,268.23,237.14,19.5,19.5,3.11,0.79,0.11,0.1141
49.6888,-98.0368,0.1827,268.5,237.59,19.5,19.5,2.21,0.75,0.15,0.0394
49.6888,-98.0316,0.1822,269.69,239.46,19.5,19.5,1.12,0.7,0.2,0.0196
49.6888,-98.0265,0.171,272.6,242.13,19.5,19.5,0.62,0.68,0.22,0.0106
49.6888,-98.0213,0.1702,273.65,245.48,19.5,19.5,1.19,0.66,0.23,0.0199
49.6888,-98.0161,0.2166,272.17,245.46,19.6,19.6,1.64,0.59,0.29,0.0303
49.6888,-98.0109,0.2632,270.72,243.61,19.6,19.6,2.12,0.49,0.36,0.0194
49.6888,-98.0057,0.3234,269.31,243.03,19.6,19.6,2.42,0.36,0.46,0.0211
49.6888,-98.0005,0.352,267.95,243.14,19.6,19.6,2.3,0.3,0.51,0.0244
49.6888,-97.9953,0.3563,267.86,243.53,19.6,19.6,2.27,0.23,0.55,0.0211
49.6888,-97.9901,0.3188,271.16,243.62,19.6,19.6,2.0,0.16,0.6,0.0183
49.6888,-97.985,0.2914,275.62,243.29,19.6,19.6,2.21,0.11,0.64,0.0172
49.6888,-97.9798,0.2658,278.35,242.6,19.6,19.6,2.49,0.1,0.65,0.0211
49.6888,-97.9746,0.2598,279.08,241.75,19.6,19.6,2.5,0.1,0.65,0.0154
49.6888,-97.9694,0.263,277.64,240.93,19.6,19.6,2.11,0.1,0.65,0.0165
49.6888,-97.9642,0.2777,274.92,238.98,19.6,19.6,1.72,0.1,0.65,0.0309
49.6888,-97.959,0.2891,272.92,236.48,19.6,19.6,1.55,0.1,0.65,0.0301
49.6888,-97.9538,0.2945,272.58,235.38,19.6,19.6,1.6,0.1,0.65,0.0107
49.6888,-97.9487,0.305,272.29,235.14,19.6,19.6,1.87,0.1,0.65,0.014
49.6888,-97.9435,0.3043,271.79,235.14,19.6,19.6,1.77,0.1,0.65,0.0143
49.6888,-97.9383,0.3128,271.74,234.49,19.6,19.6,1.78,0.1,0.65,0.0341
49.6888,-97.9331,0.3096,271.87,231.98,19.7,19.7,1.74,0.1,0.65,0.0321
49.6888,-97.9279,0.2983,270.88,231.48,19.7,19.7,1.42,0.1,0.65,0.028
49.6888,-97.9227,0.2841,270.36,234.27,19.7,19.7,1.07,0.1,0.65,0.0169
49.6888,-97.9175,0.2773,271.87,236.9,19.7,19.7,1.37,0.1,0.65,0.0198
49.6888,-97.9123,0.286,273.71,239.44,19.7,19.7,1.98,0.1,0.65,0.0156
49.6888,-97.9072,0.3167,274.05,241.38,19.7,19.7,2.61,0.1,0.65,0.0192
49.6888,-97.902,0.3509,273.0,238.36,19.7,19.7,2.86,0.1,0.65,0.0244
49.6888,-97.8968,0.3477,270.88,232.26,19.7,19.7,2.5,0.1,0.65,0.0194
49.6888,-97.8916,0.3258,270.08,229.34,19.7,19.7,2.09,0.1,0.65,0.0156
49.6888,-97.8864,0.2879,270.27,228.29,19.7,19.7,1.51,0.1,0.65,0.0292
49.6888,-97.8812,0.2573,270.58,226.57,19.7,19.7,0.86,0.1,0.65,0.0131
49.6888,-97.876,0.2445,271.37,223.81,19.7,19.7,0.58,0.1,0.65,0.0143
49.6888,-97.8709,0.2379,272.6,222.17,19.7,19.7,0.5,0.1,0.65,0.0113
49.6888,-97.8657,0.2423,273.24,223.94,19.7,19.7,0.59,0.1,0.65,0.0132
49.6888,-97.8605,0.2435,273.37,227.54,19.7,19.7,0.63,0.1,0.65,0.0117
49.6888,-97.8553,0.2346,274.34,231.04,19.7,19.7,0.54,0.1,0.65,0.0154
49.6888,-97.8501,0.235,276.11,233.05,19.7,19.7,1.07,0.1,0.65,0.0189
49.6888,-97.8449,0.2509,277.04,233.79,19.7,19.7,1.83,0.1,0.65,0.014
49.6888,-97.8397,0.2902,276.48,233.57,19.7,19.7,2.57,0.1,0.65,0.0165
49.6888,-97.8345,0.3305,275.04,231.11,19.8,19.8,2.98,0.1,0.65,0.0242
49.6888,-97.8294,0.3449,274.26,229.08,19.8,19.8,2.94,0.1,0.65,0.0244
49.6888,-97.8242,0.3655,273.54,228.69,19.8,19.8,3.04,0.1,0.65,0.0251
49.6888,-97.819,0.3999,272.12,227.6,19.8,19.8,3.06,0.1,0.65,0.0331
49.6888,-97.8138,0.3938,269.82,223.77,19.9,19.9,2.8,0.1,0.65,0.0278
49.6888,-97.8086,0.3636,268.15,220.71,19.9,19.9,2.28,0.1,0.65,0.0198
49.6888,-97.8034,0.316,268.01,221.51,19.9,19.9,1.71,0.1,0.65,0.0365
49.6888,-97.7982,0.2967,268.55,225.27,19.9,19.9,1.58,0.1,0.65,0.027
49.6888,-97.7931,0.3002,268.82,228.06,19.9,19.9,1.8,0.1,0.65,0.0367
49.6888,-97.7879,0.3192,268.82,227.4,19.9,19.9,2.18,0.1,0.65,0.0193
49.6888,-97.7827,0.3292,268.65,224.06,19.9,19.9,2.1,0.1,0.65,0.0175
49.6888,-97.7775,0.3138,268.74,221.5,19.9,19.9,1.59,0.1,0.65,0.0376
49.6888,-97.7723,0.2978,270.07,221.27,19.9,19.9,1.34,0.1,0.65,0.0225
49.6888,-97.7671,0.2969,271.96,220.56,19.9,19.9,1.77,0.1,0.65,0.0285
49.6888,-97.7619,0.306,272.94,218.68,19.9,19.9,2.17,0.1,0.65,0.0591
49.6888,-97.7567,0.3077,273.53,217.07,19.9,19.9,2.36,0.1,0.65,0.0225
49.6888,-97.7516,0.2873,273.98,215.79,19.9,19.9,2.09,0.1,0.65,0.0409
49.6948,-98.1198,0.2316,261.09,240.74,19.6,19.6,2.61,0.76,0.15,0.0159
49.6948,-98.1146,0.2409,261.03,239.52,19.6,19.6,3.42,0.77,0.14,0.0236
49.6948,-98.1094,0.2424,261.11,238.16,19.6,19.6,3.51,0.77,0.14,0.0295
49.6948,-98.1043,0.2466,260.06,238.4,19.6,19.6,3.43,0.77,0.13,0.028
49.6948,-98.0991,0.2376,259.9,239.23,19.6,19.6,3.22,0.78,0.12,0.0245
49.6948,-98.0939,0.2359,261.31,239.37,19.6,19.6,3.88,0.79,0.11,0.0291
49.6948,-98.0887,0.203,263.91,239.27,19.6,19.6,3.73,0.8,0.11,0.0255
49.6948,-98.0835,0.1809,265.54,239.64,19.6,19.6,2.98,0.8,0.1,0.0166
49.6948,-98.0783,0.1937,263.16,239.96,19.6,19.6,1.87,0.79,0.11,0.0138
49.6948,-98.0731,0.2073,260.55,239.73,19.5,19.5,1.62,0.79,0.11,0.0136
49.6948,-98.0679,0.2104,260.31,239.34,19.5,19.5,1.68,0.79,0.11,0.0117
49.6948,-98.0628,0.2139,260.99,238.68,19.5,19.5,1.82,0.79,0.11,0.0164
49.6948,-98.0576,0.2117,262.44,237.6,19.5,19.5,2.2,0.79,0.11,0.0162
49.6948,-98.0524,0.1942,265.11,236.56,19.5,19.5,2.64,0.79,0.11,0.0611
49.6948,-98.0472,0.1766,267.07,236.7,19.5,19.5,2.88,0.79,0.11,0.1065
49.6948,-98.042,0.1756,267.55,237.44,19.5,19.5,2.97,0.77,0.13,0.0937
49.6948,-98.0368,0.1873,267.94,239.32,19.5,19.5,2.61,0.73,0.17,0.063
49.6948,-98.0316,0.1874,269.95,242.12,19.5,19.5,1.95,0.69,0.2,0.0319
49.6948,-98.0265,0.1783,273.36,244.88,19.5,19.5,1.94,0.68,0.22,0.0381
49.6948,-98.0213,0.1965,274.63,248.11,19.5,19.5,2.05,0.59,0.28,0.0311
49.6948,-98.0161,0.2435,273.84,247.76,19.6,19.6,2.36,0.44,0.39,0.0186
49.6948,-98.0109,0.3213,272.74,245.19,19.6,19.6,2.49,0.27,0.52,0.0199
49.6948,-98.0057,0.3602,271.05,244.06,19.6,19.6,2.59,0.12,0.64,0.0181
49.6948,-98.0005,0.3709,269.4,243.81,19.6,19.6,2.48,0.1,0.65,0.0191
49.6948,-97.9953,0.3676,269.31,243.73,19.6,19.6,2.37,0.1,0.65,0.0203
49.6948,-97.9901,0.3327,271.35,243.35,19.6,19.6,2.18,0.1,0.65,0.0144
49.6948,-97.985,0.2982,274.01,242.9,19.6,19.6,2.14,0.1,0.65,0.0169
49.6948,-97.9798,0.2695,276.38,241.94,19.6,19.6,2.07,0.1,0.65,0.0142
49.6948,-97.9746,0.2602,277.81,241.05,19.6,19.6,2.23,0.1,0.65,0.0204
49.6948,-97.9694,0.2666,277.17,240.59,19.6,19.6,2.34,0.1,0.65,0.0189
49.6948,-97.9642,0.3036,274.09,238.8,19.6,19.6,2.3,0.1,0.65,0.0187
49.6948,-97.959,0.3339,271.61,235.77,19.6,19.6,2.36,0.1,0.65,0.0193
49.6948,-97.9538,0.315,272.77,234.76,19.6,19.6,2.26,0.1,0.65,0.0162
49.6948,-97.9487,0.302,272.96,234.64,19.6,19.6,2.05,0.1,0.65,0.0167
49.6948,-97.9435,0.2928,271.81,234.19,19.6,19.6,1.58,0.1,0.65,0.0288
49.6948,-97.9383,0.3005,269.85,232.45,19.6,19.6,1.14,0.1,0.65,0.0181
49.6948,-97.9331,0.3061,267.85,229.95,19.7,19.7,0.82,0.1,0.65,0.02
49.6948,-97.9279,0.3009,267.3,230.74,19.7,19.7,0.59,0.1,0.65,0.0143
49.6948,-97.9227,0.2925,268.05,232.97,19.7,19.7,0.58,0.1,0.65,0.0121
49.6948,-97.9175,0.2829,270.17,234.73,19.7,19.7,0.9,0.1,0.65,0.0189
49.6948,-97.9123,0.2779,272.73,236.39,19.7,19.7,1.38,0.1,0.65,0.0205
49.6948,-97.9072,0.2852,273.45,237.02,19.7,19.7,1.81,0.1,0.65,0.0139
49.6948,-97.902,0.308,271.58,234.88,19.7,19.7,1.93,0.1,0.65,0.0147
49.6948,-97.8968,0.3163,269.49,231.92,19.7,19.7,1.77,0.1,0.65,0.0482
49.6948,-97.8916,0.292,269.01,230.51,19.7,19.7,1.27,0.1,0.65,0.0285
49.6948,-97.8864,0.2646,269.25,229.3,19.7,19.7,0.74,0.1,0.65,0.017
49.6948,-97.8812,0.2539,269.98,227.78,19.7,19.7,0.63,0.1,0.65,0.0139
49.6948,-97.876,0.2521,271.38,226.07,19.7,19.7,0.83,0.1,0.65,0.0131
49.6948,-97.8709,0.2634,273.02,226.12,19.7,19.7,1.4,0.1,0.65,0.0216
49.6948,-97.8657,0.2687,275.14,230.45,19.7,19.7,1.83,0.1,0.65,0.0298
49.6948,-97.8605,0.2607,276.48,237.26,19.7,19.7,1.95,0.1,0.65,0.0156
49.6948,-97.8553,0.2441,278.23,242.59,19.7,19.7,1.89,0.1,0.65,0.0166
49.6948,-97.8501,0.2353,280.24,243.86,19.7,19.7,2.19,0.1,0.65,0.0178
49.6948,-97.8449,0.2541,280.13,242.27,19.7,19.7,2.61,0.1,0.65,0.0178
49.6948,-97.8397,0.2882,277.79,239.65,19.7,19.7,2.73,0.1,0.65,0.0148
49.6948,-97.8345,0.3101,274.59,235.22,19.8,19.8,2.52,0.1,0.65,0.0172
49.6948,-97.8294,0.3006,273.22,231.81,19.8,19.8,2.03,0.1,0.65,0.0138
49.6948,-97.8242,0.2917,273.54,230.44,19.8,19.8,1.92,0.1,0.65,0.0131
49.6948,-97.819,0.3036,273.81,228.48,19.8,19.8,2.2,0.1,0.65,0.0164
49.6948,-97.8138,0.3303,272.9,225.28,19.9,19.9,2.46,0.1,0.65,0.0204
49.6948,-97.8086,0.3495,271.47,224.99,19.9,19.9,2.5,0.1,0.65,0.0192
49.6948,-97.8034,0.3339,271.01,228.72,19.9,19.9,2.3,0.1,0.65,0.018
49.6948,-97.7982,0.3041,271.56,233.33,19.9,19.9,1.99,0.1,0.65,0.0169
49.6948,-97.7931,0.2997,271.99,234.47,19.9,19.9,1.98,0.1,0.65,0.0167
49.6948,-97.7879,0.3209,271.74,232.01,19.9,19.9,2.28,0.1,0.65,0.024
49.6948,-97.7827,0.3427,270.71,227.96,19.9,19.9,2.3,0.1,0.65,0.0178
49.6948,-97.7775,0.343,269.3,223.85,19.9,19.9,2.03,0.1,0.65,0.0178
49.6948,-97.7723,0.3263,269.01,221.83,19.9,19.9,1.69,0.1,0.65,0.0141
49.6948,-97.7671,0.3173,270.14,221.03,19.9,19.9,1.76,0.1,0.65,0.0306
49.6948,-97.7619,0.3182,271.13,219.67,19.9,19.9,1.97,0.1,0.65,0.0169
49.6948,-97.7567,0.3112,271.83,218.24,19.9,19.9,2.07,0.1,0.65,0.0166
49.6948,-97.7516,0.2967,272.55,216.74,19.9,19.9,1.9,0.1,0.65,0.0161
49.7008,-98.1198,0.2476,261.83,239.09,19.6,19.6,2.17,0.72,0.21,0.0179
49.7008,-98.1146,0.2527,260.5,238.27,19.6,19.6,2.48,0.74,0.18,0.0204
49.7008,-98.1094,0.2446,260.27,237.06,19.6,19.6,2.3,0.75,0.16,0.0166
49.7008,-98.1043,0.2502,258.91,236.62,19.6,19.6,2.12,0.77,0.14,0.0178
49.7008,-98.0991,0.2364,257.98,236.56,19.6,19.6,1.71,0.78,0.12,0.0131
49.7008,-98.0939,0.2352,258.91,236.17,19.6,19.6,1.78,0.8,0.1,0.0135
49.7008,-98.0887,0.22,260.64,235.96,19.6,19.6,1.59,0.8,0.1,0.0124
49.7008,-98.0835,0.2133,261.91,236.78,19.6,19.6,1.63,0.8,0.1,0.0147
49.7008,-98.0783,0.213,261.51,238.17,19.6,19.6,1.52,0.79,0.11,0.0161
49.7008,-98.0731,0.2182,260.49,238.77,19.6,19.6,1.95,0.78,0.13,0.0149
49.7008,-98.0679,0.2189,260.57,238.82,19.5,19.5,2.52,0.78,0.13,0.018
49.7008,-98.0628,0.2299,261.32,238.47,19.5,19.5,2.62,0.79,0.11,0.0181
49.7008,-98.0576,0.2243,263.04,237.08,19.5,19.5,2.37,0.8,0.1,0.0163
49.7008,-98.0524,0.1915,266.83,235.55,19.5,19.5,1.7,0.8,0.1,0.0124
49.7008,-98.0472,0.1795,269.22,235.82,19.5,19.5,2.04,0.76,0.13,0.0308
49.7008,-98.042,0.1929,269.14,237.61,19.5,19.5,2.12,0.7,0.18,0.0379
49.7008,-98.0368,0.2191,268.95,240.45,19.5,19.5,2.73,0.62,0.23,0.0181
49.7008,-98.0316,0.2327,270.09,242.86,19.5,19.5,3.07,0.6,0.25,0.0213
49.7008,-98.0265,0.2422,272.6,244.16,19.5,19.5,3.18,0.57,0.28,0.0261
49.7008,-98.0213,0.2534,273.49,245.11,19.5,19.5,2.98,0.47,0.36,0.0218
49.7008,-98.0161,0.2896,272.7,244.9,19.6,19.6,2.93,0.33,0.47,0.018
49.7008,-98.0109,0.3169,272.03,243.67,19.6,19.6,2.38,0.18,0.59,0.0195
49.7008,-98.0057,0.323,270.74,243.09,19.6,19.6,1.85,0.1,0.65,0.016
49.7008,-98.0005,0.3253,268.87,242.85,19.6,19.6,1.44,0.1,0.65,0.0266
49.7008,-97.9953,0.3268,267.71,242.05,19.6,19.6,1.18,0.1,0.65,0.0241
49.7008,-97.9901,0.3148,268.57,240.63,19.6,19.6,1.13,0.1,0.65,0.0235
49.7008,-97.985,0.2786,271.61,240.04,19.6,19.6,1.0,0.1,0.65,0.0186
49.7008,-97.9798,0.2417,275.44,240.42,19.6,19.6,0.97,0.1,0.65,0.0174
49.7008,-97.9746,0.2289,278.36,242.09,19.6,19.6,1.41,0.1,0.65,0.0254
49.7008,-97.9694,0.2388,278.91,243.34,19.6,19.6,2.04,0.1,0.65,0.0413
49.7008,-97.9642,0.3008,275.6,241.56,19.6,19.6,2.65,0.1,0.65,0.0206
49.7008,-97.959,0.3796,271.09,236.85,19.6,19.6,2.89,0.1,0.65,0.0355
49.7008,-97.9538,0.3288,271.79,234.68,19.6,19.6,2.38,0.1,0.65,0.0216
49.7008,-97.9487,0.3012,272.18,234.41,19.6,19.6,1.78,0.1,0.65,0.0318
49.7008,-97.9435,0.284,271.25,234.11,19.6,19.6,1.08,0.1,0.65,0.0232
49.7008,-97.9383,0.2822,269.79,233.5,19.6,19.6,0.64,0.1,0.65,0.0156
49.7008,-97.9331,0.2983,267.91,232.08,19.7,19.7,0.62,0.1,0.65,0.0165
49.7008,-97.9279,0.3108,267.19,232.14,19.7,19.7,0.65,0.1,0.65,0.0164
49.7008,-97.9227,0.3082,268.1,233.28,19.7,19.7,0.71,0.1,0.65,0.0171
49.7008,-97.9175,0.2952,270.71,234.14,19.7,19.7,1.02,0.1,0.65,0.0172
49.7008,-97.9123,0.2702,273.61,235.35,19.7,19.7,1.22,0.1,0.65,0.0211
49.7008,-97.9072,0.2626,274.57,235.62,19.7,19.7,1.33,0.1,0.65,0.0196
49.7008,-97.902,0.2794,272.61,233.36,19.7,19.7,1.35,0.1,0.65,0.0207
49.7008,-97.8968,0.2913,270.09,230.43,19.7,19.7,1.12,0.1,0.65,0.02
49.7008,-97.8916,0.2834,270.13,230.4,19.7,19.7,1.06,0.1,0.65,0.0173
49.7008,-97.8864,0.2653,271.13,231.29,19.7,19.7,0.82,0.1,0.65,0.0155
49.7008,-97.8812,0.2559,272.46,231.91,19.7,19.7,0.8,0.1,0.65,0.0155
49.7008,-97.876,0.2575,274.13,232.2,19.7,19.7,1.18,0.1,0.65,0.0205
49.7008,-97.8709,0.277,275.83,234.98,19.7,19.7,2.04,0.1,0.65,0.0459
49.7008,-97.8657,0.3049,277.7,241.93,19.7,19.7,2.94,0.1,0.65,0.0235
49.7008,-97.8605,0.3309,278.83,249.05,19.7,19.7,3.46,0.1,0.65,0.0288
49.7008,-97.8553,0.3117,279.94,252.74,19.7,19.7,3.52,0.1,0.65,0.0319
49.7008,-97.8501,0.2995,280.83,251.03,19.7,19.7,3.5,0.1,0.65,0.0292
49.7008,-97.8449,0.3339,278.92,246.16,19.7,19.7,3.54,0.1,0.65,0.0345
49.7008,-97.8397,0.3396,274.73,240.81,19.7,19.7,2.89,0.1,0.65,0.0302
49.7008,-97.8345,0.3225,271.0,234.56,19.7,19.7,2.05,0.1,0.65,0.0381
49.7008,-97.8294,0.2912,270.9,231.26,19.8,19.8,1.35,0.1,0.65,0.0272
49.7008,-97.8242,0.2745,272.56,230.93,19.8,19.8,1.28,0.1,0.65,0.0241
49.7008,-97.819,0.2838,274.14,230.57,19.8,19.8,1.86,0.1,0.65,0.0146
49.7008,-97.8138,0.2999,275.12,230.47,19.9,19.9,2.43,0.1,0.65,0.0186
49.7008,-97.8086,0.3073,275.03,232.64,19.9,19.9,2.56,0.1,0.65,0.0175
49.7008,-97.8034,0.3268,274.48,237.36,19.9,19.9,2.71,0.1,0.65,0.0194
49.7008,-97.7982,0.3215,274.92,240.86,19.9,19.9,2.71,0.1,0.65,0.025
49.7008,-97.7931,0.3305,275.24,240.05,19.9,19.9,2.9,0.1,0.65,0.0297
49.7008,-97.7879,0.3668,274.06,236.59,19.9,19.9,3.13,0.1,0.65,0.0369
49.7008,-97.7827,0.388,271.58,231.05,19.9,19.9,2.97,0.1,0.65,0.0293
49.7008,-97.7775,0.4024,269.01,224.55,19.9,19.9,2.74,0.1,0.65,0.0265
49.7008,-97.7723,0.3776,267.88,220.68,19.9,19.9,2.35,0.1,0.65,0.0206
49.7008,-97.7671,0.3391,268.14,219.34,19.9,19.9,1.88,0.1,0.65,0.018
49.7008,-97.7619,0.3152,268.65,218.86,19.9,19.9,1.57,0.1,0.65,0.0151
49.7008,-97.7567,0.3145,268.85,218.65,19.9,19.9,1.59,0.1,0.65,0.0125
49.7008,-97.7516,0.3445,267.26,216.34,19.9,19.9,1.88,0.1,0.65,0.0178
49.7069,-98.1198,0.2497,262.51,239.89,19.6,19.6,2.58,0.71,0.21,0.022
49.7069,-98.1146,0.2377,261.57,239.92,19.6,19.6,2.83,0.73,0.19,0.022
49.7069,-98.1094,0.2327,261.16,239.36,19.6,19.6,2.79,0.74,0.18,0.0191
49.7069,-98.1043,0.224,260.49,238.21,19.6,19.6,2.88,0.76,0.15,0.0237
49.7069,-98.0991,0.2292,259.29,236.25,19.6,19.6,2.22,0.77,0.14,0.0154
49.7069,-98.0939,0.2366,258.89,234.72,19.6,19.6,1.93,0.79,0.12,0.0164
49.7069,-98.0887,0.2413,259.59,234.48,19.6,19.6,1.63,0.8,0.1,0.0173
49.7069,-98.0835,0.2309,260.71,235.97,19.6,19.6,1.58,0.79,0.11,0.0138
49.7069,-98.0783,0.2206,261.52,238.13,19.6,19.6,1.82,0.78,0.13,0.0171
49.7069,-98.0731,0.2195,261.59,238.88,19.6,19.6,2.34,0.78,0.12,0.0179
49.7069,-98.0679,0.2139,261.39,238.61,19.6,19.6,2.49,0.78,0.12,0.016
49.7069,-98.0628,0.2092,261.61,237.9,19.5,19.5,2.36,0.78,0.13,0.0187
49.7069,-98.0576,0.1911,263.25,236.36,19.5,19.5,1.98,0.8,0.1,0.0126
49.7069,-98.0524,0.1734,266.46,235.15,19.5,19.5,1.49,0.78,0.12,0.0114
49.7069,-98.0472,0.1913,268.28,236.29,19.5,19.5,1.29,0.73,0.16,0.0202
49.7069,-98.042,0.2122,268.42,238.88,19.5,19.5,1.73,0.66,0.2,0.0385
49.7069,-98.0368,0.2412,267.97,241.82,19.5,19.5,2.28,0.61,0.24,0.0193
49.7069,-98.0316,0.2619,268.35,243.63,19.5,19.5,2.94,0.53,0.28,0.0257
49.7069,-98.0265,0.2768,270.49,243.67,19.5,19.5,3.04,0.42,0.37,0.025
49.7069,-98.0213,0.2841,271.28,243.43,19.5,19.5,2.77,0.32,0.46,0.0201
49.7069,-98.0161,0.3349,270.91,242.36,19.6,19.6,2.89,0.17,0.58,0.022
49.7069,-98.0109,0.3451,270.54,241.26,19.6,19.6,2.55,0.1,0.65,0.0194
49.7069,-98.0057,0.3447,269.62,240.72,19.6,19.6,1.99,0.1,0.65,0.0199
49.7069,-98.0005,0.3287,268.07,239.83,19.6,19.6,1.44,0.1,0.65,0.0272
49.7069,-97.9953,0.3245,266.38,237.95,19.6,19.6,0.9,0.1,0.65,0.0156
49.7069,-97.9901,0.3089,266.71,236.76,19.6,19.6,0.7,0.1,0.65,0.0147
49.7069,-97.985,0.2806,270.17,238.01,19.6,19.6,0.74,0.1,0.65,0.0163
49.7069,-97.9798,0.2539,274.9,241.1,19.6,19.6,1.1,0.1,0.65,0.0168
49.7069,-97.9746,0.245,278.11,245.35,19.6,19.6,1.81,0.1,0.65,0.034
49.7069,-97.9694,0.267,277.83,247.13,19.6,19.6,2.43,0.1,0.65,0.0187
49.7069,-97.9642,0.347,273.04,243.37,19.6,19.6,2.78,0.1,0.65,0.0252
49.7069,-97.959,0.4134,268.18,236.1,19.6,19.6,2.75,0.1,0.65,0.0354
49.7069,-97.9538,0.3512,269.02,233.13,19.6,19.6,2.09,0.1,0.65,0.0253
49.7069,-97.9487,0.3172,269.87,232.99,19.6,19.6,1.54,0.1,0.65,0.0329
49.7069,-97.9435,0.2957,269.83,232.91,19.6,19.6,1.03,0.1,0.65,0.0167
49.7069,-97.9383,0.285,269.52,232.65,19.7,19.7,0.74,0.1,0.65,0.0146
49.7069,-97.9331,0.2916,268.97,233.03,19.7,19.7,0.76,0.1,0.65,0.0146
49.7069,-97.9279,0.2924,268.71,234.85,19.7,19.7,0.81,0.1,0.65,0.017
49.7069,-97.9227,0.2855,269.58,236.0,19.7,19.7,1.14,0.1,0.65,0.0189
49.7069,-97.9175,0.2616,272.57,236.17,19.7,19.7,1.19,0.1,0.65,0.0218
49.7069,-97.9123,0.2441,275.45,236.91,19.7,19.7,1.33,0.1,0.65,0.0197
49.7069,-97.9072,0.2475,275.34,236.31,19.7,19.7,1.26,0.1,0.65,0.0201
49.7069,-97.902,0.2723,272.98,233.54,19.7,19.7,1.25,0.1,0.65,0.0196
49.7069,-97.8968,0.2923,270.98,231.97,19.7,19.7,1.21,0.1,0.65,0.0171
49.7069,-97.8916,0.2788,271.61,233.18,19.7,19.7,0.9,0.1,0.65,0.0187
49.7069,-97.8864,0.2619,273.0,234.38,19.7,19.7,0.7,0.1,0.65,0.0134
49.7069,-97.8812,0.2513,274.68,236.01,19.7,19.7,0.81,0.1,0.65,0.0131
49.7069,-97.876,0.2427,277.19,238.61,19.7,19.7,1.38,0.1,0.65,0.0179
49.7069,-97.8709,0.2502,279.68,243.12,19.7,19.7,2.25,0.1,0.65,0.0434
49.7069,-97.8657,0.2655,281.04,248.81,19.7,19.7,2.96,0.1,0.65,0.0224
49.7069,-97.8605,0.2923,281.64,253.6,19.7,19.7,3.52,0.1,0.65,0.0348
49.7069,-97.8553,0.2864,281.78,254.11,19.7,19.7,3.56,0.1,0.65,0.028
49.7069,-97.8501,0.2939,280.41,250.28,19.7,19.7,3.3,0.1,0.65,0.0295
49.7069,-97.8449,0.3339,276.57,245.22,19.7,19.7,3.04,0.1,0.65,0.0248
49.7069,-97.8397,0.3393,271.76,239.65,19.7,19.7,2.3,0.1,0.65,0.0214
49.7069,-97.8345,0.3195,269.39,234.77,19.8,19.8,1.65,0.1,0.65,0.0337
49.7069,-97.8294,0.2966,270.14,233.48,19.8,19.8,1.28,0.1,0.65,0.0243
49.7069,-97.8242,0.2924,271.49,233.83,19.8,19.8,1.51,0.1,0.65,0.0292
49.7069,-97.819,0.3097,273.52,234.04,19.8,19.8,2.26,0.1,0.65,0.017
49.7069,-97.8138,0.3066,277.05,235.86,19.9,19.9,2.84,0.1,0.65,0.0266
49.7069,-97.8086,0.2718,279.29,239.78,19.9,19.9,2.68,0.1,0.65,0.0166
49.7069,-97.8034,0.2618,279.26,243.54,19.9,19.9,2.55,0.1,0.65,0.0168
49.7069,-97.7982,0.2648,278.95,244.32,19.9,19.9,2.6,0.1,0.65,0.0158
49.7069,-97.7931,0.2741,278.58,242.05,19.9,19.9,2.79,0.1,0.65,0.0247
49.7069,-97.7879,0.2895,277.41,238.49,19.9,19.9,2.88,0.1,0.65,0.0241
49.7069,-97.7827,0.3148,275.03,232.63,19.9,19.9,2.73,0.1,0.65,0.0275
49.7069,-97.7775,0.3434,271.77,225.38,19.9,19.9,2.46,0.1,0.65,0.0151
49.7069,-97.7723,0.3401,269.33,219.22,19.9,19.9,1.94,0.1,0.65,0.0196
49.7069,-97.7671,0.3362,269.12,215.38,19.9,19.9,1.81,0.1,0.65,0.0453
49.7069,-97.7619,0.3252,270.18,213.61,19.9,19.9,1.81,0.1,0.65,0.0407
49.7069,-97.7567,0.2972,271.88,212.64,19.9,19.9,1.6,0.1,0.65,0.0262
49.7069,-97.7516,0.271,274.45,211.83,19.9,19.9,1.52,0.1,0.65,0.0299
49.7129,-98.1198,0.2588,262.29,240.22,19.6,19.6,4.33,0.68,0.24,0.0374
49.7129,-98.1146,0.2455,261.76,240.28,19.6,19.6,4.56,0.71,0.2,0.041
49.7129,-98.1094,0.242,261.92,240.59,19.6,19.6,4.94,0.7,0.23,0.0377
49.7129,-98.1043,,262.33,240.26,19.6,19.6,5.25,0.73,0.19,
49.7129,-98.0991,0.2228,262.07,238.04,19.6,19.6,4.28,0.76,0.16,0.0273
49.7129,-98.0939,0.2278,261.35,235.61,19.6,19.6,3.45,0.77,0.14,0.0258
49.7129,-98.0887,0.2387,259.95,234.67,19.6,19.6,2.22,0.78,0.12,0.016
49.7129,-98.0835,0.2338,259.23,235.85,19.6,19.6,1.55,0.78,0.13,0.0154
49.7129,-98.0783,0.2287,260.27,237.9,19.6,19.6,1.6,0.77,0.13,0.0152
49.7129,-98.0731,0.2181,260.77,238.86,19.6,19.6,1.79,0.78,0.12,0.0164
49.7129,-98.0679,0.2075,259.91,238.62,19.6,19.6,1.72,0.79,0.11,0.0132
49.7129,-98.0628,0.1905,259.77,237.71,19.5,19.5,1.4,0.79,0.11,0.0108
49.7129,-98.0576,0.1791,261.39,236.19,19.5,19.5,1.28,0.77,0.13,0.0092
49.7129,-98.0524,0.1645,264.96,235.52,19.5,19.5,1.01,0.74,0.16,0.0094
49.7129,-98.0472,0.1695,268.07,237.63,19.5,19.5,0.95,0.72,0.18,0.0131
49.7129,-98.042,0.1984,269.75,240.92,19.5,19.5,1.85,0.69,0.2,0.0378
49.7129,-98.0368,0.2073,269.71,243.52,19.5,19.5,2.34,0.68,0.2,0.0527
49.7129,-98.0316,0.2254,269.29,244.39,19.5,19.5,2.56,0.63,0.22,0.017
49.7129,-98.0265,0.2434,270.32,244.38,19.5,19.5,2.52,0.47,0.34,0.0516
49.7129,-98.0213,0.307,270.67,245.5,19.5,19.5,2.29,0.28,0.5,0.0634
49.7129,-98.0161,0.3707,270.21,244.54,19.6,19.6,2.64,0.14,0.62,0.0268
49.7129,-98.0109,0.3841,269.98,242.25,19.6,19.6,2.85,0.1,0.65,0.029
49.7129,-98.0057,0.4054,269.33,240.69,19.6,19.6,2.92,0.1,0.65,0.0273
49.7129,-98.0005,0.3848,267.99,238.95,19.6,19.6,2.37,0.1,0.65,0.0203
49.7129,-97.9953,0.3645,266.54,237.19,19.6,19.6,2.0,0.1,0.65,0.0177
49.7129,-97.9901,0.3538,266.77,237.23,19.6,19.6,1.84,0.1,0.65,0.0166
49.7129,-97.985,0.3252,269.91,240.52,19.6,19.6,1.91,0.1,0.65,0.0508
49.7129,-97.9798,0.3031,274.05,245.64,19.6,19.6,2.26,0.1,0.65,0.0211
49.7129,-97.9746,0.3195,275.68,249.65,19.6,19.6,2.81,0.1,0.65,0.0252
49.7129,-97.9694,0.373,273.96,248.99,19.6,19.6,3.16,0.1,0.65,0.0399
49.7129,-97.9642,0.3873,270.45,243.12,19.6,19.6,2.73,0.1,0.65,0.0283
49.7129,-97.959,0.3654,267.93,234.81,19.6,19.6,2.06,0.1,0.65,0.0217
49.7129,-97.9538,0.3166,268.53,230.53,19.6,19.6,1.31,0.1,0.65,0.0245
49.7129,-97.9487,0.2968,268.32,230.3,19.6,19.6,0.79,0.1,0.65,0.0124
49.7129,-97.9435,0.2952,267.7,230.51,19.6,19.6,0.61,0.1,0.65,0.0147
49.7129,-97.9383,0.2953,268.0,231.03,19.7,19.7,0.69,0.1,0.65,0.0156
49.7129,-97.9331,0.2828,269.16,232.98,19.7,19.7,0.77,0.1,0.65,0.0148
49.7129,-97.9279,0.2709,269.99,236.84,19.7,19.7,0.92,0.1,0.65,0.0157
49.7129,-97.9227,0.2637,270.87,239.96,19.7,19.7,1.26,0.1,0.65,0.012
49.7129,-97.9175,0.2488,272.92,241.03,19.7,19.7,1.44,0.1,0.65,0.0106
49.7129,-97.9123,0.2427,274.95,241.24,19.7,19.7,1.71,0.1,0.65,0.0132
49.7129,-97.9072,0.2566,274.51,240.25,19.7,19.7,1.74,0.1,0.65,0.0137
49.7129,-97.902,0.2803,272.57,237.89,19.7,19.7,1.72,0.1,0.65,0.0146
49.7129,-97.8968,0.2854,272.23,235.96,19.7,19.7,1.56,0.1,0.65,0.0157
49.7129,-97.8916,0.2713,273.96,236.16,19.7,19.7,1.3,0.1,0.65,0.0231
49.7129,-97.8864,0.2538,275.43,236.51,19.7,19.7,1.12,0.1,0.65,0.0178
49.7129,-97.8812,0.2477,276.66,236.98,19.7,19.7,1.31,0.1,0.65,0.0219
49.7129,-97.876,0.2396,279.15,239.0,19.7,19.7,1.9,0.1,0.65,0.0151
49.7129,-97.8709,0.2045,283.66,244.87,19.7,19.7,2.61,0.1,0.65,0.0192
49.7129,-97.8657,0.182,285.85,250.57,19.7,19.7,3.04,0.1,0.65,0.028
49.7129,-97.8605,0.1996,285.45,253.78,19.7,19.7,3.24,0.1,0.65,0.0335
49.7129,-97.8553,0.2203,284.5,252.41,19.7,19.7,3.12,0.1,0.65,0.0239
49.7129,-97.8501,0.2253,282.46,249.79,19.7,19.7,2.48,0.1,0.65,0.0179
49.7129,-97.8449,0.2525,278.18,248.3,19.7,19.7,1.87,0.1,0.65,0.0371
49.7129,-97.8397,0.2856,272.49,244.56,19.7,19.7,1.27,0.1,0.65,0.0231
49.7129,-97.8345,0.2878,270.56,238.99,19.8,19.8,0.88,0.1,0.65,0.0169
49.7129,-97.8294,0.2793,271.84,237.32,19.8,19.8,1.0,0.1,0.65,0.016
49.7129,-97.8242,0.2934,273.05,238.54,19.8,19.8,1.66,0.1,0.65,0.0267
49.7129,-97.819,0.3174,274.25,239.76,19.8,19.8,2.4,0.1,0.65,0.0206
49.7129,-97.8138,0.3213,276.66,239.39,19.9,19.9,2.98,0.1,0.65,0.0194
49.7129,-97.8086,0.2763,279.62,241.21,19.9,19.9,2.95,0.1,0.65,0.0174
49.7129,-97.8034,0.2572,280.19,244.56,19.9,19.9,2.91,0.1,0.65,0.0128
49.7129,-97.7982,0.2749,277.88,244.46,19.9,19.9,2.85,0.1,0.65,0.0168
49.7129,-97.7931,0.3012,275.19,240.45,19.9,19.9,2.96,0.1,0.65,0.0201
49.7129,-97.7879,0.3331,273.21,234.75,19.9,19.9,3.23,0.1,0.65,0.0234
49.7129,-97.7827,0.337,272.05,228.79,19.9,19.9,2.78,0.1,0.65,0.0252
49.7129,-97.7775,0.3166,271.23,224.86,19.9,19.9,2.03,0.1,0.65,0.0395
49.7129,-97.7723,0.3288,270.3,222.33,19.9,19.9,1.84,0.1,0.65,0.0492
49.7129,-97.7671,0.3463,270.55,219.72,19.9,19.9,2.04,0.1,0.65,0.0469
49.7129,-97.7619,0.3365,272.09,217.46,19.9,19.9,2.23,0.1,0.65,0.0176
49.7129,-97.7567,0.3106,273.93,215.76,19.9,19.9,2.22,0.1,0.65,0.0195
49.7129,-97.7516,0.2677,276.34,214.1,19.9,19.9,1.85,0.1,0.65,0.0402
49.7189,-98.1198,,260.65,238.61,19.6,19.6,5.54,0.64,0.29,
49.7189,-98.1146,,260.38,238.97,19.6,19.6,5.71,0.65,0.29,
49.7189,-98.1094,,260.56,239.77,19.6,19.6,6.35,0.68,0.25,
49.7189,-98.1043,,260.85,240.09,19.6,19.6,6.81,0.72,0.2,
49.7189,-98.0991,,260.76,239.06,19.6,19.6,6.93,0.75,0.17,
49.7189,-98.0939,,260.36,237.5,19.6,19.6,5.7,0.78,0.12,
49.7189,-98.0887,0.2472,259.18,237.03,19.6,19.6,3.95,0.77,0.14,0.0302
49.7189,-98.0835,0.2459,258.78,238.08,19.6,19.6,2.49,0.77,0.13,0.0247
49.7189,-98.0783,0.2284,260.23,240.02,19.6,19.6,1.95,0.78,0.13,0.0159
49.7189,-98.0731,0.2248,260.96,241.09,19.6,19.6,1.83,0.78,0.13,0.0182
49.7189,-98.0679,0.2345,260.34,240.92,19.6,19.6,2.38,0.78,0.12,0.0165
49.7189,-98.0628,0.229,260.15,240.45,19.6,19.6,2.94,0.78,0.12,0.0189
49.7189,-98.0576,0.2084,261.64,239.78,19.5,19.5,2.63,0.77,0.12,0.0192
49.7189,-98.0524,0.1991,265.52,239.84,19.5,19.5,2.48,0.74,0.15,0.0578
49.7189,-98.0472,0.2238,267.61,241.85,19.5,19.5,1.84,0.72,0.17,0.0348
49.7189,-98.042,0.2213,267.75,243.54,19.5,19.5,2.09,0.71,0.17,0.0596
49.7189,-98.0368,0.2423,267.11,244.28,19.5,19.5,2.69,0.69,0.18,0.0817
49.7189,-98.0316,0.2751,266.29,243.84,19.5,19.5,2.83,0.57,0.26,0.0225
49.7189,-98.0265,0.3162,266.41,242.36,19.5,19.5,2.54,0.4,0.4,0.0221
49.7189,-98.0213,0.3739,266.91,242.06,19.5,19.5,2.27,0.24,0.53,0.0244
49.7189,-98.0161,0.419,269.14,242.93,19.6,19.6,2.73,0.14,0.62,0.0399
49.7189,-98.0109,0.4131,270.73,242.43,19.6,19.6,2.95,0.1,0.65,0.0319
49.7189,-98.0057,0.4374,270.62,241.09,19.6,19.6,3.11,0.1,0.65,0.0294
49.7189,-98.0005,0.4077,269.88,239.69,19.6,19.6,2.8,0.1,0.65,0.0292
49.7189,-97.9953,0.3713,269.17,239.83,19.6,19.6,2.45,0.1,0.65,0.0204
49.7189,-97.9901,0.3489,269.44,241.5,19.6,19.6,2.18,0.1,0.65,0.0174
49.7189,-97.985,0.3355,271.57,244.24,19.6,19.6,2.35,0.1,0.65,0.02
49.7189,-97.9798,0.3275,274.27,247.29,19.6,19.6,2.68,0.1,0.65,0.0283
49.7189,-97.9746,0.3526,275.1,248.62,19.6,19.6,3.06,0.1,0.65,0.0308
49.7189,-97.9694,0.3887,273.65,246.42,19.6,19.6,3.25,0.1,0.65,0.0385
49.7189,-97.9642,0.3813,270.17,240.76,19.6,19.6,2.67,0.1,0.65,0.0304
49.7189,-97.959,0.3588,267.08,233.83,19.6,19.6,1.88,0.1,0.65,0.0405
49.7189,-97.9538,0.3134,267.65,231.28,19.6,19.6,1.05,0.1,0.65,0.023
49.7189,-97.9487,0.3013,267.56,231.23,19.6,19.6,0.69,0.1,0.65,0.0166
49.7189,-97.9435,0.3071,266.79,231.27,19.6,19.6,0.68,0.1,0.65,0.0176
49.7189,-97.9383,0.3004,267.78,231.59,19.7,19.7,0.68,0.1,0.65,0.0153
49.7189,-97.9331,0.2826,270.13,233.94,19.7,19.7,0.8,0.1,0.65,0.016
49.7189,-97.9279,0.2814,271.1,238.92,19.7,19.7,1.18,0.1,0.65,0.0177
49.7189,-97.9227,0.2823,272.24,242.93,19.7,19.7,1.64,0.1,0.65,0.012
49.7189,-97.9175,0.2784,274.54,244.39,19.7,19.7,2.22,0.1,0.65,0.014
49.7189,-97.9123,0.2701,276.13,244.71,19.7,19.7,2.35,0.1,0.65,0.0133
49.7189,-97.9072,0.2909,275.41,243.71,19.7,19.7,2.62,0.1,0.65,0.0164
49.7189,-97.902,0.3262,273.5,241.43,19.7,19.7,2.79,0.1,0.65,0.0242
49.7189,-97.8968,0.3155,272.96,239.02,19.7,19.7,2.35,0.1,0.65,0.0171
49.7189,-97.8916,0.273,274.88,238.51,19.7,19.7,1.7,0.1,0.65,0.0285
49.7189,-97.8864,0.2486,276.67,238.68,19.7,19.7,1.26,0.1,0.65,0.0179
49.7189,-97.8812,0.2402,277.98,238.78,19.7,19.7,1.46,0.1,0.65,0.0304
49.7189,-97.876,0.2333,280.22,239.65,19.7,19.7,2.03,0.1,0.65,0.0126
49.7189,-97.8709,0.1948,284.08,243.77,19.7,19.7,2.63,0.1,0.65,0.0182
49.7189,-97.8657,0.1807,285.15,248.4,19.7,19.7,2.82,0.1,0.65,0.0214
49.7189,-97.8605,0.2356,282.67,249.25,19.7,19.7,2.96,0.1,0.65,0.0174
49.7189,-97.8553,0.2717,279.87,245.18,19.7,19.7,2.92,0.1,0.65,0.0179
49.7189,-97.8501,0.2687,277.99,241.62,19.7,19.7,2.32,0.1,0.65,0.0164
49.7189,-97.8449,0.2654,275.78,242.0,19.7,19.7,1.57,0.1,0.65,0.0279
49.7189,-97.8397,0.262,274.06,244.19,19.8,19.8,1.01,0.1,0.65,0.0157
49.7189,-97.8345,0.2559,274.89,242.82,19.8,19.8,1.04,0.1,0.65,0.0168
49.7189,-97.8294,0.2605,276.18,242.14,19.8,19.8,1.57,0.1,0.65,0.0279
49.7189,-97.8242,0.2748,276.97,243.48,19.8,19.8,2.19,0.1,0.65,0.0157
49.7189,-97.819,0.3003,276.82,244.44,19.8,19.8,2.67,0.1,0.65,0.0211
49.7189,-97.8138,0.3192,276.99,243.26,19.9,19.9,3.09,0.1,0.65,0.0334
49.7189,-97.8086,0.2806,279.48,243.51,19.9,19.9,3.02,0.1,0.65,0.0189
49.7189,-97.8034,0.256,280.7,246.16,19.9,19.9,2.94,0.1,0.65,0.0163
49.7189,-97.7982,0.2813,278.45,245.55,19.9,19.9,3.0,0.1,0.65,0.0159
49.7189,-97.7931,0.3323,274.85,240.69,19.9,19.9,3.19,0.1,0.65,0.025
49.7189,-97.7879,0.3808,272.11,234.65,19.9,19.9,3.32,0.1,0.65,0.0382
49.7189,-97.7827,0.3752,271.2,230.2,19.9,19.9,2.93,0.1,0.65,0.0322
49.7189,-97.7775,0.34,271.58,228.72,19.9,19.9,2.34,0.1,0.65,0.0695
49.7189,-97.7723,0.3351,271.6,228.69,19.9,19.9,2.13,0.1,0.65,0.0599
49.7189,-97.7671,0.3561,271.32,227.51,19.9,19.9,2.41,0.1,0.65,0.0264
49.7189,-97.7619,0.3741,271.42,225.64,19.9,19.9,2.68,0.1,0.65,0.0293
49.7189,-97.7567,0.3593,271.62,224.27,19.9,19.9,2.59,0.1,0.65,0.0295
49.7189,-97.7516,0.3355,270.63,223.9,19.9,19.9,2.08,0.1,0.65,0.0471
49.7249,-98.1198,0.3051,259.76,235.97,19.6,19.6,4.12,0.6,0.33,0.0359
49.7249,-98.1146,0.294,259.68,236.37,19.6,19.6,3.89,0.65,0.27,0.0386
49.7249,-98.1094,,259.63,237.56,19.6,19.6,4.02,0.69,0.23,
49.7249,-98.1043,,259.98,238.88,19.6,19.6,4.71,0.73,0.18,
49.7249,-98.0991,,260.39,239.45,19.6,19.6,5.71,0.77,0.14,
49.7249,-98.0939,,259.62,239.01,19.6,19.6,5.27,0.78,0.12,
49.7249,-98.0887,,258.64,238.8,19.6,19.6,4.16,0.79,0.12,
49.7249,-98.0835,0.2525,259.24,239.54,19.6,19.6,2.88,0.79,0.11,0.0244
49.7249,-98.0783,0.2424,261.15,241.47,19.6,19.6,2.17,0.79,0.11,0.0695
49.7249,-98.0731,0.235,262.3,243.15,19.6,19.6,1.97,0.78,0.12,0.0438
49.7249,-98.0679,0.2421,262.25,243.62,19.6,19.6,2.24,0.78,0.12,0.0475
49.7249,-98.0628,0.2568,262.83,243.56,19.6,19.6,3.12,0.77,0.13,0.1535
49.7249,-98.0576,0.2345,265.62,242.68,19.5,19.5,3.4,0.75,0.14,0.0358
49.7249,-98.0524,0.2007,268.43,241.89,19.5,19.5,3.36,0.73,0.15,0.0192
49.7249,-98.0472,0.2062,267.97,242.77,19.5,19.5,3.06,0.73,0.14,0.0227
49.7249,-98.042,0.254,266.46,243.73,19.5,19.5,3.17,0.65,0.19,0.0244
49.7249,-98.0368,0.3172,265.31,243.52,19.5,19.5,3.42,0.52,0.3,0.0403
49.7249,-98.0316,0.3604,264.61,241.87,19.5,19.5,3.06,0.36,0.43,0.0431
49.7249,-98.0265,0.3936,264.55,239.35,19.5,19.5,2.12,0.19,0.56,0.0618
49.7249,-98.0213,0.3689,265.21,237.36,19.5,19.5,1.74,0.11,0.63,0.0376
49.7249,-98.0161,0.3362,268.49,237.15,19.6,19.6,1.79,0.1,0.65,0.0435
49.7249,-98.0109,0.3135,270.96,238.32,19.6,19.6,1.97,0.1,0.65,0.0396
49.7249,-98.0057,0.327,270.84,239.1,19.6,19.6,2.23,0.1,0.65,0.0201
49.7249,-98.0005,0.3526,269.08,239.86,19.6,19.6,2.18,0.1,0.65,0.0209
49.7249,-97.9953,0.3544,268.33,240.75,19.6,19.6,2.01,0.1,0.65,0.02
49.7249,-97.9901,0.3134,270.14,241.28,19.6,19.6,1.59,0.1,0.65,0.0312
49.7249,-97.985,0.2805,272.98,242.03,19.6,19.6,1.34,0.1,0.65,0.0198
49.7249,-97.9798,0.2672,275.25,243.15,19.6,19.6,1.59,0.1,0.65,0.0262
49.7249,-97.9746,0.2763,276.05,243.8,19.6,19.6,2.05,0.1,0.65,0.017
49.7249,-97.9694,0.304,274.87,242.55,19.6,19.6,2.53,0.1,0.65,0.0237
49.7249,-97.9642,0.3455,271.62,239.2,19.6,19.6,2.73,0.1,0.65,0.0216
49.7249,-97.959,0.3603,269.05,235.11,19.6,19.6,2.49,0.1,0.65,0.0218
49.7249,-97.9538,0.3316,269.6,234.01,19.6,19.6,2.16,0.1,0.65,0.0209
49.7249,-97.9487,0.3299,269.61,234.12,19.6,19.6,2.07,0.1,0.65,0.0163
49.7249,-97.9435,0.3355,269.03,234.28,19.6,19.6,2.09,0.1,0.65,0.018
49.7249,-97.9383,0.3323,269.25,234.31,19.7,19.7,2.07,0.1,0.65,0.0175
49.7249,-97.9331,0.3193,270.51,236.14,19.7,19.7,2.2,0.1,0.65,0.0177
49.7249,-97.9279,0.3278,271.07,240.81,19.7,19.7,2.32,0.1,0.65,0.0189
49.7249,-97.9227,0.3252,272.0,244.97,19.7,19.7,2.67,0.1,0.65,0.0252
49.7249,-97.9175,0.318,273.53,245.89,19.7,19.7,2.89,0.1,0.65,0.0219
49.7249,-97.9123,0.32,274.43,245.43,19.7,19.7,2.9,0.1,0.65,0.0256
49.7249,-97.9072,0.3663,273.35,244.4,19.7,19.7,3.02,0.1,0.65,0.0247
49.7249,-97.902,0.4097,271.62,241.9,19.7,19.7,3.22,0.1,0.65,0.0448
49.7249,-97.8968,0.3485,272.18,238.83,19.7,19.7,2.66,0.1,0.65,0.0284
49.7249,-97.8916,0.2802,274.73,238.09,19.7,19.7,1.78,0.1,0.65,0.0298
49.7249,-97.8864,0.2398,277.12,238.35,19.7,19.7,1.23,0.1,0.65,0.0222
49.7249,-97.8812,0.2149,279.47,238.54,19.7,19.7,1.17,0.1,0.65,0.024
49.7249,-97.876,0.1958,281.63,239.97,19.7,19.7,1.55,0.1,0.65,0.0316
49.7249,-97.8709,0.2069,281.83,241.96,19.7,19.7,2.05,0.1,0.65,0.0188
49.7249,-97.8657,0.2369,281.18,243.27,19.7,19.7,2.37,0.1,0.65,0.0125
49.7249,-97.8605,0.2793,278.87,243.12,19.7,19.7,2.74,0.1,0.65,0.0169
49.7249,-97.8553,0.3219,276.17,240.5,19.7,19.7,2.88,0.1,0.65,0.0246
49.7249,-97.8501,0.3024,274.84,237.44,19.7,19.7,2.35,0.1,0.65,0.0194
49.7249,-97.8449,0.2677,274.75,237.83,19.7,19.7,1.57,0.1,0.65,0.0266
49.7249,-97.8397,0.2498,276.19,241.24,19.7,19.7,1.32,0.1,0.65,0.0191
49.7249,-97.8345,0.2384,278.58,243.29,19.8,19.8,1.76,0.1,0.65,0.0291
49.7249,-97.8294,0.2461,279.72,243.76,19.8,19.8,2.28,0.1,0.65,0.0189
49.7249,-97.8242,0.2643,279.88,244.17,19.8,19.8,2.77,0.1,0.65,0.0188
49.7249,-97.819,0.274,279.16,243.91,19.8,19.8,2.81,0.1,0.65,0.0177
49.7249,-97.8138,0.2798,278.48,242.64,19.9,19.9,2.76,0.1,0.65,0.0204
49.7249,-97.8086,0.258,280.19,243.51,19.9,19.9,2.73,0.1,0.65,0.0157
49.7249,-97.8034,0.2379,281.84,247.08,19.9,19.9,2.65,0.1,0.65,0.0184
49.7249,-97.7982,0.2569,280.07,246.9,19.9,19.9,2.61,0.1,0.65,0.0138
49.7249,-97.7931,0.3064,276.34,242.48,19.9,19.9,2.72,0.1,0.65,0.0177
49.7249,-97.7879,0.3603,273.07,238.26,19.9,19.9,2.92,0.1,0.65,0.0259
49.7249,-97.7827,0.3762,271.86,236.23,19.9,19.9,2.81,0.1,0.65,0.0212
49.7249,-97.7775,0.3541,272.73,235.32,19.9,19.9,2.68,0.1,0.65,0.0258
49.7249,-97.7723,0.3469,273.26,233.28,19.9,19.9,2.66,0.1,0.65,0.021
49.7249,-97.7671,0.3776,272.91,230.45,19.9,19.9,3.03,0.1,0.65,0.0344
49.7249,-97.7619,0.3891,272.69,228.72,19.9,19.9,3.07,0.1,0.65,0.0353
49.7249,-97.7567,0.3505,272.38,227.81,19.9,19.9,2.63,0.1,0.65,0.0242
49.7249,-97.7516,0.3171,272.02,227.14,19.9,19.9,2.06,0.1,0.65,0.0391
49.7309,-98.1198,0.2484,262.42,236.06,19.6,19.6,1.71,0.69,0.22,0.041
49.7309,-98.1146,0.2529,260.39,236.16,19.6,19.6,1.72,0.72,0.19,0.0178
49.7309,-98.1094,0.2574,259.26,237.03,19.6,19.6,1.77,0.74,0.17,0.0144
49.7309,-98.1043,0.241,259.77,238.29,19.6,19.6,2.15,0.77,0.14,0.0159
49.7309,-98.0991,0.2317,260.99,238.91,19.6,19.6,2.45,0.77,0.13,0.019
49.7309,-98.0939,0.2267,261.42,238.69,19.6,19.6,2.4,0.78,0.13,0.0158
49.7309,-98.0887,0.2349,261.22,239.06,19.6,19.6,2.35,0.79,0.11,0.016
49.7309,-98.0835,0.2235,261.96,240.89,19.6,19.6,1.93,0.8,0.1,0.0478
49.7309,-98.0783,0.2142,263.43,243.08,19.6,19.6,1.92,0.8,0.1,0.0406
49.7309,-98.0731,0.2127,264.09,243.93,19.6,19.6,1.77,0.77,0.13,0.0338
49.7309,-98.0679,0.2327,264.11,243.74,19.5,19.5,2.1,0.73,0.16,0.0497
49.7309,-98.0628,0.2476,264.77,243.6,19.5,19.5,2.59,0.69,0.19,0.06
49.7309,-98.0576,0.2364,266.61,243.32,19.5,19.5,2.8,0.68,0.2,0.0163
49.7309,-98.0524,0.2317,267.59,242.22,19.5,19.5,3.07,0.67,0.2,0.0275
49.7309,-98.0472,0.2552,265.02,241.56,19.5,19.5,3.45,0.61,0.24,0.0229
49.7309,-98.042,0.3305,262.46,242.04,19.5,19.5,3.43,0.51,0.32,0.0387
49.7309,-98.0368,0.3947,262.44,241.8,19.5,19.5,3.16,0.33,0.46,0.0435
49.7309,-98.0316,0.4106,263.62,239.27,19.5,19.5,2.43,0.18,0.58,0.0319
49.7309,-98.0265,0.3949,264.41,235.73,19.5,19.5,1.98,0.1,0.65,0.0633
49.7309,-98.0213,0.3561,265.64,233.29,19.5,19.5,1.63,0.1,0.65,0.0396
49.7309,-98.0161,0.3157,268.7,233.28,19.6,19.6,1.54,0.1,0.65,0.0328
49.7309,-98.0109,0.3112,269.97,234.23,19.6,19.6,1.71,0.1,0.65,0.0128
49.7309,-98.0057,0.3398,269.13,234.97,19.6,19.6,2.05,0.1,0.65,0.0198
49.7309,-98.0005,0.3784,266.96,236.15,19.6,19.6,2.18,0.1,0.65,0.0202
49.7309,-97.9953,0.369,266.1,237.68,19.6,19.6,1.88,0.1,0.65,0.0511
49.7309,-97.9901,0.3095,268.74,238.24,19.6,19.6,1.25,0.1,0.65,0.0246
49.7309,-97.985,0.2634,272.09,237.95,19.6,19.6,0.76,0.1,0.65,0.0143
49.7309,-97.9798,0.2543,273.67,238.3,19.6,19.6,0.76,0.1,0.65,0.0157
49.7309,-97.9746,0.2736,273.01,239.51,19.6,19.6,1.2,0.1,0.65,0.0185
49.7309,-97.9694,0.3103,271.12,239.77,19.6,19.6,1.77,0.1,0.65,0.0152
49.7309,-97.9642,0.3489,269.99,238.31,19.6,19.6,2.52,0.1,0.65,0.0208
49.7309,-97.959,0.3569,271.01,235.63,19.6,19.6,2.83,0.1,0.65,0.0216
49.7309,-97.9538,0.3492,271.57,233.78,19.6,19.6,3.09,0.1,0.65,0.0253
49.7309,-97.9487,0.3555,271.06,233.56,19.6,19.6,3.22,0.1,0.65,0.0299
49.7309,-97.9435,0.3592,270.56,234.02,19.6,19.6,3.23,0.1,0.65,0.029
49.7309,-97.9383,0.3509,271.15,234.65,19.6,19.6,3.05,0.1,0.65,0.025
49.7309,-97.9331,0.3207,273.69,237.11,19.7,19.7,3.1,0.1,0.65,0.0217
49.7309,-97.9279,0.3146,274.97,242.23,19.7,19.7,3.11,0.1,0.65,0.0222
49.7309,-97.9227,0.327,274.39,244.75,19.7,19.7,3.28,0.1,0.65,0.0263
49.7309,-97.9175,0.3159,273.83,244.13,19.7,19.7,2.94,0.1,0.65,0.0182
49.7309,-97.9123,0.3116,273.42,242.99,19.7,19.7,2.48,0.1,0.65,0.0183
49.7309,-97.9072,0.3374,272.43,241.63,19.7,19.7,2.44,0.1,0.65,0.0198
49.7309,-97.902,0.3696,271.36,239.15,19.7,19.7,2.68,0.1,0.65,0.0302
49.7309,-97.8968,0.3577,271.85,237.94,19.7,19.7,2.63,0.1,0.65,0.0225
49.7309,-97.8916,0.2995,274.2,238.62,19.7,19.7,2.14,0.1,0.65,0.0168
49.7309,-97.8864,0.2577,276.1,237.67,19.7,19.7,1.56,0.1,0.65,0.0261
49.7309,-97.8812,0.2312,277.96,236.48,19.7,19.7,1.18,0.1,0.65,0.0192
49.7309,-97.876,0.2188,278.75,236.12,19.7,19.7,1.18,0.1,0.65,0.0238
49.7309,-97.8709,0.2409,277.58,236.4,19.7,19.7,1.47,0.1,0.65,0.0281
49.7309,-97.8657,0.264,276.58,236.41,19.7,19.7,2.06,0.1,0.65,0.0128
49.7309,-97.8605,0.3084,274.4,236.13,19.7,19.7,2.53,0.1,0.65,0.0153
49.7309,-97.8553,0.3443,271.21,235.06,19.7,19.7,2.5,0.1,0.65,0.0245
49.7309,-97.8501,0.3403,269.15,233.85,19.7,19.7,1.97,0.1,0.65,0.0226
49.7309,-97.8449,0.3029,269.27,234.49,19.7,19.7,1.29,0.1,0.65,0.0256
49.7309,-97.8397,0.28,272.02,237.04,19.7,19.7,1.29,0.1,0.65,0.0234
49.7309,-97.8345,0.2641,276.4,239.37,19.8,19.8,1.95,0.1,0.65,0.0155
49.7309,-97.8294,0.2647,278.77,240.43,19.8,19.8,2.55,0.1,0.65,0.026
49.7309,-97.8242,0.2714,279.21,240.96,19.8,19.8,2.74,0.1,0.65,0.0207
49.7309,-97.819,0.2698,278.35,240.49,19.9,19.9,2.5,0.1,0.65,0.0154
49.7309,-97.8138,0.2776,277.6,238.76,19.9,19.9,2.54,0.1,0.65,0.0182
49.7309,-97.8086,0.2661,278.77,239.09,19.9,19.9,2.53,0.1,0.65,0.0152
49.7309,-97.8034,0.2445,280.05,241.95,19.9,19.9,2.5,0.1,0.65,0.0153
49.7309,-97.7982,0.2468,279.18,242.45,19.9,19.9,2.38,0.1,0.65,0.0163
49.7309,-97.7931,0.265,276.87,240.42,19.9,19.9,2.3,0.1,0.65,0.0165
49.7309,-97.7879,0.2953,274.42,240.39,19.9,19.9,2.43,0.1,0.65,0.0164
49.7309,-97.7827,0.3352,273.04,242.14,19.9,19.9,2.55,0.1,0.65,0.0207
49.7309,-97.7775,0.3428,273.25,242.02,19.9,19.9,2.75,0.1,0.65,0.0206
49.7309,-97.7723,0.372,273.15,238.76,19.9,19.9,3.05,0.1,0.65,0.0285
49.7309,-97.7671,0.4252,272.32,234.74,19.9,19.9,3.45,0.1,0.65,0.0566
49.7309,-97.7619,0.4283,271.43,231.95,19.9,19.9,3.28,0.1,0.65,0.035
49.7309,-97.7567,0.3794,270.16,229.52,19.9,19.9,2.67,0.1,0.65,0.0328
49.7309,-97.7516,0.3502,268.0,226.55,19.9,19.9,1.94,0.1,0.65,0.0446
49.737,-98.1198,0.2148,262.8,236.3,19.6,19.6,1.29,0.78,0.12,0.0107
49.737,-98.1146,0.2291,260.0,235.73,19.6,19.6,1.44,0.78,0.13,0.013
49.737,-98.1094,0.2345,258.81,236.24,19.6,19.6,1.57,0.78,0.12,0.0147
49.737,-98.1043,0.2148,259.32,237.23,19.6,19.6,1.66,0.79,0.11,0.0131
49.737,-98.0991,0.207,260.83,238.36,19.6,19.6,1.82,0.78,0.12,0.0148
49.737,-98.0939,0.2064,262.22,239.19,19.6,19.6,2.06,0.77,0.14,0.0132
49.737,-98.0887,0.2204,262.64,240.21,19.6,19.6,3.01,0.76,0.14,0.0211
49.737,-98.0835,,263.25,242.12,19.6,19.6,3.68,0.78,0.12,
49.737,-98.0783,,264.3,243.95,19.6,19.6,3.65,0.78,0.12,
49.737,-98.0731,0.212,263.92,244.14,19.6,19.6,2.95,0.76,0.13,0.1241
49.737,-98.0679,0.2252,263.21,243.39,19.5,19.5,2.5,0.74,0.16,0.0634
49.737,-98.0628,0.2409,263.46,242.78,19.5,19.5,2.3,0.68,0.2,0.061
49.737,-98.0576,0.2338,264.48,242.49,19.5,19.5,2.61,0.67,0.21,0.0814
49.737,-98.0524,0.2356,264.82,242.45,19.5,19.5,2.85,0.62,0.24,0.0912
49.737,-98.0472,0.2783,263.3,241.96,19.5,19.5,2.59,0.5,0.34,0.072
49.737,-98.042,0.367,261.29,240.99,19.5,19.5,2.71,0.33,0.47,0.1102
49.737,-98.0368,0.4244,260.93,239.21,19.5,19.5,2.25,0.17,0.59,0.032
49.737,-98.0316,0.4038,262.87,235.01,19.5,19.5,2.02,0.1,0.65,0.0195
49.737,-98.0265,0.3874,263.42,230.58,19.5,19.5,1.88,0.1,0.65,0.0225
49.737,-98.0213,0.3851,263.65,227.65,19.6,19.6,1.92,0.1,0.65,0.02
49.737,-98.0161,0.3852,265.46,228.38,19.6,19.6,2.26,0.1,0.65,0.0195
49.737,-98.0109,0.3824,266.19,229.97,19.6,19.6,2.34,0.1,0.65,0.0234
49.737,-98.0057,0.3808,265.73,230.73,19.6,19.6,2.31,0.1,0.65,0.0256
49.737,-98.0005,0.3727,264.24,230.95,19.6,19.6,1.97,0.1,0.65,0.0224
49.737,-97.9953,0.3758,262.67,231.44,19.6,19.6,1.7,0.1,0.65,0.0447
49.737,-97.9901,0.3604,263.54,231.63,19.6,19.6,1.42,0.1,0.65,0.029
49.737,-97.985,0.3204,266.54,232.31,19.6,19.6,1.14,0.1,0.65,0.023
49.737,-97.9798,0.3001,269.2,234.89,19.6,19.6,1.13,0.1,0.65,0.0238
49.737,-97.9746,0.3063,270.1,238.22,19.6,19.6,1.44,0.1,0.65,0.0271
49.737,-97.9694,0.3295,269.86,238.9,19.6,19.6,1.84,0.1,0.65,0.0477
49.737,-97.9642,0.3557,269.01,236.31,19.6,19.6,2.11,0.1,0.65,0.0213
49.737,-97.959,0.3558,268.85,231.74,19.6,19.6,2.26,0.1,0.65,0.0197
49.737,-97.9538,0.3406,269.26,229.58,19.6,19.6,2.33,0.1,0.65,0.0158
49.737,-97.9487,0.3538,268.51,229.87,19.6,19.6,2.43,0.1,0.65,0.019
49.737,-97.9435,0.3564,267.92,231.33,19.6,19.6,2.53,0.1,0.65,0.0227
49.737,-97.9383,0.3491,269.5,233.79,19.7,19.7,2.55,0.1,0.65,0.021
49.737,-97.9331,0.3179,273.59,238.47,19.7,19.7,2.72,0.1,0.65,0.0189
49.737,-97.9279,0.3119,275.82,243.11,19.7,19.7,3.13,0.1,0.65,0.023
49.737,-97.9227,0.3219,275.63,243.72,19.7,19.7,3.07,0.1,0.65,0.0205
49.737,-97.9175,0.3369,273.33,241.22,19.7,19.7,2.86,0.1,0.65,0.025
49.737,-97.9123,0.3547,271.06,238.79,19.7,19.7,2.4,0.1,0.65,0.0702
49.737,-97.9072,0.3681,269.35,235.57,19.7,19.7,2.2,0.1,0.65,0.0521
49.737,-97.902,0.3848,267.4,231.88,19.7,19.7,2.16,0.1,0.65,0.085
49.737,-97.8968,0.391,267.11,231.86,19.7,19.7,2.3,0.1,0.65,0.0196
49.737,-97.8916,0.3686,269.31,234.43,19.7,19.7,2.5,0.1,0.65,0.0219
49.737,-97.8864,0.3163,271.73,234.47,19.7,19.7,2.16,0.1,0.65,0.0179
49.737,-97.8812,0.2729,274.06,232.55,19.7,19.7,1.59,0.1,0.65,0.0146
49.737,-97.876,0.2565,274.48,230.37,19.7,19.7,1.22,0.1,0.65,0.0226
49.737,-97.8709,0.27,272.66,230.25,19.7,19.7,1.13,0.1,0.65,0.0217
49.737,-97.8657,0.3027,271.01,230.51,19.7,19.7,1.58,0.1,0.65,0.0303
49.737,-97.8605,0.3572,268.42,229.97,19.7,19.7,2.0,0.1,0.65,0.0219
49.737,-97.8553,0.397,265.4,229.42,19.7,19.7,2.09,0.1,0.65,0.0194
49.737,-97.8501,0.3907,263.54,229.07,19.7,19.7,1.75,0.1,0.65,0.0185
49.737,-97.8449,0.3469,264.11,229.56,19.7,19.7,1.19,0.1,0.65,0.0267
49.737,-97.8397,0.3052,268.67,232.03,19.7,19.7,1.1,0.1,0.65,0.0203
49.737,-97.8345,0.2745,274.01,234.75,19.8,19.8,1.48,0.1,0.65,0.0251
49.737,-97.8294,0.2772,276.01,236.23,19.8,19.8,2.04,0.1,0.65,0.0207
49.737,-97.8242,0.2971,276.11,237.3,19.8,19.8,2.5,0.1,0.65,0.0197
49.737,-97.819,0.3084,275.08,237.99,19.9,19.9,2.55,0.1,0.65,0.0219
49.737,-97.8138,0.3094,274.65,237.67,19.9,19.9,2.43,0.1,0.65,0.0219
49.737,-97.8086,0.2829,276.14,237.03,19.9,19.9,2.28,0.1,0.65,0.0147
49.737,-97.8034,0.2599,277.16,236.75,19.9,19.9,1.99,0.1,0.65,0.0132
49.737,-97.7982,0.2449,277.06,235.96,19.9,19.9,1.69,0.1,0.65,0.0115
49.737,-97.7931,0.247,276.69,236.29,19.9,19.9,1.59,0.1,0.65,0.0104
49.737,-97.7879,0.2584,276.09,240.38,19.9,19.9,1.69,0.11,0.62,0.0139
49.737,-97.7827,0.2834,275.12,244.8,19.9,19.9,1.97,0.11,0.61,0.0124
49.737,-97.7775,0.3384,274.22,244.75,19.9,19.9,2.45,0.11,0.61,0.0261
49.737,-97.7723,0.352,273.21,240.46,19.9,19.9,2.7,0.1,0.64,0.0254
49.737,-97.7671,0.3743,272.16,235.79,19.9,19.9,2.89,0.1,0.65,0.0349
49.737,-97.7619,0.3748,270.78,232.67,19.9,19.9,2.52,0.1,0.65,0.0346
49.737,-97.7567,0.3391,269.25,230.67,19.9,19.9,1.84,0.1,0.65,0.0438
49.737,-97.7516,0.3272,268.01,229.06,19.9,19.9,1.48,0.1,0.65,0.0301
49.743,-98.1198,0.2437,259.39,235.71,19.6,19.6,1.91,0.74,0.18,0.0138
49.743,-98.1146,0.2497,257.93,235.14,19.6,19.6,1.8,0.76,0.16,0.0145
49.743,-98.1094,0.2546,257.17,235.37,19.6,19.6,2.06,0.76,0.15,0.0199
49.743,-98.1043,0.2316,256.58,236.07,19.6,19.6,2.13,0.78,0.12,0.0183
49.743,-98.0991,0.2301,257.12,237.56,19.6,19.6,2.01,0.77,0.13,0.0148
49.743,-98.0939,0.2229,258.46,239.55,19.6,19.6,2.76,0.76,0.14,0.0213
49.743,-98.0887,0.2476,259.55,241.78,19.6,19.6,3.61,0.76,0.15,0.0264
49.743,-98.0835,,260.99,243.71,19.6,19.6,4.5,0.76,0.14,
49.743,-98.0783,,262.59,244.57,19.6,19.6,4.63,0.77,0.13,
49.743,-98.0731,0.2608,261.94,244.09,19.6,19.6,3.35,0.74,0.16,0.0218
49.743,-98.0679,0.2834,260.72,242.94,19.5,19.5,2.57,0.72,0.18,0.0258
49.743,-98.0628,0.2805,260.55,241.71,19.5,19.5,2.06,0.69,0.21,0.0161
49.743,-98.0576,0.2641,261.23,240.91,19.5,19.5,2.04,0.64,0.25,0.0151
49.743,-98.0524,0.287,262.02,241.29,19.5,19.5,2.15,0.51,0.34,0.0177
49.743,-98.0472,0.3666,262.35,241.73,19.5,19.5,2.56,0.34,0.47,0.0231
49.743,-98.042,0.4635,261.28,238.97,19.5,19.5,2.86,0.18,0.59,0.0348
49.743,-98.0368,0.4661,259.3,233.37,19.5,19.5,2.24,0.1,0.65,0.0294
49.743,-98.0316,0.4327,258.3,227.18,19.5,19.5,1.7,0.1,0.65,0.0521
49.743,-98.0265,0.4198,256.91,221.22,19.5,19.5,1.39,0.1,0.65,0.0397
49.743,-98.0213,0.4244,256.4,220.39,19.6,19.6,1.47,0.1,0.65,0.0398
49.743,-98.0161,0.4021,260.1,222.79,19.6,19.6,1.8,0.1,0.65,0.0223
49.743,-98.0109,0.3729,261.65,223.67,19.6,19.6,1.84,0.1,0.65,0.0163
49.743,-98.0057,0.3594,261.22,224.03,19.6,19.6,1.74,0.1,0.65,0.0174
49.743,-98.0005,0.3661,259.86,225.01,19.6,19.6,1.57,0.1,0.65,0.0352
49.743,-97.9953,0.3834,258.39,226.1,19.6,19.6,1.39,0.1,0.65,0.0358
49.743,-97.9901,0.3988,258.91,226.84,19.6,19.6,1.48,0.1,0.65,0.041
49.743,-97.985,0.412,262.39,229.67,19.6,19.6,1.92,0.1,0.65,0.0201
49.743,-97.9798,0.3767,266.93,235.11,19.6,19.6,2.2,0.1,0.65,0.0152
49.743,-97.9746,0.369,270.02,240.29,19.6,19.6,2.54,0.1,0.65,0.0246
49.743,-97.9694,0.3776,270.95,240.75,19.6,19.6,2.76,0.1,0.65,0.0294
49.743,-97.9642,0.3798,268.73,235.66,19.6,19.6,2.36,0.1,0.65,0.0232
49.743,-97.959,0.386,265.05,227.75,19.6,19.6,2.0,0.1,0.65,0.0455
49.743,-97.9538,0.3559,264.42,224.86,19.6,19.6,1.4,0.1,0.65,0.0364
49.743,-97.9487,0.3391,264.17,225.81,19.6,19.6,1.11,0.1,0.65,0.0205
49.743,-97.9435,0.3495,264.42,228.51,19.6,19.6,1.25,0.1,0.65,0.0323
49.743,-97.9383,0.3497,266.9,233.09,19.7,19.7,1.85,0.1,0.65,0.0397
49.743,-97.9331,0.3338,270.97,238.71,19.7,19.7,2.39,0.1,0.65,0.0198
49.743,-97.9279,0.3348,272.65,242.29,19.7,19.7,2.66,0.1,0.65,0.0234
49.743,-97.9227,0.3647,270.8,240.86,19.7,19.7,2.63,0.1,0.65,0.0215
49.743,-97.9175,0.4459,266.96,236.75,19.7,19.7,2.86,0.1,0.65,0.0309
49.743,-97.9123,0.4604,264.56,233.43,19.7,19.7,2.64,0.1,0.65,0.0326
49.743,-97.9072,0.4276,263.3,230.13,19.7,19.7,2.16,0.1,0.65,0.0807
49.743,-97.902,0.4026,262.2,227.4,19.7,19.7,1.82,0.1,0.65,0.056
49.743,-97.8968,0.3634,263.5,227.88,19.7,19.7,1.49,0.1,0.65,0.036
49.743,-97.8916,0.3633,265.97,229.45,19.7,19.7,1.89,0.1,0.65,0.0167
49.743,-97.8864,0.3358,268.07,229.3,19.7,19.7,2.04,0.1,0.65,0.0161
49.743,-97.8812,0.2943,269.58,227.86,19.7,19.7,1.61,0.1,0.65,0.0151
49.743,-97.876,0.271,269.22,226.38,19.7,19.7,0.95,0.1,0.65,0.0178
49.743,-97.8709,0.2726,268.35,226.83,19.7,19.7,0.62,0.1,0.65,0.0142
49.743,-97.8657,0.2949,268.09,226.74,19.7,19.7,0.88,0.1,0.65,0.0203
49.743,-97.8605,0.345,265.85,225.15,19.7,19.7,1.24,0.1,0.65,0.0342
49.743,-97.8553,0.3812,262.36,224.46,19.7,19.7,1.38,0.1,0.65,0.0364
49.743,-97.8501,0.3905,260.29,224.52,19.7,19.7,1.28,0.1,0.65,0.039
49.743,-97.8449,0.3534,262.14,224.47,19.7,19.7,0.97,0.1,0.65,0.02
49.743,-97.8397,0.2988,267.05,225.24,19.8,19.8,0.66,0.1,0.65,0.0146
49.743,-97.8345,0.2777,270.44,226.88,19.8,19.8,0.77,0.1,0.65,0.0195
49.743,-97.8294,0.2915,270.95,228.57,19.8,19.8,1.26,0.1,0.65,0.0222
49.743,-97.8242,0.3202,270.66,231.15,19.8,19.8,1.78,0.1,0.65,0.0435
49.743,-97.819,0.3409,270.48,234.03,19.9,19.9,2.14,0.1,0.65,0.0265
49.743,-97.8138,0.3359,271.72,234.18,19.9,19.9,2.33,0.1,0.65,0.0233
49.743,-97.8086,0.2954,274.25,231.3,19.9,19.9,2.13,0.1,0.65,0.0149
49.743,-97.8034,0.2705,274.51,229.54,19.9,19.9,1.59,0.1,0.65,0.0113
49.743,-97.7982,0.2626,273.39,230.95,19.9,19.9,1.12,0.1,0.64,0.0209
49.743,-97.7931,0.2457,275.66,234.35,19.9,19.9,0.89,0.11,0.6,0.0158
49.743,-97.7879,0.1888,278.58,239.94,19.9,19.9,0.89,0.13,0.53,0.0142
49.743,-97.7827,0.203,278.27,245.77,19.9,19.9,1.22,0.13,0.5,0.0163
49.743,-97.7775,0.2484,276.1,246.98,19.9,19.9,1.57,0.13,0.52,0.0115
49.743,-97.7723,0.288,274.13,241.7,19.9,19.9,1.9,0.12,0.57,0.0142
49.743,-97.7671,0.3073,272.98,236.42,19.9,19.9,1.88,0.1,0.63,0.0178
49.743,-97.7619,0.2959,272.13,234.51,19.9,19.9,1.52,0.1,0.65,0.0341
49.743,-97.7567,0.287,271.37,234.37,19.9,19.9,1.2,0.1,0.65,0.0229
49.743,-97.7516,0.2815,270.21,234.27,19.9,19.9,0.94,0.1,0.65,0.0188
49.749,-98.1198,0.2541,259.73,236.57,19.6,19.6,3.0,0.71,0.22,0.0152
49.749,-98.1146,0.2606,257.54,235.63,19.6,19.6,2.97,0.74,0.18,0.0268
49.749,-98.1094,0.277,255.46,235.32,19.6,19.6,3.16,0.75,0.16,0.0313
49.749,-98.1043,0.2863,254.16,236.16,19.6,19.6,3.08,0.77,0.14,0.0259
49.749,-98.0991,0.2655,254.51,237.85,19.6,19.6,3.37,0.77,0.13,0.0271
49.749,-98.0939,0.2719,255.43,239.98,19.6,19.6,3.28,0.76,0.14,0.0254
49.749,-98.0887,0.2677,256.37,242.16,19.6,19.6,3.6,0.76,0.14,0.0332
49.749,-98.0835,0.247,258.43,244.02,19.6,19.6,2.94,0.77,0.13,0.0225
49.749,-98.0783,0.2521,260.35,244.96,19.6,19.6,2.72,0.73,0.16,0.0763
49.749,-98.0731,0.3063,259.66,244.25,19.6,19.6,2.25,0.68,0.21,0.0224
49.749,-98.0679,0.4066,258.39,243.17,19.5,19.5,2.57,0.63,0.26,0.031
49.749,-98.0628,0.3882,257.96,242.05,19.5,19.5,2.64,0.6,0.29,0.0294
49.749,-98.0576,0.336,259.28,241.26,19.5,19.5,2.15,0.49,0.37,0.021
49.749,-98.0524,0.3543,260.29,241.64,19.5,19.5,1.79,0.33,0.48,0.0199
49.749,-98.0472,0.4177,260.0,241.24,19.5,19.5,1.96,0.19,0.58,0.0251
49.749,-98.042,0.4814,258.84,237.92,19.5,19.5,2.33,0.1,0.65,0.0296
49.749,-98.0368,0.5019,257.73,232.01,19.5,19.5,2.38,0.1,0.65,0.0369
49.749,-98.0316,0.4543,257.51,225.01,19.5,19.5,1.9,0.1,0.65,0.0814
49.749,-98.0265,0.4121,256.36,218.25,19.5,19.5,1.17,0.1,0.65,0.0328
49.749,-98.0213,0.4195,253.8,215.32,19.5,19.5,1.04,0.1,0.65,0.0306
49.749,-98.0161,0.4473,254.21,215.15,19.6,19.6,1.45,0.1,0.65,0.0416
49.749,-98.0109,0.4434,256.38,215.75,19.6,19.6,1.77,0.1,0.65,0.0239
49.749,-98.0057,0.423,257.67,216.66,19.6,19.6,1.82,0.1,0.65,0.0213
49.749,-98.0005,0.3906,257.59,218.21,19.6,19.6,1.4,0.1,0.65,0.018
49.749,-97.9953,0.4104,256.63,221.05,19.6,19.6,1.31,0.1,0.65,0.0377
49.749,-97.9901,0.4224,258.06,225.26,19.6,19.6,1.49,0.1,0.65,0.0182
49.749,-97.985,0.3977,262.61,230.85,19.6,19.6,1.75,0.1,0.65,0.0232
49.749,-97.9798,0.3787,267.05,237.51,19.6,19.6,2.17,0.1,0.65,0.023
49.749,-97.9746,0.4005,269.25,242.44,19.6,19.6,2.79,0.1,0.65,0.0254
49.749,-97.9694,0.4313,269.45,241.53,19.6,19.6,3.07,0.1,0.65,0.0324
49.749,-97.9642,0.4173,267.7,235.41,19.6,19.6,2.6,0.1,0.65,0.0284
49.749,-97.959,0.3906,264.98,227.63,19.6,19.6,1.89,0.1,0.65,0.0659
49.749,-97.9538,0.3583,263.47,224.24,19.6,19.6,1.17,0.1,0.65,0.0259
49.749,-97.9487,0.3353,263.47,224.71,19.6,19.6,0.79,0.1,0.65,0.0166
49.749,-97.9435,0.3461,264.16,226.71,19.6,19.6,1.01,0.1,0.65,0.0272
49.749,-97.9383,0.3521,266.11,229.98,19.7,19.7,1.53,0.1,0.65,0.0315
49.749,-97.9331,0.3335,269.81,234.68,19.7,19.7,1.93,0.1,0.65,0.0149
49.749,-97.9279,0.3157,272.15,237.97,19.7,19.7,2.12,0.1,0.65,0.0176
49.749,-97.9227,0.3208,270.78,236.93,19.7,19.7,1.95,0.1,0.65,0.0177
49.749,-97.9175,0.3954,266.66,233.8,19.7,19.7,2.18,0.1,0.65,0.0685
49.749,-97.9123,0.4295,263.86,231.24,19.7,19.7,2.17,0.1,0.65,0.0933
49.749,-97.9072,0.4186,262.76,228.61,19.7,19.7,1.97,0.1,0.65,0.0539
49.749,-97.902,0.3931,262.06,226.01,19.7,19.7,1.54,0.1,0.65,0.0425
49.749,-97.8968,0.3574,263.32,225.45,19.7,19.7,1.13,0.1,0.65,0.0295
49.749,-97.8916,0.3609,265.0,226.34,19.7,19.7,1.55,0.1,0.65,0.0166
49.749,-97.8864,0.3409,266.13,227.47,19.7,19.7,1.72,0.1,0.65,0.0213
49.749,-97.8812,0.3004,266.94,228.5,19.7,19.7,1.57,0.1,0.65,0.0143
49.749,-97.876,0.2745,267.5,228.54,19.7,19.7,1.11,0.1,0.65,0.0088
49.749,-97.8709,0.2775,267.03,227.9,19.7,19.7,0.95,0.1,0.65,0.0111
49.749,-97.8657,0.3236,264.88,225.67,19.7,19.7,1.33,0.1,0.65,0.0124
49.749,-97.8605,0.4163,261.28,222.04,19.7,19.7,1.64,0.1,0.65,0.0195
49.749,-97.8553,0.4395,257.88,220.17,19.7,19.7,1.58,0.1,0.65,0.0413
49.749,-97.8501,0.4293,256.38,219.5,19.7,19.7,1.23,0.1,0.65,0.0354
49.749,-97.8449,0.3891,259.17,219.13,19.7,19.7,1.04,0.1,0.65,0.0232
49.749,-97.8397,0.3222,265.63,218.85,19.8,19.8,0.87,0.1,0.65,0.0195
49.749,-97.8345,0.2948,268.44,218.45,19.8,19.8,0.74,0.1,0.65,0.0146
49.749,-97.8294,0.3003,267.75,219.31,19.8,19.8,0.79,0.1,0.65,0.0153
49.749,-97.8242,0.3166,267.09,221.21,19.8,19.8,0.98,0.1,0.65,0.0204
49.749,-97.819,0.3466,266.67,222.51,19.9,19.9,1.38,0.1,0.65,0.0309
49.749,-97.8138,0.3641,266.95,222.39,19.9,19.9,1.77,0.1,0.65,0.039
49.749,-97.8086,0.3409,269.24,223.87,19.9,19.9,1.78,0.1,0.65,0.018
49.749,-97.8034,0.2999,271.0,228.07,19.9,19.9,1.55,0.1,0.65,0.0149
49.749,-97.7982,0.2738,272.08,232.6,19.9,19.9,1.13,0.1,0.65,0.0216
49.749,-97.7931,0.2421,274.6,235.86,19.9,19.9,0.75,0.11,0.61,0.0118
49.749,-97.7879,0.215,276.72,239.52,19.9,19.9,0.69,0.12,0.58,0.0144
49.749,-97.7827,0.2335,276.57,243.4,19.9,19.9,1.12,0.12,0.54,0.0177
49.749,-97.7775,0.2643,275.48,245.43,19.9,19.9,1.59,0.12,0.56,0.0102
49.749,-97.7723,0.2929,274.56,244.74,19.9,19.9,1.91,0.11,0.61,0.0157
49.749,-97.7671,0.3014,274.29,243.4,19.9,19.9,2.12,0.1,0.64,0.0158
49.749,-97.7619,0.2963,273.95,242.77,19.9,19.9,2.01,0.1,0.65,0.0159
49.749,-97.7567,0.2881,273.56,242.37,19.9,19.9,1.87,0.1,0.65,0.0154
49.749,-97.7516,0.2895,273.35,241.92,19.9,19.9,1.91,0.1,0.65,0.0342
49.755,-98.1198,0.2516,259.04,237.07,19.6,19.6,3.62,0.77,0.14,0.0284
49.755,-98.1146,0.2599,258.3,236.56,19.6,19.6,3.34,0.77,0.14,0.0311
49.755,-98.1094,0.266,257.25,236.52,19.6,19.6,3.43,0.78,0.13,0.0293
49.755,-98.1043,0.2713,256.47,237.68,19.6,19.6,3.34,0.79,0.12,0.0252
49.755,-98.0991,0.2648,256.72,239.7,19.6,19.6,3.58,0.79,0.12,0.0301
49.755,-98.0939,0.2845,256.81,241.92,19.6,19.6,3.56,0.78,0.13,0.0262
49.755,-98.0887,0.2894,257.1,244.01,19.6,19.6,2.98,0.77,0.13,0.1578
49.755,-98.0835,0.2805,258.96,245.6,19.6,19.6,2.34,0.74,0.15,0.0563
49.755,-98.0783,0.2746,260.63,245.98,19.6,19.6,1.7,0.63,0.24,0.0427
49.755,-98.0731,0.3114,260.08,244.86,19.6,19.6,1.81,0.57,0.29,0.0393
49.755,-98.0679,0.3645,259.33,243.65,19.5,19.5,3.06,0.55,0.3,0.0349
49.755,-98.0628,0.4125,259.41,242.81,19.5,19.5,3.3,0.5,0.34,0.0391
49.755,-98.0576,0.4555,260.66,242.91,19.5,19.5,3.22,0.39,0.43,0.0427
49.755,-98.0524,0.4906,260.48,243.07,19.5,19.5,2.88,0.22,0.55,0.0416
49.755,-98.0472,0.5428,258.46,241.53,19.5,19.5,2.71,0.11,0.64,0.0584
49.755,-98.042,0.5561,256.54,237.64,19.5,19.5,2.83,0.1,0.65,0.059
49.755,-98.0368,0.5561,255.44,231.33,19.5,19.5,2.85,0.1,0.65,0.0585
49.755,-98.0316,0.5356,255.01,223.6,19.5,19.5,2.31,0.1,0.65,0.0375
49.755,-98.0265,0.4745,254.34,216.85,19.5,19.5,1.48,0.1,0.65,0.0591
49.755,-98.0213,0.4509,252.57,212.5,19.6,19.6,0.98,0.1,0.65,0.0315
49.755,-98.0161,0.462,251.53,209.85,19.6,19.6,0.96,0.1,0.65,0.0359
49.755,-98.0109,0.4652,251.54,209.51,19.6,19.6,1.11,0.1,0.65,0.0395
49.755,-98.0057,0.4454,252.59,209.99,19.6,19.6,1.14,0.1,0.65,0.0392
49.755,-98.0005,0.4222,255.01,211.53,19.6,19.6,1.17,0.1,0.65,0.0329
49.755,-97.9953,0.419,256.01,216.34,19.6,19.6,1.3,0.1,0.65,0.0352
49.755,-97.9901,0.4204,257.36,224.4,19.6,19.6,1.46,0.1,0.65,0.0201
49.755,-97.985,0.4388,260.8,232.98,19.6,19.6,2.01,0.1,0.65,0.0171
49.755,-97.9798,0.4739,263.14,239.86,19.6,19.6,2.57,0.1,0.65,0.0345
49.755,-97.9746,0.5548,263.52,242.32,19.6,19.6,3.06,0.1,0.65,0.0535
49.755,-97.9694,0.5561,263.47,238.53,19.6,19.6,3.26,0.1,0.65,0.0797
49.755,-97.9642,0.5232,263.65,232.56,19.6,19.6,2.99,0.1,0.65,0.0516
49.755,-97.959,0.4558,264.08,227.85,19.6,19.6,2.61,0.1,0.65,0.0375
49.755,-97.9538,0.4127,264.47,225.17,19.6,19.6,2.24,0.1,0.65,0.0595
49.755,-97.9487,0.4077,264.01,224.97,19.6,19.6,2.16,0.1,0.65,0.0573
49.755,-97.9435,0.4216,263.49,226.11,19.6,19.6,2.15,0.1,0.65,0.0787
49.755,-97.9383,0.4139,265.02,228.64,19.7,19.7,2.37,0.1,0.65,0.0226
49.755,-97.9331,0.3636,269.61,232.73,19.7,19.7,2.56,0.1,0.65,0.0242
49.755,-97.9279,0.3134,273.36,235.85,19.7,19.7,2.49,0.1,0.65,0.0195
49.755,-97.9227,0.3033,272.85,236.55,19.7,19.7,2.16,0.1,0.65,0.0192
49.755,-97.9175,0.337,269.08,236.71,19.7,19.7,1.78,0.1,0.65,0.033
49.755,-97.9123,0.3657,266.25,237.3,19.7,19.7,1.72,0.1,0.65,0.041
49.755,-97.9072,0.3832,265.25,236.87,19.7,19.7,1.81,0.1,0.65,0.0562
49.755,-97.902,0.3833,265.31,234.01,19.7,19.7,1.87,0.1,0.65,0.047
49.755,-97.8968,0.3745,266.65,228.99,19.7,19.7,1.95,0.1,0.65,0.0521
49.755,-97.8916,0.3881,267.56,226.24,19.7,19.7,2.28,0.1,0.65,0.0182
49.755,-97.8864,0.3625,268.12,226.84,19.7,19.7,2.26,0.1,0.65,0.0185
49.755,-97.8812,0.3308,268.73,230.2,19.7,19.7,2.13,0.1,0.65,0.0161
49.755,-97.876,0.3091,269.26,234.26,19.7,19.7,1.93,0.1,0.65,0.0148
49.755,-97.8709,0.3267,268.45,234.16,19.7,19.7,2.06,0.1,0.65,0.0164
49.755,-97.8657,0.4139,264.36,229.12,19.7,19.7,2.39,0.1,0.65,0.0336
49.755,-97.8605,0.5273,258.67,221.65,19.7,19.7,2.39,0.1,0.65,0.0416
49.755,-97.8553,0.5242,255.73,217.35,19.7,19.7,2.01,0.1,0.65,0.0294
49.755,-97.8501,0.4721,257.2,216.86,19.7,19.7,1.7,0.1,0.65,0.0266
49.755,-97.8449,0.4118,261.93,218.2,19.7,19.7,1.68,0.1,0.65,0.0175
49.755,-97.8397,0.3749,265.88,218.14,19.8,19.8,1.85,0.1,0.65,0.0155
49.755,-97.8345,0.3775,266.22,216.95,19.8,19.8,2.0,0.1,0.65,0.0216
49.755,-97.8294,0.3804,265.46,217.57,19.8,19.8,1.76,0.1,0.65,0.0192
49.755,-97.8242,0.3788,264.83,219.15,19.8,19.8,1.41,0.1,0.65,0.0402
49.755,-97.819,0.3802,264.25,219.9,19.9,19.9,1.11,0.1,0.65,0.0298
49.755,-97.8138,0.3776,264.98,221.76,19.9,19.9,1.08,0.11,0.64,0.0246
49.755,-97.8086,0.3352,267.96,226.5,19.9,19.9,1.2,0.13,0.61,0.0297
49.755,-97.8034,0.2736,271.37,231.6,19.9,19.9,1.04,0.13,0.61,0.0174
49.755,-97.7982,0.2386,273.15,234.4,19.9,19.9,0.7,0.12,0.62,0.0114
49.755,-97.7931,0.2152,274.09,236.19,19.9,19.9,0.43,0.11,0.64,0.0121
49.755,-97.7879,0.2249,274.41,238.35,19.9,19.9,0.59,0.1,0.65,0.0116
49.755,-97.7827,0.237,274.61,239.94,19.9,19.9,0.89,0.1,0.65,0.0169
49.755,-97.7775,0.2495,274.67,240.84,19.9,19.9,1.22,0.1,0.65,0.0116
49.755,-97.7723,0.2692,274.1,242.73,19.9,19.9,1.48,0.1,0.65,0.0129
49.755,-97.7671,0.2773,273.57,245.41,19.9,19.9,1.55,0.1,0.65,0.0146
49.755,-97.7619,0.2884,273.0,247.02,19.9,19.9,1.67,0.1,0.65,0.0261
49.755,-97.7567,0.3026,272.66,247.2,19.9,19.9,1.9,0.1,0.65,0.0427
49.755,-97.7516,0.3104,272.37,246.4,19.9,19.9,2.02,0.1,0.65,0.0416
49.7611,-98.1198,0.2644,257.48,238.36,19.6,19.6,3.43,0.79,0.12,0.0257
49.7611,-98.1146,0.2685,257.53,237.77,19.6,19.6,3.93,0.79,0.12,0.0365
49.7611,-98.1094,0.2698,257.57,238.3,19.6,19.6,4.34,0.78,0.12,0.0322
49.7611,-98.1043,,257.85,240.09,19.6,19.6,5.26,0.78,0.13,
49.7611,-98.0991,,258.31,242.29,19.6,19.6,5.19,0.79,0.12,
49.7611,-98.0939,0.3229,257.9,244.41,19.6,19.6,4.2,0.79,0.11,0.0425
49.7611,-98.0887,0.3359,257.4,246.37,19.6,19.6,3.12,0.79,0.11,0.0309
49.7611,-98.0835,0.3288,258.79,247.81,19.6,19.6,2.33,0.73,0.16,0.0221
49.7611,-98.0783,0.3041,260.95,247.76,19.6,19.6,1.98,0.6,0.25,0.0583
49.7611,-98.0731,0.3166,260.86,246.1,19.6,19.6,2.19,0.54,0.29,0.0738
49.7611,-98.0679,0.3709,259.96,244.17,19.5,19.5,2.73,0.46,0.34,0.0323
49.7611,-98.0628,0.4622,260.06,242.47,19.5,19.5,3.43,0.38,0.4,0.0528
49.7611,-98.0576,0.4813,261.12,241.63,19.5,19.5,3.39,0.26,0.5,0.0382
49.7611,-98.0524,0.5083,260.54,240.58,19.5,19.5,2.91,0.13,0.61,0.032
49.7611,-98.0472,0.5367,257.54,238.04,19.5,19.5,2.45,0.1,0.65,0.0418
49.7611,-98.042,0.5561,254.09,233.97,19.5,19.5,2.26,0.1,0.65,0.0331
49.7611,-98.0368,0.5561,251.56,227.85,19.5,19.5,2.12,0.1,0.65,0.0984
49.7611,-98.0316,0.5531,250.33,220.64,19.5,19.5,1.62,0.1,0.65,0.0706
49.7611,-98.0265,0.531,247.88,214.09,19.5,19.5,1.17,0.1,0.65,0.0447
49.7611,-98.0213,0.5193,244.86,209.95,19.6,19.6,0.73,0.1,0.65,0.0282
49.7611,-98.0161,0.4945,245.31,208.46,19.6,19.6,0.58,0.1,0.65,0.0231
49.7611,-98.0109,0.4647,246.78,208.48,19.6,19.6,0.55,0.1,0.65,0.0227
49.7611,-98.0057,0.4397,248.22,208.94,19.6,19.6,0.51,0.1,0.65,0.0207
49.7611,-98.0005,0.4259,250.65,210.69,19.6,19.6,0.79,0.1,0.65,0.0278
49.7611,-97.9953,0.43,253.27,215.94,19.6,19.6,1.41,0.1,0.65,0.0368
49.7611,-97.9901,0.4588,255.52,224.33,19.6,19.6,1.95,0.1,0.65,0.0212
49.7611,-97.985,0.526,258.25,233.14,19.6,19.6,2.59,0.1,0.65,0.0348
49.7611,-97.9798,0.5561,259.35,238.78,19.6,19.6,3.07,0.1,0.65,0.0615
49.7611,-97.9746,0.5561,259.04,239.09,19.6,19.6,3.51,0.1,0.65,0.07
49.7611,-97.9694,0.5561,258.67,234.1,19.6,19.6,3.55,0.1,0.65,0.075
49.7611,-97.9642,0.5561,259.62,228.25,19.6,19.6,3.05,0.1,0.65,0.0647
49.7611,-97.959,0.4534,262.4,224.37,19.6,19.6,2.53,0.1,0.65,0.0395
49.7611,-97.9538,0.3956,263.6,222.93,19.6,19.6,2.13,0.1,0.65,0.0599
49.7611,-97.9487,0.393,263.19,223.77,19.6,19.6,1.99,0.1,0.65,0.0689
49.7611,-97.9435,0.4034,262.94,225.83,19.6,19.6,1.98,0.1,0.65,0.0693
49.7611,-97.9383,0.4053,264.71,228.51,19.7,19.7,2.32,0.1,0.65,0.0251
49.7611,-97.9331,0.3637,269.54,233.03,19.7,19.7,2.6,0.1,0.65,0.0274
49.7611,-97.9279,0.3169,274.24,237.65,19.7,19.7,2.81,0.1,0.65,0.025
49.7611,-97.9227,0.2983,275.61,239.85,19.7,19.7,2.75,0.1,0.65,0.0175
49.7611,-97.9175,0.3141,273.12,241.41,19.7,19.7,2.44,0.1,0.65,0.0198
49.7611,-97.9123,0.3351,270.43,243.1,19.7,19.7,2.24,0.1,0.65,0.0197
49.7611,-97.9072,0.3563,269.33,243.13,19.7,19.7,2.37,0.1,0.65,0.021
49.7611,-97.902,0.3606,269.19,239.78,19.7,19.7,2.45,0.1,0.65,0.0217
49.7611,-97.8968,0.3553,270.15,232.73,19.7,19.7,2.49,0.1,0.65,0.0198
49.7611,-97.8916,0.3435,271.39,228.77,19.7,19.7,2.53,0.1,0.65,0.0217
49.7611,-97.8864,0.3344,272.57,229.33,19.7,19.7,2.59,0.1,0.65,0.0194
49.7611,-97.8812,0.3387,272.84,232.92,19.7,19.7,2.76,0.1,0.65,0.0208
49.7611,-97.876,0.3464,272.14,237.56,19.7,19.7,2.68,0.1,0.65,0.0215
49.7611,-97.8709,0.3573,271.93,239.54,19.7,19.7,2.76,0.1,0.65,0.0192
49.7611,-97.8657,0.3977,270.17,237.65,19.7,19.7,2.85,0.1,0.65,0.0288
49.7611,-97.8605,0.4383,264.99,230.35,19.7,19.7,2.47,0.1,0.65,0.0314
49.7611,-97.8553,0.4443,261.28,222.77,19.7,19.7,1.94,0.1,0.65,0.0264
49.7611,-97.8501,0.4184,262.36,219.96,19.7,19.7,1.79,0.1,0.65,0.0187
49.7611,-97.8449,0.3842,266.5,221.19,19.7,19.7,2.05,0.1,0.65,0.0211
49.7611,-97.8397,0.3957,268.5,221.91,19.7,19.7,2.62,0.1,0.65,0.0221
49.7611,-97.8345,0.4244,268.0,221.78,19.8,19.8,2.94,0.1,0.65,0.0356
49.7611,-97.8294,0.4094,267.29,221.98,19.8,19.8,2.52,0.1,0.65,0.0251
49.7611,-97.8242,0.3878,266.04,221.71,19.8,19.8,1.88,0.1,0.65,0.0184
49.7611,-97.819,0.3776,264.32,221.28,19.9,19.9,1.22,0.1,0.65,0.0288
49.7611,-97.8138,0.355,264.25,223.19,19.9,19.9,0.78,0.12,0.62,0.0227
49.7611,-97.8086,0.3272,266.91,228.14,19.9,19.9,0.76,0.13,0.61,0.0175
49.7611,-97.8034,0.2739,270.26,233.88,19.9,19.9,0.68,0.14,0.6,0.0134
49.7611,-97.7982,0.2381,272.94,237.42,19.9,19.9,0.55,0.13,0.61,0.0114
49.7611,-97.7931,0.2148,274.79,238.35,19.9,19.9,0.42,0.1,0.65,0.0146
49.7611,-97.7879,0.2136,275.24,239.69,19.9,19.9,0.6,0.1,0.65,0.0162
49.7611,-97.7827,0.2332,273.95,240.65,19.9,19.9,0.72,0.1,0.65,0.0137
49.7611,-97.7775,0.2492,272.5,239.94,19.9,19.9,0.89,0.1,0.65,0.0157
49.7611,-97.7723,0.2587,271.73,240.14,19.9,19.9,0.81,0.1,0.65,0.014
49.7611,-97.7671,0.2591,271.54,242.04,19.9,19.9,0.53,0.1,0.65,0.0108
49.7611,-97.7619,0.2673,271.47,243.99,19.9,19.9,0.63,0.1,0.65,0.0132
49.7611,-97.7567,0.2809,271.5,245.14,19.9,19.9,0.92,0.1,0.65,0.017
49.7611,-97.7516,0.2877,271.95,244.81,19.9,19.9,1.17,0.1,0.65,0.0246
49.7671,-98.1198,0.228,258.24,238.14,19.6,19.6,1.96,0.78,0.13,0.0173
49.7671,-98.1146,0.228,259.58,238.13,19.6,19.6,3.77,0.78,0.13,0.0289
49.7671,-98.1094,,259.5,239.69,19.6,19.6,5.29,0.77,0.13,
49.7671,-98.1043,,259.55,242.04,19.6,19.6,6.74,0.78,0.13,
49.7671,-98.0991,,259.64,243.93,19.6,19.6,6.87,0.78,0.12,
49.7671,-98.0939,,259.19,245.2,19.6,19.6,5.39,0.78,0.12,
49.7671,-98.0887,0.3304,259.08,246.21,19.6,19.6,3.68,0.79,0.11,0.0391
49.7671,-98.0835,0.332,259.76,246.92,19.6,19.6,2.71,0.74,0.14,0.0248
49.7671,-98.0783,0.3089,259.81,246.25,19.6,19.6,2.46,0.68,0.18,0.0266
49.7671,-98.0731,0.3466,258.83,244.52,19.6,19.6,2.66,0.53,0.29,0.0344
49.7671,-98.0679,0.4477,258.01,242.6,19.5,19.5,2.97,0.37,0.4,0.048
49.7671,-98.0628,0.5051,257.69,239.95,19.5,19.5,3.18,0.27,0.49,0.0551
49.7671,-98.0576,0.5313,257.36,236.92,19.5,19.5,2.81,0.15,0.59,0.0412
49.7671,-98.0524,0.5165,254.47,232.65,19.5,19.5,2.34,0.11,0.63,0.0362
49.7671,-98.0472,0.4946,250.83,228.87,19.5,19.5,1.68,0.1,0.65,0.0706
49.7671,-98.042,0.4748,248.23,226.14,19.5,19.5,0.96,0.1,0.65,0.0249
49.7671,-98.0368,0.4863,246.38,223.83,19.5,19.5,0.65,0.1,0.65,0.0286
49.7671,-98.0316,0.5114,245.02,221.09,19.5,19.5,0.81,0.1,0.65,0.0308
49.7671,-98.0265,0.555,242.99,216.98,19.5,19.5,0.99,0.1,0.65,0.0461
49.7671,-98.0213,0.5561,240.22,212.56,19.5,19.5,0.99,0.1,0.65,0.0476
49.7671,-98.0161,0.5432,240.74,207.7,19.6,19.6,0.79,0.1,0.65,0.0343
49.7671,-98.0109,0.4908,242.74,205.98,19.6,19.6,0.57,0.1,0.65,0.024
49.7671,-98.0057,0.4763,244.41,206.63,19.6,19.6,0.5,0.1,0.65,0.0211
49.7671,-98.0005,0.4594,246.55,209.18,19.6,19.6,0.85,0.1,0.65,0.0283
49.7671,-97.9953,0.4667,248.47,214.77,19.6,19.6,1.02,0.1,0.65,0.0407
49.7671,-97.9901,0.4842,250.37,222.92,19.6,19.6,1.36,0.1,0.65,0.0481
49.7671,-97.985,0.5177,252.85,230.54,19.6,19.6,1.87,0.1,0.65,0.0924
49.7671,-97.9798,0.5561,253.1,233.58,19.6,19.6,2.0,0.1,0.65,0.1084
49.7671,-97.9746,0.5561,251.56,231.43,19.6,19.6,2.34,0.1,0.65,0.0494
49.7671,-97.9694,0.5561,249.84,225.8,19.6,19.6,2.33,0.1,0.65,0.0505
49.7671,-97.9642,0.5529,250.88,220.53,19.6,19.6,1.8,0.1,0.65,0.089
49.7671,-97.959,0.4216,255.94,217.49,19.6,19.6,1.25,0.1,0.65,0.0366
49.7671,-97.9538,0.3677,258.8,216.79,19.6,19.6,0.88,0.1,0.65,0.0214
49.7671,-97.9487,0.3571,259.68,218.52,19.6,19.6,0.9,0.1,0.65,0.0223
49.7671,-97.9435,0.3706,261.09,222.76,19.6,19.6,1.35,0.1,0.65,0.0262
49.7671,-97.9383,0.3813,264.0,229.12,19.7,19.7,1.84,0.1,0.65,0.018
49.7671,-97.9331,0.3553,268.7,235.5,19.7,19.7,2.17,0.1,0.65,0.0187
49.7671,-97.9279,0.3198,272.74,239.73,19.7,19.7,2.3,0.1,0.65,0.0186
49.7671,-97.9227,0.2846,275.01,241.9,19.7,19.7,2.14,0.1,0.65,0.0161
49.7671,-97.9175,0.294,274.62,243.3,19.7,19.7,2.27,0.1,0.65,0.0185
49.7671,-97.9123,0.3263,273.45,244.17,19.7,19.7,2.63,0.1,0.65,0.0216
49.7671,-97.9072,0.3709,272.42,242.82,19.7,19.7,2.91,0.1,0.65,0.0251
49.7671,-97.902,0.3447,271.62,239.32,19.7,19.7,2.65,0.1,0.65,0.0212
49.7671,-97.8968,0.3208,272.27,234.51,19.7,19.7,2.21,0.1,0.65,0.0191
49.7671,-97.8916,0.2835,273.54,231.71,19.7,19.7,1.89,0.1,0.65,0.0144
49.7671,-97.8864,0.2791,274.45,231.61,19.7,19.7,1.87,0.1,0.65,0.0121
49.7671,-97.8812,0.3059,274.11,233.96,19.7,19.7,2.29,0.1,0.65,0.0163
49.7671,-97.876,0.3377,272.42,238.29,19.7,19.7,2.5,0.1,0.65,0.0211
49.7671,-97.8709,0.3531,272.26,242.0,19.7,19.7,2.69,0.1,0.65,0.024
49.7671,-97.8657,0.3481,272.98,243.93,19.7,19.7,2.74,0.1,0.65,0.0278
49.7671,-97.8605,0.3622,271.47,241.4,19.7,19.7,2.62,0.1,0.65,0.0221
49.7671,-97.8553,0.369,269.58,235.75,19.7,19.7,2.37,0.1,0.65,0.0161
49.7671,-97.8501,0.363,268.75,231.39,19.7,19.7,2.08,0.1,0.65,0.021
49.7671,-97.8449,0.3547,268.9,228.8,19.7,19.7,2.03,0.1,0.65,0.0191
49.7671,-97.8397,0.343,269.79,227.0,19.7,19.7,2.03,0.1,0.65,0.0151
49.7671,-97.8345,0.3339,270.49,225.26,19.8,19.8,2.07,0.1,0.65,0.0197
49.7671,-97.8294,0.3209,270.42,224.17,19.8,19.8,1.77,0.1,0.65,0.0163
49.7671,-97.8242,0.3137,269.26,223.55,19.8,19.8,1.32,0.1,0.65,0.0288
49.7671,-97.819,0.3118,267.7,223.5,19.8,19.8,0.98,0.1,0.65,0.0185
49.7671,-97.8138,0.3187,267.52,226.65,19.9,19.9,1.0,0.11,0.64,0.0218
49.7671,-97.8086,0.309,269.52,231.86,19.9,19.9,1.27,0.11,0.63,0.0245
49.7671,-97.8034,0.2841,272.09,235.78,19.9,19.9,1.23,0.11,0.63,0.0202
49.7671,-97.7982,0.2655,273.42,236.55,19.9,19.9,0.89,0.1,0.65,0.0176
49.7671,-97.7931,0.2527,273.58,235.61,19.9,19.9,0.66,0.1,0.65,0.0137
49.7671,-97.7879,0.2563,273.06,236.57,19.9,19.9,0.7,0.1,0.65,0.013
49.7671,-97.7827,0.2606,271.95,238.54,19.9,19.9,0.8,0.1,0.65,0.0138
49.7671,-97.7775,0.2575,271.38,239.28,19.9,19.9,0.76,0.1,0.65,0.014
49.7671,-97.7723,0.2544,271.47,240.0,19.9,19.9,0.88,0.1,0.65,0.0154
49.7671,-97.7671,0.2623,271.7,242.26,19.9,19.9,1.17,0.1,0.65,0.0163
49.7671,-97.7619,0.2757,271.98,244.43,19.9,19.9,1.34,0.1,0.65,0.0232
49.7671,-97.7567,0.282,272.6,245.45,19.9,19.9,1.47,0.1,0.65,0.0259
49.7671,-97.7516,0.2743,273.74,245.66,19.9,19.9,1.39,0.1,0.65,0.0233
49.7731,-98.1198,0.2239,258.39,237.29,19.6,19.6,1.74,0.78,0.12,0.0139
49.7731,-98.1146,0.2207,260.03,238.43,19.6,19.6,2.87,0.78,0.12,0.0194
49.7731,-98.1094,0.2307,260.0,240.78,19.6,19.6,4.21,0.79,0.11,0.0308
49.7731,-98.1043,,258.78,242.93,19.6,19.6,5.51,0.78,0.12,
49.7731,-98.0991,,258.24,243.65,19.6,19.6,5.97,0.78,0.12,
49.7731,-98.0939,0.3179,257.62,243.08,19.6,19.6,4.96,0.78,0.12,0.0612
49.7731,-98.0887,0.3414,257.29,242.49,19.6,19.6,3.63,0.76,0.15,0.0548
49.7731,-98.0835,0.3068,257.99,242.71,19.6,19.6,3.08,0.73,0.16,0.0315
49.7731,-98.0783,0.3343,257.02,242.58,19.6,19.6,2.81,0.61,0.24,0.0297
49.7731,-98.0731,0.4167,255.15,241.07,19.5,19.5,2.87,0.43,0.37,0.0334
49.7731,-98.0679,0.5281,253.85,238.71,19.5,19.5,3.3,0.28,0.49,0.0508
49.7731,-98.0628,0.5486,252.91,234.89,19.5,19.5,3.8,0.15,0.6,0.0574
49.7731,-98.0576,0.5553,252.01,230.38,19.5,19.5,3.64,0.1,0.64,0.0599
49.7731,-98.0524,0.5561,249.05,226.03,19.5,19.5,2.92,0.1,0.65,0.0393
49.7731,-98.0472,0.5454,245.71,223.7,19.5,19.5,1.89,0.1,0.65,0.0833
49.7731,-98.042,0.4878,244.28,223.15,19.5,19.5,1.06,0.1,0.65,0.0381
49.7731,-98.0368,0.4683,245.4,223.99,19.5,19.5,0.73,0.1,0.65,0.0244
49.7731,-98.0316,0.4972,247.04,224.25,19.5,19.5,1.05,0.1,0.65,0.0362
49.7731,-98.0265,0.5561,246.54,222.37,19.5,19.5,1.57,0.1,0.65,0.0238
49.7731,-98.0213,0.5561,243.47,217.56,19.5,19.5,1.64,0.1,0.65,0.0316
49.7731,-98.0161,0.5561,240.48,206.9,19.6,19.6,1.32,0.1,0.65,0.0506
49.7731,-98.0109,0.5504,240.4,202.69,19.6,19.6,0.84,0.1,0.65,0.0389
49.7731,-98.0057,0.5277,241.69,203.19,19.6,19.6,0.72,0.1,0.65,0.029
49.7731,-98.0005,0.5331,243.98,206.53,19.6,19.6,0.89,0.1,0.65,0.0379
49.7731,-97.9953,0.5228,245.35,212.69,19.6,19.6,0.89,0.1,0.65,0.037
49.7731,-97.9901,0.4907,246.53,219.5,19.6,19.6,0.73,0.1,0.65,0.0293
49.7731,-97.985,0.4993,247.94,225.4,19.6,19.6,0.86,0.1,0.65,0.0295
49.7731,-97.9798,0.5551,247.58,227.23,19.6,19.6,1.27,0.1,0.65,0.0525
49.7731,-97.9746,0.5561,245.88,223.95,19.6,19.6,1.48,0.1,0.65,0.0787
49.7731,-97.9694,0.5561,244.44,218.7,19.6,19.6,1.39,0.1,0.65,0.076
49.7731,-97.9642,0.5155,246.86,215.74,19.6,19.6,1.09,0.1,0.65,0.0409
49.7731,-97.959,0.3943,254.1,215.1,19.6,19.6,0.73,0.1,0.65,0.0198
49.7731,-97.9538,0.3698,258.1,215.06,19.6,19.6,0.87,0.1,0.65,0.0208
49.7731,-97.9487,0.3992,258.47,217.03,19.6,19.6,1.41,0.1,0.65,0.0376
49.7731,-97.9435,0.4519,258.49,221.92,19.6,19.6,1.94,0.1,0.65,0.0228
49.7731,-97.9383,0.5065,259.07,229.12,19.7,19.7,2.35,0.1,0.65,0.0363
49.7731,-97.9331,0.439,262.23,235.85,19.7,19.7,2.09,0.1,0.65,0.0247
49.7731,-97.9279,0.3384,268.45,240.64,19.7,19.7,1.68,0.1,0.65,0.0384
49.7731,-97.9227,0.2806,273.27,242.96,19.7,19.7,1.41,0.1,0.65,0.0278
49.7731,-97.9175,0.2743,274.37,243.95,19.7,19.7,1.67,0.1,0.65,0.0267
49.7731,-97.9123,0.3221,272.75,244.65,19.7,19.7,2.31,0.1,0.65,0.0221
49.7731,-97.9072,0.4072,270.24,242.52,19.7,19.7,3.03,0.1,0.65,0.0364
49.7731,-97.902,0.4219,268.72,237.15,19.7,19.7,2.99,0.1,0.65,0.0447
49.7731,-97.8968,0.3396,271.01,233.03,19.7,19.7,2.29,0.1,0.65,0.0254
49.7731,-97.8916,0.2796,273.52,232.1,19.7,19.7,1.6,0.1,0.65,0.034
49.7731,-97.8864,0.2718,274.37,232.69,19.7,19.7,1.45,0.1,0.65,0.0233
49.7731,-97.8812,0.2865,274.5,234.87,19.7,19.7,1.82,0.1,0.65,0.0351
49.7731,-97.876,0.3228,273.2,239.44,19.7,19.7,2.34,0.1,0.65,0.0165
49.7731,-97.8709,0.3673,271.8,243.21,19.7,19.7,2.77,0.1,0.65,0.0261
49.7731,-97.8657,0.3663,271.49,243.29,19.7,19.7,2.75,0.1,0.65,0.0226
49.7731,-97.8605,0.378,270.08,239.62,19.7,19.7,2.7,0.1,0.65,0.0277
49.7731,-97.8553,0.4003,268.36,234.31,19.7,19.7,2.63,0.1,0.65,0.0288
49.7731,-97.8501,0.3817,266.96,229.35,19.7,19.7,2.12,0.1,0.65,0.0204
49.7731,-97.8449,0.3471,267.07,225.32,19.7,19.7,1.59,0.1,0.65,0.0371
49.7731,-97.8397,0.3052,269.16,223.52,19.7,19.7,1.1,0.1,0.65,0.0209
49.7731,-97.8345,0.2809,270.93,224.44,19.8,19.8,0.87,0.1,0.65,0.0157
49.7731,-97.8294,0.2738,271.56,226.54,19.8,19.8,0.82,0.1,0.65,0.0167
49.7731,-97.8242,0.2767,270.9,228.46,19.8,19.8,0.73,0.1,0.65,0.0127
49.7731,-97.819,0.2995,269.63,230.27,19.8,19.8,0.97,0.1,0.65,0.0151
49.7731,-97.8138,0.3316,270.08,233.36,19.9,19.9,1.67,0.1,0.65,0.0352
49.7731,-97.8086,0.3352,272.12,235.87,19.9,19.9,2.16,0.1,0.65,0.0232
49.7731,-97.8034,0.3169,273.6,236.66,19.9,19.9,2.13,0.1,0.65,0.0225
49.7731,-97.7982,0.2951,273.27,236.05,19.9,19.9,1.58,0.1,0.65,0.0321
49.7731,-97.7931,0.28,272.44,235.59,19.9,19.9,0.92,0.1,0.65,0.0162
49.7731,-97.7879,0.2743,272.46,237.14,19.9,19.9,0.73,0.1,0.65,0.015
49.7731,-97.7827,0.2552,272.97,239.83,19.9,19.9,0.69,0.1,0.65,0.0143
49.7731,-97.7775,0.2336,274.02,241.86,19.9,19.9,0.7,0.1,0.65,0.0125
49.7731,-97.7723,0.232,274.59,243.16,19.9,19.9,1.11,0.1,0.65,0.0114
49.7731,-97.7671,0.2528,274.01,244.44,19.9,19.9,1.78,0.1,0.65,0.0123
49.7731,-97.7619,0.2978,272.73,246.05,19.9,19.9,2.36,0.1,0.65,0.0201
49.7731,-97.7567,0.3392,271.66,247.7,19.9,19.9,2.73,0.1,0.65,0.0208
49.7731,-97.7516,0.3423,271.24,249.7,19.9,19.9,2.56,0.1,0.65,0.0204
49.7791,-98.1198,0.2341,258.37,235.78,19.6,19.6,1.15,0.79,0.11,0.0268
49.7791,-98.1146,0.264,256.38,236.41,19.6,19.6,2.2,0.79,0.11,0.0527
49.7791,-98.1094,0.2705,255.33,238.46,19.6,19.6,2.28,0.79,0.11,0.0714
49.7791,-98.1043,0.2767,255.68,241.41,19.6,19.6,2.95,0.79,0.11,0.1326
49.7791,-98.0991,0.2887,256.49,243.16,19.6,19.6,3.48,0.78,0.12,0.1997
49.7791,-98.0939,0.3087,255.81,242.52,19.6,19.6,3.28,0.75,0.15,0.0344
49.7791,-98.0887,0.3528,252.67,239.91,19.6,19.6,3.42,0.74,0.16,0.0341
49.7791,-98.0835,0.3652,251.27,236.99,19.6,19.6,3.1,0.68,0.2,0.0408
49.7791,-98.0783,0.3696,251.4,233.89,19.6,19.6,2.58,0.53,0.31,0.0269
49.7791,-98.0731,0.4298,250.97,232.47,19.5,19.5,2.38,0.35,0.44,0.1185
49.7791,-98.0679,0.5124,250.21,230.85,19.5,19.5,2.29,0.17,0.58,0.0339
49.7791,-98.0628,0.5557,249.76,228.39,19.5,19.5,2.42,0.1,0.65,0.0355
49.7791,-98.0576,0.5561,249.68,225.71,19.5,19.5,2.53,0.1,0.65,0.0402
49.7791,-98.0524,0.5561,246.63,223.63,19.5,19.5,2.21,0.1,0.65,0.132
49.7791,-98.0472,0.5561,243.56,223.33,19.6,19.6,1.7,0.1,0.65,0.0702
49.7791,-98.042,0.5343,243.65,224.5,19.6,19.6,1.02,0.1,0.65,0.0386
49.7791,-98.0368,0.4857,246.38,226.39,19.6,19.6,0.84,0.1,0.65,0.0302
49.7791,-98.0316,0.478,249.15,227.42,19.6,19.6,1.15,0.1,0.65,0.0359
49.7791,-98.0265,0.5231,249.19,225.65,19.6,19.6,1.57,0.1,0.65,0.0254
49.7791,-98.0213,0.5561,246.18,219.35,19.6,19.6,1.67,0.1,0.65,0.0314
49.7791,-98.0161,0.5561,243.27,207.04,19.6,19.6,1.47,0.1,0.65,0.0278
49.7791,-98.0109,0.5561,242.94,201.69,19.6,19.6,1.29,0.1,0.65,0.0609
49.7791,-98.0057,0.5548,243.63,201.97,19.6,19.6,1.28,0.1,0.65,0.0627
49.7791,-98.0005,0.5561,244.42,205.46,19.6,19.6,1.32,0.1,0.65,0.0605
49.7791,-97.9953,0.5557,243.86,211.1,19.6,19.6,1.2,0.1,0.65,0.0546
49.7791,-97.9901,0.5362,244.28,216.86,19.6,19.6,1.14,0.1,0.65,0.0503
49.7791,-97.985,0.5409,246.25,222.58,19.6,19.6,1.38,0.1,0.65,0.0538
49.7791,-97.9798,0.5561,246.93,224.99,19.6,19.6,1.89,0.1,0.65,0.0883
49.7791,-97.9746,0.5561,246.29,222.67,19.6,19.6,2.22,0.1,0.65,0.045
49.7791,-97.9694,0.5561,246.03,218.81,19.6,19.6,2.16,0.1,0.65,0.0373
49.7791,-97.9642,0.5195,249.55,218.24,19.6,19.6,1.51,0.1,0.65,0.0659
49.7791,-97.959,0.3998,257.0,219.26,19.6,19.6,1.17,0.1,0.65,0.0283
49.7791,-97.9538,0.3788,259.98,218.38,19.6,19.6,1.33,0.1,0.65,0.0308
49.7791,-97.9487,0.4177,258.69,218.77,19.6,19.6,1.69,0.1,0.65,0.0513
49.7791,-97.9435,0.4816,256.89,221.4,19.6,19.6,1.95,0.1,0.65,0.0248
49.7791,-97.9383,0.512,255.53,225.61,19.7,19.7,1.92,0.1,0.65,0.0273
49.7791,-97.9331,0.4571,256.43,229.76,19.7,19.7,1.47,0.1,0.65,0.0455
49.7791,-97.9279,0.3697,260.61,233.64,19.7,19.7,1.1,0.1,0.65,0.0267
49.7791,-97.9227,0.3294,264.99,236.63,19.7,19.7,1.17,0.1,0.65,0.0291
49.7791,-97.9175,0.3447,265.94,237.78,19.7,19.7,1.69,0.1,0.65,0.0181
49.7791,-97.9123,0.4114,264.01,238.2,19.7,19.7,2.22,0.1,0.65,0.0295
49.7791,-97.9072,0.5109,261.83,236.65,19.7,19.7,2.74,0.1,0.65,0.0473
49.7791,-97.902,0.528,261.98,233.29,19.7,19.7,2.96,0.1,0.65,0.0488
49.7791,-97.8968,0.4065,266.57,231.95,19.7,19.7,2.41,0.1,0.65,0.0261
49.7791,-97.8916,0.3076,270.96,232.41,19.7,19.7,1.65,0.1,0.65,0.0307
49.7791,-97.8864,0.2785,272.6,233.47,19.7,19.7,1.33,0.1,0.65,0.0237
49.7791,-97.8812,0.283,273.14,235.88,19.7,19.7,1.68,0.1,0.65,0.032
49.7791,-97.876,0.3215,271.76,240.4,19.7,19.7,2.22,0.1,0.65,0.0176
49.7791,-97.8709,0.3816,269.47,242.44,19.7,19.7,2.71,0.1,0.65,0.021
49.7791,-97.8657,0.3989,268.1,240.46,19.7,19.7,2.67,0.1,0.65,0.0224
49.7791,-97.8605,0.424,266.07,235.51,19.7,19.7,2.67,0.1,0.65,0.0248
49.7791,-97.8553,0.4614,263.8,229.12,19.7,19.7,2.6,0.1,0.65,0.0304
49.7791,-97.8501,0.4299,262.41,223.78,19.7,19.7,2.1,0.1,0.65,0.0287
49.7791,-97.8449,0.3793,263.35,220.91,19.7,19.7,1.52,0.1,0.65,0.0445
49.7791,-97.8397,0.3242,266.27,221.39,19.7,19.7,0.95,0.1,0.65,0.0181
49.7791,-97.8345,0.3008,268.16,224.82,19.8,19.8,0.76,0.1,0.65,0.0132
49.7791,-97.8294,0.2929,269.05,229.84,19.8,19.8,0.79,0.1,0.65,0.0162
49.7791,-97.8242,0.2963,269.07,234.38,19.8,19.8,0.88,0.1,0.65,0.0186
49.7791,-97.819,0.3197,269.33,237.07,19.9,19.9,1.32,0.1,0.65,0.0284
49.7791,-97.8138,0.334,271.74,238.99,19.9,19.9,2.08,0.1,0.65,0.0493
49.7791,-97.8086,0.3304,274.6,239.64,19.9,19.9,2.66,0.1,0.65,0.0226
49.7791,-97.8034,0.3177,275.99,238.84,19.9,19.9,2.82,0.1,0.65,0.0229
49.7791,-97.7982,0.2999,275.26,237.58,19.9,19.9,2.41,0.1,0.65,0.019
49.7791,-97.7931,0.2945,273.62,237.41,19.9,19.9,1.99,0.1,0.65,0.0444
49.7791,-97.7879,0.2943,273.07,239.46,19.9,19.9,1.9,0.1,0.65,0.033
49.7791,-97.7827,0.2673,273.75,242.62,19.9,19.9,1.52,0.1,0.65,0.0254
49.7791,-97.7775,0.234,274.75,245.18,19.9,19.9,1.1,0.1,0.65,0.0126
49.7791,-97.7723,0.2302,275.26,245.69,19.9,19.9,1.15,0.1,0.65,0.0118
49.7791,-97.7671,0.2419,275.7,244.6,19.9,19.9,1.61,0.1,0.65,0.0123
49.7791,-97.7619,0.2616,276.2,243.59,19.9,19.9,2.07,0.1,0.65,0.0144
49.7791,-97.7567,0.2609,276.44,243.15,19.9,19.9,2.27,0.1,0.65,0.0128
49.7791,-97.7516,0.2495,276.67,244.63,19.9,19.9,2.06,0.1,0.65,0.0153
49.7852,-98.1198,0.2705,258.34,234.53,19.6,19.6,2.14,0.79,0.11,0.0532
49.7852,-98.1146,0.2734,256.75,233.4,19.6,19.6,1.56,0.8,0.1,0.0398
49.7852,-98.1094,0.2893,254.01,230.64,19.6,19.6,1.3,0.79,0.11,0.038
49.7852,-98.1043,0.3076,251.28,227.13,19.6,19.6,1.14,0.73,0.15,0.0265
49.7852,-98.0991,0.3793,247.72,224.81,19.6,19.6,1.2,0.67,0.18,0.0422
49.7852,-98.0939,0.4513,242.28,223.23,19.6,19.6,1.85,0.64,0.2,0.0951
49.7852,-98.0887,0.462,239.2,222.48,19.6,19.6,2.33,0.62,0.23,0.1481
49.7852,-98.0835,0.4482,241.62,222.74,19.6,19.6,2.1,0.57,0.28,0.0986
49.7852,-98.0783,0.4165,245.42,223.14,19.6,19.6,1.85,0.46,0.37,0.0668
49.7852,-98.0731,0.437,246.23,221.88,19.5,19.5,1.13,0.3,0.49,0.0433
49.7852,-98.0679,0.4787,246.05,220.24,19.5,19.5,1.07,0.19,0.58,0.037
49.7852,-98.0628,0.5076,246.83,219.94,19.5,19.5,1.54,0.11,0.64,0.0688
49.7852,-98.0576,0.5222,249.01,223.25,19.5,19.5,1.76,0.1,0.65,0.0801
49.7852,-98.0524,0.5561,249.02,227.2,19.6,19.6,2.09,0.1,0.65,0.0364
49.7852,-98.0472,0.5561,247.76,228.3,19.6,19.6,2.24,0.1,0.65,0.043
49.7852,-98.042,0.5561,249.13,228.76,19.6,19.6,2.07,0.1,0.65,0.0449
49.7852,-98.0368,0.5143,251.38,228.99,19.6,19.6,1.62,0.1,0.65,0.0654
49.7852,-98.0316,0.4446,252.56,228.29,19.6,19.6,1.32,0.1,0.65,0.0442
49.7852,-98.0265,0.4241,251.74,225.76,19.6,19.6,1.11,0.1,0.65,0.0126
49.7852,-98.0213,0.4599,250.43,220.59,19.6,19.6,1.37,0.1,0.65,0.0206
49.7852,-98.0161,0.4979,249.9,212.8,19.6,19.6,1.58,0.1,0.65,0.0237
49.7852,-98.0109,0.5112,249.37,209.03,19.6,19.6,1.56,0.1,0.65,0.0231
49.7852,-98.0057,0.5378,248.56,207.95,19.6,19.6,1.63,0.1,0.65,0.0253
49.7852,-98.0005,0.5249,247.36,208.44,19.6,19.6,1.41,0.1,0.65,0.0702
49.7852,-97.9953,0.4988,245.76,211.25,19.6,19.6,1.02,0.1,0.65,0.0389
49.7852,-97.9901,0.4706,246.2,215.83,19.6,19.6,0.9,0.1,0.65,0.0278
49.7852,-97.985,0.4825,248.81,221.45,19.6,19.6,1.41,0.1,0.65,0.0414
49.7852,-97.9798,0.5405,250.86,225.5,19.6,19.6,2.13,0.1,0.65,0.0342
49.7852,-97.9746,0.5561,251.76,225.82,19.6,19.6,2.31,0.1,0.65,0.0339
49.7852,-97.9694,0.5561,252.1,223.84,19.6,19.6,1.97,0.1,0.65,0.0322
49.7852,-97.9642,0.483,254.61,223.8,19.6,19.6,1.73,0.1,0.65,0.0624
49.7852,-97.959,0.4371,258.98,223.95,19.6,19.6,1.72,0.1,0.65,0.045
49.7852,-97.9538,0.4516,259.76,221.67,19.6,19.6,1.97,0.1,0.65,0.0253
49.7852,-97.9487,0.5184,258.04,220.33,19.6,19.6,2.4,0.1,0.65,0.031
49.7852,-97.9435,0.5464,255.49,220.61,19.6,19.6,2.24,0.1,0.65,0.0366
49.7852,-97.9383,0.5186,253.2,222.73,19.7,19.7,1.74,0.1,0.65,0.0755
49.7852,-97.9331,0.46,254.36,226.26,19.7,19.7,1.31,0.1,0.65,0.0454
49.7852,-97.9279,0.3983,258.47,229.41,19.7,19.7,1.28,0.1,0.65,0.0329
49.7852,-97.9227,0.3829,261.5,230.75,19.7,19.7,1.61,0.1,0.65,0.0421
49.7852,-97.9175,0.3941,261.44,230.19,19.7,19.7,1.8,0.1,0.65,0.0202
49.7852,-97.9123,0.4209,259.48,229.92,19.7,19.7,1.73,0.1,0.65,0.0579
49.7852,-97.9072,0.4605,257.61,230.2,19.7,19.7,1.72,0.1,0.65,0.0592
49.7852,-97.902,0.4702,257.92,230.0,19.7,19.7,1.88,0.1,0.65,0.0829
49.7852,-97.8968,0.3922,262.63,229.63,19.7,19.7,1.71,0.1,0.65,0.0153
49.7852,-97.8916,0.3119,267.39,229.5,19.7,19.7,1.35,0.1,0.65,0.0136
49.7852,-97.8864,0.2673,269.55,230.46,19.7,19.7,0.98,0.1,0.65,0.0119
49.7852,-97.8812,0.2598,269.74,233.78,19.7,19.7,0.98,0.1,0.65,0.0114
49.7852,-97.876,0.2893,267.69,239.01,19.7,19.7,1.37,0.1,0.65,0.0146
49.7852,-97.8709,0.3302,265.7,240.11,19.7,19.7,1.74,0.1,0.65,0.0144
49.7852,-97.8657,0.3562,264.8,237.68,19.7,19.7,1.81,0.1,0.65,0.0179
49.7852,-97.8605,0.4055,263.41,233.31,19.7,19.7,2.07,0.1,0.65,0.0172
49.7852,-97.8553,0.4463,262.59,227.99,19.7,19.7,2.37,0.1,0.65,0.0289
49.7852,-97.8501,0.4415,263.05,224.36,19.7,19.7,2.32,0.1,0.65,0.0285
49.7852,-97.8449,0.3768,265.51,224.25,19.7,19.7,1.82,0.1,0.65,0.0194
49.7852,-97.8397,0.3247,269.24,226.38,19.7,19.7,1.55,0.1,0.65,0.0298
49.7852,-97.8345,0.3114,270.63,229.02,19.8,19.8,1.53,0.1,0.65,0.0366
49.7852,-97.8294,0.3258,270.3,232.53,19.8,19.8,1.76,0.1,0.65,0.0435
49.7852,-97.8242,0.3594,269.7,236.94,19.8,19.8,2.18,0.1,0.65,0.0554
49.7852,-97.819,0.3834,269.41,240.64,19.8,19.8,2.41,0.1,0.65,0.0228
49.7852,-97.8138,0.3996,271.84,242.5,19.9,19.9,2.94,0.1,0.65,0.0342
49.7852,-97.8086,0.3494,275.57,242.82,19.9,19.9,3.18,0.1,0.65,0.0255
49.7852,-97.8034,0.3198,277.29,242.32,19.9,19.9,3.2,0.1,0.65,0.0313
49.7852,-97.7982,0.3171,276.34,240.39,19.9,19.9,3.03,0.1,0.65,0.0213
49.7852,-97.7931,0.3263,274.25,239.38,19.9,19.9,2.87,0.1,0.65,0.0201
49.7852,-97.7879,0.3405,272.74,240.87,19.9,19.9,2.83,0.1,0.65,0.0244
49.7852,-97.7827,0.3037,273.05,243.29,19.9,19.9,2.27,0.1,0.65,0.019
49.7852,-97.7775,0.2497,274.49,245.14,19.9,19.9,1.55,0.1,0.65,0.0145
49.7852,-97.7723,0.2139,275.3,246.22,19.9,19.9,0.95,0.1,0.65,0.0123
49.7852,-97.7671,0.2155,275.21,246.81,19.9,19.9,0.87,0.1,0.65,0.0113
49.7852,-97.7619,0.232,274.34,247.79,19.9,19.9,1.02,0.1,0.65,0.013
49.7852,-97.7567,0.2364,273.04,248.9,19.9,19.9,1.02,0.1,0.65,0.0113
49.7852,-97.7516,0.2427,270.71,250.67,19.9,19.9,0.96,0.1,0.65,0.0111
49.7912,-98.1198,0.2503,262.06,236.02,19.6,19.6,3.03,0.8,0.1,0.0203
49.7912,-98.1146,0.2847,257.91,233.53,19.6,19.6,2.54,0.78,0.11,0.0256
49.7912,-98.1094,0.3202,252.93,229.8,19.6,19.6,2.03,0.71,0.16,0.0249
49.7912,-98.1043,0.3446,248.95,225.58,19.6,19.6,1.32,0.63,0.21,0.0376
49.7912,-98.0991,0.3966,244.47,221.37,19.6,19.6,1.22,0.55,0.26,0.0405
49.7912,-98.0939,0.4734,238.22,217.51,19.6,19.6,1.22,0.48,0.32,0.0424
49.7912,-98.0887,0.4982,233.06,214.57,19.6,19.6,1.23,0.45,0.36,0.0578
49.7912,-98.0835,0.486,232.82,212.73,19.6,19.6,1.08,0.42,0.4,0.0463
49.7912,-98.0783,0.5039,236.66,211.99,19.6,19.6,0.74,0.31,0.49,0.0285
49.7912,-98.0731,0.5237,239.3,212.0,19.5,19.5,0.98,0.23,0.55,0.0431
49.7912,-98.0679,0.5463,240.3,212.18,19.5,19.5,1.34,0.17,0.59,0.0677
49.7912,-98.0628,0.5548,240.9,212.1,19.5,19.5,1.6,0.11,0.64,0.0349
49.7912,-98.0576,0.5561,241.97,213.45,19.5,19.5,1.99,0.1,0.65,0.0343
49.7912,-98.0524,0.5561,245.03,218.72,19.6,19.6,2.41,0.1,0.65,0.0526
49.7912,-98.0472,0.5561,250.12,224.9,19.6,19.6,2.4,0.1,0.65,0.049
49.7912,-98.042,0.5507,256.18,229.18,19.6,19.6,2.44,0.1,0.65,0.0438
49.7912,-98.0368,0.4022,261.95,232.42,19.6,19.6,1.9,0.1,0.65,0.0214
49.7912,-98.0316,0.3226,263.88,234.61,19.6,19.6,1.17,0.1,0.65,0.0232
49.7912,-98.0265,0.3067,260.45,234.85,19.6,19.6,0.63,0.1,0.65,0.0143
49.7912,-98.0213,0.3408,256.97,231.45,19.6,19.6,0.83,0.1,0.65,0.0124
49.7912,-98.0161,0.3819,255.96,223.91,19.6,19.6,1.3,0.1,0.65,0.0176
49.7912,-98.0109,0.4305,255.61,219.15,19.6,19.6,1.65,0.1,0.65,0.0215
49.7912,-98.0057,0.469,254.59,217.02,19.6,19.6,1.75,0.1,0.65,0.022
49.7912,-98.0005,0.4791,252.54,215.42,19.6,19.6,1.52,0.1,0.65,0.0209
49.7912,-97.9953,0.5084,249.35,214.65,19.6,19.6,1.45,0.1,0.65,0.052
49.7912,-97.9901,0.5235,247.99,216.13,19.6,19.6,1.66,0.1,0.65,0.079
49.7912,-97.985,0.5538,249.17,219.24,19.6,19.6,2.03,0.1,0.65,0.0333
49.7912,-97.9798,0.5561,250.68,221.55,19.6,19.6,2.24,0.1,0.65,0.0354
49.7912,-97.9746,0.5561,252.12,222.58,19.6,19.6,2.24,0.1,0.65,0.0485
49.7912,-97.9694,0.5007,253.55,223.52,19.6,19.6,1.68,0.1,0.65,0.0685
49.7912,-97.9642,0.465,256.18,225.06,19.6,19.6,1.4,0.1,0.65,0.048
49.7912,-97.959,0.4494,259.91,223.95,19.6,19.6,1.54,0.1,0.65,0.0534
49.7912,-97.9538,0.484,259.91,220.63,19.6,19.6,1.98,0.1,0.65,0.0295
49.7912,-97.9487,0.5135,258.14,219.81,19.6,19.6,2.14,0.1,0.65,0.0294
49.7912,-97.9435,0.5186,256.01,221.29,19.6,19.6,2.02,0.1,0.65,0.0275
49.7912,-97.9383,0.5012,254.65,225.0,19.7,19.7,1.81,0.1,0.65,0.056
49.7912,-97.9331,0.487,255.4,229.06,19.7,19.7,1.78,0.1,0.65,0.0727
49.7912,-97.9279,0.5141,256.86,229.73,19.7,19.7,2.16,0.1,0.65,0.0371
49.7912,-97.9227,0.5416,257.48,227.68,19.7,19.7,2.43,0.1,0.65,0.0415
49.7912,-97.9175,0.4954,257.31,225.02,19.7,19.7,2.1,0.1,0.65,0.033
49.7912,-97.9123,0.4406,256.88,224.89,19.7,19.7,1.52,0.1,0.65,0.041
49.7912,-97.9072,0.4169,256.07,227.0,19.7,19.7,1.17,0.1,0.65,0.0306
49.7912,-97.902,0.4362,256.14,227.02,19.7,19.7,1.37,0.1,0.65,0.0446
49.7912,-97.8968,0.397,259.78,224.58,19.7,19.7,1.46,0.1,0.65,0.0163
49.7912,-97.8916,0.3348,263.63,222.78,19.7,19.7,1.21,0.1,0.65,0.0138
49.7912,-97.8864,0.2939,264.92,223.05,19.7,19.7,0.77,0.1,0.65,0.0116
49.7912,-97.8812,0.283,264.47,225.83,19.7,19.7,0.62,0.1,0.65,0.0107
49.7912,-97.876,0.2992,262.52,231.04,19.7,19.7,0.87,0.1,0.65,0.0115
49.7912,-97.8709,0.3186,262.14,234.03,19.7,19.7,1.12,0.1,0.65,0.0203
49.7912,-97.8657,0.3338,263.79,235.67,19.7,19.7,1.47,0.1,0.65,0.0323
49.7912,-97.8605,0.3497,265.74,237.2,19.7,19.7,1.9,0.1,0.65,0.0182
49.7912,-97.8553,0.3402,268.75,235.53,19.7,19.7,2.06,0.1,0.65,0.0195
49.7912,-97.8501,0.3319,271.77,232.74,19.7,19.7,2.37,0.1,0.65,0.0171
49.7912,-97.8449,0.2979,274.14,231.82,19.7,19.7,2.11,0.1,0.65,0.0165
49.7912,-97.8397,0.2857,274.81,231.2,19.7,19.7,1.94,0.1,0.65,0.0143
49.7912,-97.8345,0.2922,273.28,231.57,19.8,19.8,1.77,0.1,0.65,0.0141
49.7912,-97.8294,0.308,271.75,233.76,19.8,19.8,1.72,0.1,0.65,0.0144
49.7912,-97.8242,0.3339,270.18,236.41,19.8,19.8,2.01,0.1,0.65,0.0134
49.7912,-97.819,0.358,268.43,238.51,19.9,19.9,2.23,0.1,0.65,0.0236
49.7912,-97.8138,0.3674,268.75,241.49,19.9,19.9,2.59,0.1,0.65,0.0242
49.7912,-97.8086,0.3364,272.28,244.79,19.9,19.9,2.76,0.1,0.65,0.0284
49.7912,-97.8034,0.3204,274.25,245.23,19.9,19.9,2.71,0.1,0.65,0.0211
49.7912,-97.7982,0.3263,273.64,242.57,19.9,19.9,2.64,0.1,0.65,0.0197
49.7912,-97.7931,0.3389,272.7,241.04,19.9,19.9,2.68,0.1,0.65,0.0218
49.7912,-97.7879,0.3487,272.34,242.24,19.9,19.9,2.75,0.1,0.65,0.0249
49.7912,-97.7827,0.3059,272.93,244.47,19.9,19.9,2.23,0.1,0.65,0.0152
49.7912,-97.7775,0.2567,274.07,246.99,19.9,19.9,1.53,0.1,0.65,0.0112
49.7912,-97.7723,0.2191,274.76,249.41,19.9,19.9,0.85,0.1,0.65,0.0142
49.7912,-97.7671,0.1974,274.78,250.87,19.9,19.9,0.5,0.1,0.65,0.013
49.7912,-97.7619,0.2098,274.35,251.55,19.9,19.9,0.68,0.1,0.65,0.0125
49.7912,-97.7567,0.2302,273.59,251.9,19.9,19.9,1.04,0.1,0.65,0.0103
49.7912,-97.7516,0.2476,272.48,252.54,19.9,19.9,1.37,0.1,0.65,0.0116
