GPP_Day,PARin_Day,fAPAR_Day,LE_Day,GPP_MDay,PARin_MDay,fAPAR_MDay,LE_MDay,LAI,LAIgreen,VF,TM_NDVI,TM_EVI2,TM_WDRVI_05,TM_WDRVI_1,TM_Green_NDVI,TM_VARI,TM_CIgreen,MODIS_CIgreen,MERIS_CIre,R_TM_blue,R_TM_green,R_TM_red,R_TM_IR,R_MODIS_green,R_Meris_RE,R_400,R_410,R_420,R_430,R_440,R_450,R_460,R_470,R_480,R_490,R_500,R_510,R_520,R_530,R_540,R_550,R_560,R_570,R_580,R_590,R_600,R_610,R_620,R_630,R_640,R_650,R_660,R_670,R_680,R_690,R_700,R_710,R_720,R_730,R_740,R_750,R_760,R_770,R_780,R_790,R_800,R_810,R_820,R_830,R_840,R_850,R_860,R_870,R_880,R_890,R_900
0.545,693.748,0.12,-108.48,0.823,1314.533,0.094,-172.517,0.355,0.346,5.963,0.207,0.108,-0.859,-0.736,0.334,-0.136,1.002,1.07,0.337,7.057,9.302,12.241,18.625,8.996,13.93,4.963,5.199,5.426,5.706,5.956,6.243,6.482,6.683,6.918,7.126,7.385,7.645,7.977,8.313,8.653,9.003,9.332,9.647,9.947,10.312,10.53,10.748,11.033,11.322,11.614,11.932,12.192,12.566,12.851,13.21,13.684,14.177,14.767,15.22,15.616,16.105,16.463,16.915,17.306,17.711,17.961,18.56,18.573,19.044,19.334,19.393,19.574,20.157,19.74,19.856,18.793
0.701,829.099,0.369,-149.851,1.044,1407.15,0.29,-238.067,1.294,1.291,57.786,0.787,0.582,-0.409,-0.088,0.707,0.181,4.815,3.986,3.195,3.81,6.891,4.781,40.068,8.036,9.552,2.197,2.412,2.654,2.862,2.958,3.097,3.178,3.241,3.349,3.593,3.935,4.47,5.615,6.962,7.819,8.244,8.045,7.259,6.463,5.894,5.717,5.476,5.159,5.069,4.968,4.728,4.549,4.441,4.554,5.159,7.509,11.596,17.394,25.301,32.966,37.794,38.273,40.949,41.193,41.38,41.351,41.039,39.311,39.934,40.97,41.18,41.08,40.483,39.997,38.642,35.236
1.054,939.362,0.59,-260.578,1.729,1700.267,0.636,-462.9,2.537,2.531,63.43,0.858,0.643,-0.209,0.134,0.785,0.224,7.309,6.038,4.877,2.788,5.002,3.174,41.559,5.905,7.072,1.7,1.893,2.106,2.259,2.306,2.374,2.443,2.473,2.504,2.572,2.74,3.173,4.022,5.097,5.759,6.055,5.902,5.241,4.569,4.251,4.119,3.893,3.567,3.449,3.336,3.139,2.993,2.89,2.956,3.457,5.273,8.87,14.291,22.554,31.428,37.543,40.317,42.133,42.297,42.77,42.86,42.76,42.412,42.396,42.326,42.157,42.431,41.549,40.572,39.436,36.971
1.635,1016.351,0.782,-263.682,2.59,1741.15,0.796,-441.5,4.488,4.475,79.25,0.887,0.601,-0.089,0.252,0.817,0.256,8.921,7.236,6.055,1.965,3.644,2.16,36.147,4.389,5.123,1.203,1.34,1.479,1.583,1.624,1.693,1.729,1.739,1.76,1.8,1.915,2.212,2.87,3.76,4.279,4.504,4.384,3.824,3.272,3.009,2.89,2.706,2.49,2.418,2.334,2.154,2.005,1.908,1.958,2.345,3.706,6.541,11.265,18.429,26.232,32.263,35.097,36.908,37.467,37.831,37.746,37.66,36.653,36.851,36.998,36.536,36.58,35.921,35.111,34.053,30.798
1.683,765.083,0.815,-201.912,2.865,1306.317,0.911,-384.433,5.721,5.665,89.24,0.926,0.809,0.129,0.443,0.869,0.288,13.326,10.698,9.057,1.977,3.714,2.051,53.205,4.548,5.291,1.256,1.398,1.542,1.654,1.665,1.722,1.752,1.749,1.75,1.786,1.907,2.22,2.928,3.897,4.45,4.674,4.521,3.882,3.266,2.968,2.84,2.634,2.399,2.324,2.227,2.048,1.89,1.778,1.839,2.253,3.729,6.852,12.525,21.796,33.05,43.149,49.707,51.695,52.947,53.877,54.147,54.55,54.804,53.928,54.208,54.118,54.646,54.121,53.088,52.213,50.021
1.862,979.468,0.936,-243.892,2.741,1529.7,0.931,-394.95,6.07,5.984,90.832,0.912,0.731,0.042,0.37,0.849,0.281,11.223,9.055,7.835,2.018,3.797,2.133,46.414,4.616,5.253,1.212,1.353,1.495,1.608,1.655,1.733,1.778,1.79,1.804,1.833,1.95,2.271,2.985,3.946,4.511,4.739,4.598,3.988,3.376,3.079,2.953,2.747,2.493,2.412,2.317,2.135,1.972,1.852,1.917,2.328,3.804,6.703,11.852,20.284,30.519,39.689,44.448,47.403,48.217,49.014,48.599,48.487,47.449,47.495,47.768,47.661,46.898,45.819,44.869,42.913,39.171
2.1,997.24,0.885,-279.796,3.346,1679.333,0.946,-484.483,6.248,6.066,87.42,0.923,0.75,0.111,0.429,0.867,0.281,13.036,10.57,9.011,1.785,3.383,1.9,47.484,4.104,4.743,1.04,1.171,1.313,1.425,1.448,1.521,1.554,1.565,1.58,1.621,1.737,2.031,2.668,3.514,4.005,4.221,4.086,3.539,3.017,2.757,2.639,2.455,2.236,2.161,2.083,1.91,1.754,1.636,1.685,2.068,3.383,6.103,11.067,19.099,29.478,38.866,44.563,47.468,48.465,49.372,49.572,49.633,49.202,48.687,48.721,48.293,48.311,47.268,46.212,44.845,41.65
1.421,604.167,0.887,-183.659,2.107,919.983,0.95,-260.9,6.301,6.06,89.512,0.911,0.743,0.035,0.364,0.86,0.235,12.267,10.093,8.35,1.968,3.596,2.226,47.707,4.301,5.102,1.111,1.257,1.401,1.545,1.59,1.684,1.738,1.754,1.756,1.787,1.911,2.228,2.889,3.739,4.219,4.416,4.267,3.726,3.219,2.997,2.89,2.734,2.542,2.48,2.418,2.247,2.069,1.949,1.996,2.423,3.789,6.416,11.086,19.085,29.743,39.714,45.145,48.458,50.086,50.768,50.86,50.651,48.517,49.271,49.349,49.492,47.958,47.511,46.413,43.863,37.258
1.337,607.612,0.888,-139.146,2.478,1138.383,0.95,-255.233,6.295,5.985,92.599,0.9,0.838,-0.026,0.31,0.857,0.188,11.956,10.084,7.699,2.53,4.544,3.104,58.877,5.312,6.769,1.301,1.496,1.697,1.861,1.951,2.103,2.172,2.229,2.263,2.333,2.525,2.926,3.687,4.652,5.207,5.428,5.301,4.724,4.16,3.938,3.801,3.622,3.405,3.364,3.293,3.096,2.922,2.794,2.846,3.409,5.146,8.391,14.186,23.956,36.496,47.702,54.25,58.341,59.554,61.031,61.247,61.592,60.148,60.212,60.803,60.593,60.757,59.47,58.38,56.357,50.415
1.877,1011.912,0.821,-256.702,2.783,1659.983,0.948,-472.183,6.284,5.815,92.761,0.885,0.64,-0.099,0.243,0.842,0.169,10.659,9.093,6.848,1.974,3.398,2.415,39.621,3.926,5.049,1.209,1.32,1.455,1.575,1.633,1.709,1.754,1.779,1.799,1.833,1.952,2.214,2.749,3.419,3.824,4.014,3.939,3.557,3.176,2.991,2.916,2.785,2.636,2.588,2.536,2.4,2.284,2.186,2.254,2.656,3.875,6.222,10.254,16.748,24.854,32.051,36.279,38.504,39.39,40.528,40.453,40.995,40.378,40.342,40.68,40.849,40.814,40.177,39.504,38.966,36.458
1.594,976.831,0.822,-317.832,2.589,1626.717,0.948,-548.5,6.276,5.702,93.003,0.876,0.6,-0.141,0.202,0.83,0.166,9.781,8.386,6.364,1.946,3.399,2.432,36.648,3.904,4.977,1.118,1.233,1.373,1.5,1.568,1.65,1.71,1.741,1.776,1.822,1.937,2.204,2.73,3.389,3.792,3.986,3.935,3.57,3.2,3.032,2.961,2.839,2.686,2.641,2.589,2.434,2.304,2.188,2.237,2.629,3.85,6.103,9.898,16.15,23.834,30.45,34.112,36.466,37.245,37.972,38.143,38.349,37.836,37.855,38.066,37.815,37.514,36.821,35.94,34.255,31.332
0.345,875.238,0.241,-108.794,0.503,1479.6,0.215,-178.433,0.3,0.295,3.974,0.181,0.115,-0.865,-0.748,0.312,-0.139,0.908,0.963,0.272,9.466,12.992,17.182,24.795,12.63,19.493,5.844,6.163,6.535,6.979,7.376,7.821,8.195,8.583,9.023,9.581,10.372,10.956,11.196,11.741,12.247,12.69,12.953,13.348,13.81,14.261,14.682,15.054,15.47,15.878,16.285,16.769,17.135,17.596,18.02,18.589,19.208,19.779,20.587,21.232,21.757,22.259,22.303,23.168,23.678,24.17,24.228,24.594,24.698,24.957,25.469,25.77,25.924,26.02,25.927,25.845,25.168
0.512,878.824,0.381,-169.112,0.71,1479.467,0.323,-274.2,1.03,1.025,48.708,0.729,0.509,-0.517,-0.222,0.642,0.162,3.59,2.872,2.439,4.415,7.879,5.68,36.167,9.34,10.515,2.391,2.637,2.888,3.096,3.242,3.409,3.52,3.61,3.741,4.167,4.844,5.574,6.457,8.143,9.23,9.677,9.115,7.924,7.095,6.681,6.586,6.345,6.041,5.939,5.85,5.616,5.406,5.333,5.472,6.143,8.494,12.536,18.111,24.526,30.225,34.083,34.801,36.385,36.781,37.32,36.914,37.045,35.732,36.21,36.934,36.893,37.274,36.633,36.062,35.172,32.345
1.026,944.0,0.548,-252.235,1.688,1694.833,0.583,-457.983,2.265,2.26,53.261,0.838,0.639,-0.275,0.065,0.773,0.185,6.825,5.706,4.439,3.057,5.417,3.724,42.389,6.322,7.793,1.745,1.955,2.197,2.38,2.482,2.614,2.699,2.734,2.799,2.849,3.007,3.424,4.33,5.442,6.151,6.486,6.328,5.707,5.034,4.709,4.569,4.319,4.028,3.932,3.873,3.694,3.542,3.431,3.541,4.056,5.88,9.706,15.886,24.502,33.338,39.318,41.595,43.522,43.991,44.379,44.101,44.11,43.582,43.137,43.18,42.802,42.742,41.97,40.91,39.522,36.296
1.412,1028.356,0.748,-258.081,2.242,1760.467,0.773,-426.433,3.725,3.712,82.605,0.895,0.717,-0.052,0.287,0.821,0.279,9.169,7.391,6.345,2.377,4.552,2.566,46.292,5.517,6.302,1.411,1.582,1.755,1.897,1.944,2.019,2.072,2.087,2.11,2.166,2.314,2.701,3.547,4.686,5.372,5.673,5.506,4.786,4.092,3.724,3.586,3.331,3.027,2.918,2.805,2.573,2.372,2.223,2.289,2.783,4.52,8.085,14.096,23.035,32.843,40.531,44.724,46.994,47.534,48.195,48.165,47.903,47.041,46.946,47.105,46.95,47.191,46.111,44.813,44.235,40.473
1.42,813.388,0.849,-209.231,2.233,1300.233,0.893,-377.417,5.296,5.274,89.158,0.921,0.793,0.096,0.416,0.863,0.282,12.599,10.145,8.667,2.041,3.823,2.143,51.988,4.665,5.378,1.221,1.37,1.524,1.651,1.684,1.762,1.801,1.806,1.813,1.847,1.97,2.302,3.028,4.005,4.572,4.798,4.623,3.994,3.367,3.077,2.94,2.73,2.486,2.402,2.314,2.137,1.975,1.867,1.937,2.37,3.839,6.917,12.555,21.926,33.546,43.674,49.356,52.731,53.462,54.243,54.337,54.538,53.922,53.404,53.342,52.921,52.657,51.347,50.24,48.728,44.588
1.551,1002.393,0.923,-251.187,2.47,1570.683,0.918,-404.667,6.047,5.965,84.079,0.922,0.766,0.104,0.423,0.86,0.299,12.316,9.857,8.624,1.926,3.694,1.995,49.192,4.531,5.111,1.213,1.332,1.474,1.594,1.617,1.679,1.711,1.714,1.71,1.734,1.844,2.149,2.865,3.839,4.416,4.662,4.514,3.887,3.268,2.962,2.834,2.62,2.371,2.282,2.196,2.01,1.833,1.704,1.759,2.181,3.625,6.598,11.921,20.661,31.44,41.175,46.84,49.469,50.371,51.374,50.861,51.25,50.529,50.589,50.093,49.956,49.509,48.49,47.937,47.042,43.566
1.85,1011.573,0.878,-280.073,2.947,1696.967,0.938,-485.35,6.208,6.074,86.769,0.929,0.773,0.149,0.46,0.876,0.283,14.082,11.438,9.775,1.719,3.272,1.827,49.347,3.967,4.58,0.989,1.114,1.252,1.369,1.401,1.468,1.501,1.509,1.512,1.546,1.665,1.962,2.584,3.409,3.873,4.073,3.955,3.428,2.92,2.658,2.546,2.36,2.15,2.074,1.995,1.833,1.681,1.563,1.631,2.014,3.277,5.883,10.694,18.867,29.627,39.571,45.78,49.039,50.051,51.122,51.317,51.689,51.402,50.791,50.447,50.732,50.224,49.175,48.355,46.59,43.487
1.548,621.827,0.946,-175.347,2.291,950.817,0.943,-271.567,6.232,6.07,88.052,0.92,0.823,0.09,0.411,0.87,0.249,13.423,11.012,8.867,2.038,3.829,2.304,55.231,4.598,5.598,1.072,1.24,1.413,1.549,1.611,1.702,1.759,1.78,1.798,1.846,1.995,2.348,3.077,3.996,4.513,4.712,4.568,3.977,3.421,3.149,3.051,2.864,2.642,2.582,2.499,2.321,2.145,1.991,2.051,2.542,4.1,7.096,12.547,21.88,33.619,44.513,50.6,55.836,56.74,57.675,57.93,57.492,57.507,57.117,57.304,56.752,56.533,55.374,54.013,51.591,46.0
1.17,636.167,0.889,-172.347,2.091,1195.067,0.95,-316.85,6.259,6.029,93.107,0.903,0.863,-0.012,0.323,0.861,0.186,12.42,10.485,8.026,2.564,4.584,3.148,61.514,5.356,6.815,1.308,1.502,1.706,1.882,1.978,2.108,2.192,2.253,2.298,2.38,2.566,2.97,3.744,4.689,5.254,5.469,5.345,4.774,4.189,3.949,3.842,3.647,3.44,3.397,3.332,3.151,2.97,2.832,2.898,3.459,5.2,8.431,14.357,24.173,36.61,48.18,56.653,60.063,61.607,63.229,63.959,64.36,63.806,63.822,63.866,63.367,63.33,62.062,60.707,58.946,52.933
1.625,1034.82,0.821,-274.707,2.567,1701.767,0.948,-456.433,6.319,5.935,93.085,0.882,0.596,-0.113,0.229,0.834,0.181,10.039,8.514,6.588,1.871,3.26,2.258,35.987,3.782,4.742,1.056,1.191,1.338,1.449,1.51,1.585,1.642,1.667,1.702,1.751,1.862,2.121,2.634,3.292,3.68,3.864,3.804,3.411,3.035,2.848,2.772,2.644,2.488,2.444,2.382,2.244,2.136,2.036,2.096,2.472,3.634,5.85,9.618,15.692,23.315,30.07,33.886,36.328,37.063,37.667,37.531,37.69,36.886,36.817,37.07,37.212,36.731,35.634,35.203,33.671,30.408
1.521,999.513,0.82,-276.4,2.447,1662.467,0.947,-471.467,6.36,5.873,93.053,0.875,0.648,-0.141,0.201,0.829,0.169,9.702,8.32,6.236,2.157,3.83,2.725,40.991,4.398,5.665,1.197,1.344,1.505,1.643,1.72,1.82,1.885,1.926,1.958,2.012,2.148,2.454,3.054,3.804,4.265,4.498,4.432,4.036,3.619,3.423,3.339,3.191,3.005,2.955,2.896,2.735,2.585,2.442,2.495,2.967,4.37,6.959,11.316,18.266,26.759,34.18,38.24,40.757,41.75,42.377,42.597,42.681,42.07,42.235,42.14,41.786,42.101,40.964,40.298,39.007,35.86
1.315,1006.62,0.826,-203.953,2.1,1669.583,0.952,-350.55,6.208,5.722,93.737,0.875,0.682,-0.142,0.201,0.83,0.166,9.75,8.359,6.182,2.301,4.113,2.94,44.213,4.724,6.156,1.252,1.408,1.585,1.743,1.84,1.949,2.027,2.067,2.099,2.155,2.285,2.594,3.229,4.05,4.562,4.826,4.783,4.357,3.908,3.69,3.61,3.453,3.255,3.207,3.134,2.943,2.78,2.631,2.689,3.194,4.76,7.553,12.109,19.479,28.911,36.777,40.967,43.875,44.468,45.645,45.591,45.754,45.663,45.35,45.567,45.418,45.669,44.13,43.579,42.253,39.274
1.851,1024.3,0.84,-247.353,2.884,1730.05,0.877,-434.833,3.896,3.837,84.989,0.898,0.653,-0.035,0.302,0.847,0.213,11.095,9.291,7.636,1.904,3.317,2.153,40.116,3.898,4.645,1.122,1.249,1.384,1.514,1.563,1.642,1.69,1.704,1.72,1.759,1.872,2.143,2.702,3.405,3.814,3.988,3.893,3.457,3.03,2.828,2.736,2.59,2.407,2.35,2.28,2.146,2.03,1.929,1.987,2.346,3.485,5.805,10.031,17.022,25.825,33.521,37.836,40.269,41.214,41.746,41.554,41.682,41.222,40.986,41.176,41.299,41.161,39.985,39.465,37.762,34.379
1.384,614.647,0.923,-166.6,1.989,941.5,0.912,-257.383,3.887,3.798,84.675,0.89,0.741,-0.075,0.265,0.841,0.197,10.563,8.873,7.191,2.395,4.246,2.851,49.095,4.973,5.994,1.261,1.434,1.627,1.79,1.873,1.999,2.066,2.109,2.151,2.218,2.39,2.76,3.472,4.367,4.871,5.077,4.969,4.418,3.88,3.639,3.517,3.344,3.139,3.085,3.027,2.861,2.689,2.566,2.621,3.107,4.554,7.433,12.635,21.288,31.91,41.284,46.552,49.538,50.337,51.437,51.407,51.281,50.001,49.968,50.604,50.456,50.334,49.264,47.978,46.638,40.629
1.291,618.88,0.861,-141.24,2.215,1120.15,0.91,-252.8,3.873,3.734,91.317,0.87,0.691,-0.163,0.181,0.825,0.159,9.459,8.147,6.325,2.532,4.35,3.158,45.492,4.974,6.211,1.27,1.441,1.643,1.83,1.945,2.085,2.18,2.25,2.309,2.387,2.556,2.916,3.576,4.391,4.857,5.073,4.991,4.53,4.066,3.873,3.789,3.646,3.466,3.413,3.333,3.158,2.996,2.861,2.922,3.421,4.888,7.533,12.184,19.908,29.571,37.958,42.734,45.474,46.471,47.138,47.327,47.962,46.857,47.167,47.145,46.815,46.714,45.84,44.336,42.64,37.755
1.6,1048.08,0.788,-230.847,2.389,1716.717,0.898,-393.633,3.841,3.59,86.576,0.828,0.498,-0.305,0.032,0.786,0.121,7.353,6.478,4.733,2.199,3.602,2.825,30.09,4.024,5.249,1.167,1.325,1.489,1.647,1.739,1.853,1.928,1.98,2.035,2.106,2.235,2.495,2.961,3.547,3.905,4.093,4.074,3.781,3.472,3.323,3.266,3.173,3.042,3.01,2.949,2.804,2.699,2.601,2.662,3.051,4.205,6.293,9.644,14.754,20.74,25.719,28.182,30.143,30.644,31.271,31.189,31.356,30.753,30.638,30.994,30.845,31.05,30.087,29.531,28.427,26.247
1.471,1008.32,0.786,-249.9,2.197,1680.933,0.892,-429.433,3.8,3.446,79.465,0.722,0.443,-0.528,-0.236,0.687,0.068,4.399,4.045,2.725,3.453,5.549,4.844,29.958,5.938,8.042,1.431,1.755,2.121,2.418,2.634,2.839,3.004,3.119,3.224,3.35,3.574,3.952,4.562,5.244,5.711,6.01,6.093,5.874,5.583,5.459,5.407,5.312,5.165,5.143,5.085,4.877,4.682,4.472,4.502,5.148,6.814,9.271,12.482,17.16,22.026,26.138,28.014,29.649,30.185,30.723,30.712,30.88,30.561,30.819,30.876,30.764,30.967,30.498,29.494,28.701,26.532
0.195,1025.556,0.142,-59.0,0.291,1761.717,0.116,-92.167,0.224,0.224,3.431,0.217,0.141,-0.856,-0.731,0.338,-0.13,1.019,1.068,0.352,9.804,13.132,17.067,26.521,12.827,19.614,6.296,6.671,7.058,7.533,7.934,8.332,8.772,9.179,9.582,9.974,10.397,10.839,11.359,11.903,12.379,12.846,13.254,13.592,13.914,14.281,14.663,15.039,15.433,15.813,16.254,16.626,17.07,17.46,17.837,18.411,19.144,20.085,20.971,21.884,22.7,23.228,23.58,24.219,24.631,25.05,25.403,25.891,26.305,26.701,26.988,27.415,27.704,28.14,28.346,28.71,28.73
0.256,716.547,0.341,-122.182,0.37,1096.617,0.297,-174.9,0.66,0.66,19.428,0.404,0.257,-0.789,-0.618,0.467,-0.078,1.755,1.714,0.848,7.279,10.15,11.862,27.966,10.306,15.132,4.747,5.07,5.425,5.747,5.998,6.282,6.546,6.785,7.023,7.281,7.581,8.031,8.706,9.48,9.985,10.362,10.571,10.555,10.454,10.547,10.69,10.822,10.947,11.19,11.415,11.59,11.745,11.949,12.257,12.89,14.1,16.164,18.853,21.259,23.581,24.911,25.582,26.033,26.417,26.86,27.134,27.532,27.862,28.124,28.352,28.608,28.852,29.041,29.429,29.838,29.833
0.729,978.625,0.433,-164.138,1.167,1670.233,0.414,-278.633,1.201,1.2,34.315,0.514,0.309,-0.731,-0.525,0.554,-0.056,2.481,2.348,1.24,5.282,7.709,8.626,26.836,8.015,11.983,3.415,3.64,3.865,4.098,4.287,4.501,4.703,4.89,5.072,5.251,5.502,5.865,6.471,7.23,7.766,8.101,8.179,7.985,7.836,7.854,7.961,8.031,8.061,8.214,8.35,8.416,8.505,8.594,8.852,9.45,10.877,13.089,16.026,19.388,22.179,23.864,24.594,25.225,25.665,25.981,26.299,26.489,26.786,26.982,27.238,27.634,27.697,27.678,27.897,28.448,27.93
0.83,881.176,0.492,-149.688,1.39,1597.25,0.478,-269.583,1.66,1.657,40.482,0.529,0.371,-0.72,-0.51,0.57,-0.059,2.654,2.52,1.397,6.454,9.359,10.524,34.193,9.715,14.265,4.255,4.56,4.84,5.118,5.323,5.558,5.786,5.972,6.173,6.388,6.686,7.145,7.923,8.821,9.422,9.802,9.922,9.697,9.485,9.501,9.656,9.721,9.811,10.008,10.161,10.278,10.402,10.538,10.831,11.447,12.956,15.574,19.258,23.769,27.673,30.157,31.18,32.183,32.626,33.007,33.341,33.601,33.95,34.296,34.812,35.074,35.431,35.591,35.713,36.078,36.017
0.985,940.1,0.536,-162.782,1.623,1694.0,0.513,-295.933,2.348,2.342,33.505,0.567,0.352,-0.693,-0.468,0.601,-0.052,3.018,2.872,1.647,4.964,7.166,7.952,28.795,7.438,10.878,3.249,3.493,3.7,3.934,4.107,4.283,4.455,4.607,4.757,4.924,5.141,5.484,6.062,6.747,7.207,7.504,7.602,7.435,7.27,7.289,7.381,7.429,7.459,7.591,7.718,7.774,7.849,7.93,8.154,8.65,9.838,11.918,14.871,18.814,22.642,25.171,26.218,27.129,27.557,27.935,28.204,28.42,28.636,28.916,29.18,29.616,29.683,29.878,29.988,30.314,30.252
1.068,986.706,0.602,-205.441,1.824,1753.8,0.565,-367.683,3.037,3.027,43.808,0.673,0.45,-0.593,-0.324,0.676,-0.006,4.173,3.841,2.455,4.279,6.44,6.522,33.317,6.882,9.642,2.675,2.902,3.122,3.316,3.475,3.634,3.792,3.918,4.057,4.214,4.427,4.786,5.406,6.182,6.688,6.968,6.99,6.682,6.388,6.306,6.349,6.311,6.256,6.326,6.392,6.39,6.403,6.435,6.603,7.107,8.444,10.84,14.783,20.0,25.405,29.227,31.022,31.927,32.433,32.743,33.115,33.32,33.415,33.593,33.771,33.952,34.156,34.047,34.139,34.494,33.627
1.156,975.424,0.756,-262.024,2.042,1755.6,0.755,-443.35,3.955,3.941,65.852,0.815,0.576,-0.341,-0.008,0.772,0.117,6.775,5.822,4.165,2.888,4.848,3.833,37.694,5.525,7.298,1.827,2.001,2.161,2.307,2.381,2.484,2.556,2.609,2.669,2.737,2.888,3.231,3.931,4.838,5.382,5.643,5.551,5.062,4.575,4.353,4.296,4.146,3.968,3.946,3.918,3.793,3.681,3.596,3.702,4.197,5.81,8.786,13.718,20.636,27.68,32.873,35.43,36.663,37.181,37.461,37.88,37.917,37.873,38.133,38.299,38.354,38.489,38.176,38.39,37.807,37.36
1.134,604.463,0.81,-127.081,1.819,1039.367,0.798,-235.217,4.363,4.324,83.923,0.869,0.777,-0.169,0.174,0.81,0.198,8.503,7.046,5.356,3.172,5.779,3.865,54.916,6.826,8.641,1.981,2.236,2.409,2.58,2.626,2.708,2.776,2.813,2.828,2.895,3.102,3.601,4.65,5.952,6.685,6.983,6.809,6.034,5.241,4.888,4.765,4.494,4.201,4.13,4.049,3.849,3.658,3.505,3.604,4.256,6.501,10.78,18.091,28.688,39.608,47.522,51.858,53.647,54.221,54.85,55.252,55.444,55.628,55.903,55.34,55.55,55.414,55.338,55.147,55.583,54.571
1.635,982.106,0.885,-277.138,2.81,1684.95,0.884,-501.35,5.386,5.281,88.23,0.897,0.753,-0.044,0.294,0.839,0.232,10.422,8.544,6.772,2.376,4.357,2.715,49.764,5.214,6.403,1.452,1.633,1.78,1.914,1.956,2.031,2.084,2.103,2.13,2.167,2.312,2.683,3.496,4.521,5.106,5.349,5.187,4.545,3.906,3.607,3.493,3.278,3.04,2.98,2.903,2.723,2.537,2.4,2.474,2.988,4.69,8.115,13.976,22.943,33.44,41.983,46.538,48.595,49.427,49.94,50.059,50.376,50.137,50.373,50.43,50.453,50.524,50.376,50.075,50.342,48.819
1.118,471.427,0.909,-114.227,1.789,779.45,0.903,-176.533,5.674,5.573,88.901,0.917,0.785,0.069,0.393,0.864,0.252,12.714,10.354,8.312,2.034,3.758,2.245,51.535,4.539,5.534,1.209,1.395,1.54,1.673,1.703,1.757,1.793,1.8,1.807,1.834,1.963,2.297,3.022,3.936,4.455,4.652,4.509,3.912,3.329,3.055,2.949,2.752,2.529,2.465,2.387,2.228,2.088,1.978,2.06,2.509,4.039,7.03,12.433,21.272,32.396,42.149,48.073,50.196,51.34,51.843,52.299,52.638,52.474,52.283,52.334,52.286,52.016,51.948,51.753,51.51,50.027
1.864,1019.327,0.92,-268.793,2.921,1636.617,0.922,-455.85,6.058,5.962,92.445,0.917,0.724,0.073,0.397,0.865,0.252,12.83,10.471,8.31,1.774,3.283,1.961,45.405,3.958,4.877,1.097,1.24,1.364,1.484,1.507,1.55,1.578,1.583,1.586,1.607,1.708,1.988,2.597,3.398,3.864,4.071,3.939,3.419,2.941,2.703,2.615,2.431,2.235,2.176,2.108,1.96,1.818,1.715,1.771,2.182,3.536,6.217,10.91,18.523,28.114,36.626,41.368,44.007,44.854,45.516,45.902,45.983,46.068,46.08,46.213,46.218,46.246,46.095,45.835,45.562,45.124
1.805,1002.88,0.932,-289.86,2.921,1690.383,0.934,-525.567,6.038,5.914,94.053,0.916,0.716,0.068,0.392,0.866,0.243,12.973,10.67,8.362,1.765,3.206,1.954,44.792,3.838,4.784,1.076,1.219,1.349,1.48,1.501,1.539,1.57,1.58,1.582,1.61,1.708,1.975,2.559,3.32,3.749,3.943,3.823,3.341,2.877,2.663,2.575,2.408,2.22,2.17,2.1,1.954,1.82,1.709,1.759,2.167,3.493,6.076,10.615,18.015,27.444,35.853,40.676,43.233,44.101,44.783,45.073,45.249,45.672,45.529,45.632,45.749,45.507,45.386,45.41,45.175,44.7
1.564,1026.713,0.942,-263.56,2.512,1667.45,0.948,-469.167,6.004,5.834,93.461,0.902,0.753,-0.017,0.318,0.859,0.188,12.193,10.237,7.676,2.101,3.745,2.558,49.407,4.397,5.694,1.153,1.33,1.497,1.651,1.717,1.797,1.855,1.884,1.907,1.948,2.063,2.362,2.993,3.797,4.282,4.507,4.402,3.91,3.439,3.222,3.154,3.007,2.825,2.774,2.721,2.559,2.407,2.279,2.339,2.825,4.335,7.054,11.72,19.575,29.907,39.247,44.836,47.675,48.798,49.464,50.086,50.359,50.187,50.176,50.398,50.199,50.531,50.436,50.004,49.589,48.36
1.873,998.92,0.94,-245.08,3.001,1632.067,0.942,-415.317,5.991,5.802,93.862,0.895,0.774,-0.052,0.286,0.854,0.173,11.69,9.89,7.283,2.338,4.114,2.898,52.202,4.793,6.302,1.304,1.489,1.68,1.847,1.915,1.998,2.062,2.095,2.122,2.168,2.304,2.639,3.317,4.173,4.68,4.902,4.798,4.289,3.796,3.567,3.501,3.345,3.149,3.113,3.054,2.894,2.735,2.593,2.678,3.22,4.83,7.775,12.801,21.101,31.878,41.549,47.116,50.216,51.468,52.124,52.744,52.767,52.945,52.927,53.482,53.363,53.542,53.4,52.828,52.599,51.513
1.737,1018.633,0.942,-247.12,2.671,1655.167,0.944,-375.967,5.964,5.738,92.58,0.892,0.709,-0.068,0.271,0.853,0.159,11.648,9.927,7.374,2.12,3.616,2.622,45.735,4.186,5.461,1.224,1.391,1.545,1.695,1.756,1.826,1.886,1.913,1.941,1.988,2.1,2.37,2.94,3.661,4.083,4.284,4.19,3.766,3.354,3.161,3.106,2.977,2.821,2.788,2.739,2.614,2.499,2.39,2.448,2.878,4.208,6.715,11.057,18.38,27.711,35.961,40.72,43.699,44.735,45.127,45.71,46.101,46.186,46.469,46.812,47.067,46.98,47.202,46.588,46.863,45.76
1.485,820.38,0.932,-265.307,2.357,1395.017,0.93,-457.267,5.909,5.621,92.928,0.884,0.789,-0.104,0.238,0.848,0.145,11.126,9.569,7.013,2.67,4.518,3.372,54.787,5.184,6.837,1.462,1.692,1.889,2.078,2.163,2.272,2.35,2.394,2.432,2.497,2.661,3.023,3.732,4.591,5.074,5.288,5.19,4.694,4.201,3.979,3.915,3.756,3.573,3.536,3.48,3.339,3.212,3.104,3.196,3.74,5.345,8.33,13.623,22.248,33.321,43.362,49.189,52.431,53.748,54.466,55.212,55.395,55.655,55.67,56.063,56.157,56.128,55.95,55.918,55.582,54.244
1.427,685.633,0.939,-193.72,2.48,1224.7,0.938,-322.867,5.836,5.465,92.956,0.876,0.71,-0.139,0.204,0.836,0.151,10.168,8.723,6.396,2.483,4.207,3.106,46.981,4.832,6.352,1.437,1.641,1.814,1.991,2.063,2.138,2.201,2.234,2.258,2.312,2.459,2.802,3.459,4.263,4.726,4.928,4.841,4.371,3.922,3.703,3.647,3.501,3.329,3.292,3.228,3.074,2.946,2.836,2.918,3.446,4.956,7.747,12.594,20.485,30.157,38.176,42.675,45.121,46.09,46.591,47.164,47.298,47.42,47.369,47.944,48.185,48.432,48.094,48.053,48.069,46.205
1.414,682.067,0.934,-216.887,2.476,1211.65,0.933,-386.817,5.763,5.309,88.15,0.869,0.728,-0.166,0.177,0.832,0.136,9.892,8.553,6.317,2.636,4.526,3.445,49.3,5.161,6.738,1.431,1.636,1.831,2.017,2.114,2.227,2.312,2.359,2.406,2.47,2.635,2.993,3.681,4.523,5.031,5.257,5.194,4.739,4.268,4.058,3.987,3.839,3.663,3.628,3.571,3.426,3.289,3.158,3.239,3.804,5.359,8.116,12.978,20.902,30.83,39.572,44.838,47.26,48.226,49.05,49.62,50.09,50.1,50.238,50.301,50.493,50.434,50.373,50.125,49.627,48.717
1.162,796.02,0.944,-239.467,2.009,1455.35,0.945,-462.883,5.669,5.117,86.378,0.874,0.704,-0.149,0.194,0.834,0.146,10.049,8.674,6.326,2.448,4.207,3.135,46.482,4.805,6.345,1.281,1.473,1.664,1.855,1.95,2.064,2.149,2.19,2.239,2.303,2.449,2.775,3.412,4.199,4.679,4.91,4.825,4.393,3.97,3.764,3.71,3.575,3.399,3.352,3.288,3.117,2.972,2.846,2.921,3.448,4.995,7.695,12.212,19.813,29.403,37.699,41.958,44.626,45.901,46.285,46.819,47.235,46.996,47.219,47.601,47.588,47.683,47.696,47.267,46.908,45.441
1.325,789.56,0.937,-203.433,2.067,1345.267,0.936,-350.45,5.43,4.666,82.22,0.861,0.625,-0.198,0.145,0.821,0.135,9.191,7.993,5.754,2.241,3.887,2.959,39.615,4.405,5.865,1.191,1.355,1.525,1.693,1.787,1.885,1.961,2.009,2.052,2.111,2.25,2.546,3.115,3.816,4.263,4.49,4.461,4.092,3.719,3.545,3.483,3.357,3.201,3.168,3.117,2.966,2.82,2.677,2.736,3.233,4.651,7.08,11.023,17.524,25.593,32.259,35.716,37.735,38.693,39.152,39.608,39.987,40.008,40.308,40.666,40.682,40.781,40.745,40.525,40.184,39.425
1.211,674.84,0.927,-182.987,1.98,1201.633,0.926,-334.117,5.113,4.064,80.684,0.844,0.626,-0.257,0.084,0.804,0.123,8.228,7.176,4.871,2.433,4.416,3.446,40.745,4.984,6.94,1.221,1.416,1.584,1.767,1.876,1.995,2.088,2.149,2.201,2.276,2.443,2.807,3.501,4.316,4.818,5.079,5.054,4.651,4.249,4.054,4.017,3.882,3.714,3.672,3.619,3.426,3.273,3.129,3.203,3.802,5.517,8.364,12.784,19.517,27.501,33.672,36.697,38.799,39.576,40.232,40.519,40.766,40.631,41.149,41.488,41.72,42.014,41.962,42.132,42.833,40.658
1.211,667.44,0.932,-174.327,1.987,1119.533,0.928,-288.517,5.033,3.914,82.14,0.839,0.603,-0.272,0.067,0.792,0.14,7.638,6.645,4.613,2.501,4.495,3.393,38.824,5.079,6.917,1.257,1.441,1.624,1.812,1.927,2.056,2.152,2.21,2.266,2.339,2.509,2.885,3.589,4.415,4.916,5.177,5.142,4.738,4.315,4.112,4.049,3.889,3.685,3.643,3.564,3.385,3.211,3.052,3.14,3.755,5.492,8.342,12.901,19.388,26.689,32.395,35.833,37.182,38.014,38.564,38.76,39.181,39.194,39.29,39.504,39.625,39.617,39.648,39.582,39.293,39.073
1.108,912.286,0.924,-245.029,1.709,1470.0,0.921,-387.617,4.834,3.538,62.54,0.825,0.548,-0.313,0.022,0.784,0.117,7.268,6.381,4.2,2.292,4.173,3.299,34.502,4.674,6.635,1.124,1.281,1.451,1.621,1.736,1.86,1.957,2.026,2.09,2.163,2.322,2.651,3.266,3.997,4.49,4.769,4.764,4.423,4.071,3.908,3.871,3.75,3.598,3.574,3.513,3.319,3.133,2.937,2.993,3.626,5.301,7.969,12.022,17.817,24.338,29.064,31.577,32.721,33.448,33.916,34.3,34.68,34.765,34.883,35.176,35.529,35.633,35.587,35.346,35.361,34.603
1.101,789.164,0.915,-206.957,1.66,1282.9,0.911,-358.1,4.755,3.387,55.545,0.804,0.572,-0.369,-0.041,0.767,0.096,6.599,5.87,3.547,2.791,4.999,4.12,37.982,5.528,8.354,1.58,1.781,1.972,2.157,2.221,2.311,2.378,2.428,2.478,2.571,2.797,3.29,4.071,4.88,5.365,5.647,5.572,5.183,4.86,4.697,4.711,4.548,4.379,4.39,4.305,4.104,3.884,3.688,3.814,4.654,6.785,9.922,14.417,20.724,27.209,31.964,34.261,35.979,36.523,36.957,37.463,37.568,38.214,38.567,38.796,39.136,39.376,39.302,39.601,39.255,38.723
0.683,750.715,0.887,-170.562,1.155,1307.9,0.886,-258.933,4.556,3.011,47.451,0.743,0.472,-0.493,-0.191,0.732,0.024,5.476,4.998,2.733,2.662,4.878,4.65,31.589,5.267,8.461,1.229,1.426,1.629,1.83,1.973,2.117,2.244,2.348,2.443,2.547,2.741,3.108,3.746,4.516,5.025,5.348,5.429,5.187,4.923,4.85,4.881,4.823,4.723,4.761,4.756,4.621,4.488,4.321,4.422,5.184,7.097,9.825,13.529,18.487,23.527,26.853,28.029,29.528,30.117,30.579,31.058,31.263,31.529,32.001,32.448,32.903,32.941,33.022,33.184,33.011,32.229
0.52,424.438,0.859,-97.777,0.864,688.217,0.857,-149.633,4.477,2.861,32.989,0.722,0.498,-0.527,-0.235,0.721,0.003,5.158,4.746,2.487,3.167,5.755,5.718,35.439,6.168,10.163,1.465,1.687,1.916,2.16,2.327,2.515,2.673,2.803,2.916,3.047,3.275,3.699,4.412,5.268,5.876,6.257,6.371,6.128,5.856,5.775,5.855,5.837,5.735,5.806,5.841,5.653,5.509,5.346,5.486,6.382,8.652,11.673,15.801,21.371,26.316,29.804,31.393,32.838,33.478,34.123,34.707,35.102,35.562,36.016,36.352,36.903,36.888,37.1,37.154,37.254,36.719
0.104,727.294,0.1,-137.241,0.133,1116.7,0.062,-203.283,0.165,0.163,11.506,0.276,0.186,-0.838,-0.7,0.377,-0.113,1.209,1.226,0.445,9.402,13.123,16.458,28.988,13.023,20.066,5.794,6.245,6.676,7.14,7.539,7.96,8.359,8.743,9.131,9.497,9.914,10.437,11.173,11.982,12.593,13.062,13.415,13.628,13.779,14.086,14.388,14.679,14.99,15.384,15.729,16.077,16.379,16.656,17.114,17.869,19.231,20.9,22.652,24.017,24.947,25.557,26.192,26.646,26.954,27.478,27.913,28.325,28.839,29.124,29.46,29.789,30.103,30.333,30.807,31.424,31.435
0.206,996.719,0.079,-91.95,0.282,1702.317,0.035,-139.383,0.325,0.32,14.189,0.26,0.172,-0.843,-0.709,0.366,-0.118,1.156,1.188,0.424,9.494,12.951,16.403,27.919,12.759,19.605,6.099,6.46,6.87,7.295,7.674,8.082,8.485,8.867,9.224,9.608,10.02,10.519,11.145,11.812,12.324,12.795,13.159,13.435,13.65,13.953,14.283,14.624,14.952,15.34,15.709,16.015,16.338,16.649,17.074,17.694,18.879,20.331,21.717,23.083,24.112,24.864,25.279,25.814,26.148,26.637,26.986,27.389,27.734,28.066,28.476,28.721,29.055,29.388,29.465,29.69,29.936
0.244,885.824,0.098,-88.924,0.376,1596.8,0.058,-149.883,0.378,0.372,18.268,0.275,0.198,-0.838,-0.701,0.379,-0.116,1.221,1.247,0.463,10.614,14.552,18.37,32.313,14.378,22.092,6.784,7.23,7.675,8.15,8.576,9.053,9.494,9.901,10.304,10.711,11.19,11.749,12.507,13.279,13.892,14.415,14.828,15.067,15.305,15.641,16.033,16.387,16.728,17.183,17.583,17.938,18.298,18.632,19.092,19.861,21.236,22.948,24.802,26.512,27.835,28.778,29.288,29.896,30.338,30.777,31.192,31.589,32.061,32.414,32.927,33.231,33.688,33.857,34.16,34.537,34.743
0.367,1016.281,0.131,-98.856,0.492,1719.683,0.085,-151.383,0.458,0.45,15.636,0.284,0.188,-0.836,-0.696,0.388,-0.118,1.269,1.305,0.496,9.153,12.44,15.755,28.224,12.244,18.87,5.959,6.337,6.698,7.109,7.467,7.852,8.209,8.567,8.892,9.231,9.641,10.12,10.711,11.338,11.827,12.263,12.643,12.887,13.126,13.411,13.751,14.052,14.351,14.716,15.077,15.364,15.688,15.989,16.412,17.039,18.145,19.596,21.376,22.934,24.194,24.985,25.557,26.005,26.488,26.91,27.242,27.61,27.93,28.323,28.716,28.999,29.215,29.7,29.889,30.342,30.434
0.322,979.006,0.157,-93.024,0.47,1750.0,0.103,-152.767,0.681,0.667,19.02,0.365,0.257,-0.806,-0.646,0.456,-0.109,1.676,1.69,0.7,8.67,12.143,15.127,32.495,12.081,19.11,5.437,5.823,6.163,6.58,6.933,7.309,7.697,8.05,8.396,8.765,9.155,9.648,10.342,11.096,11.651,12.122,12.469,12.635,12.744,12.958,13.274,13.539,13.781,14.138,14.47,14.735,15.018,15.326,15.755,16.445,18.061,20.158,22.903,25.557,27.455,28.674,29.223,30.005,30.518,30.939,31.403,31.788,32.253,32.681,33.111,33.51,33.901,34.012,34.468,35.108,34.508
0.434,974.141,0.197,-125.488,0.637,1759.9,0.15,-217.683,1.073,1.048,24.193,0.38,0.262,-0.8,-0.636,0.456,-0.092,1.679,1.664,0.731,8.416,11.718,14.095,31.397,11.785,18.134,5.477,5.824,6.164,6.536,6.826,7.211,7.532,7.833,8.137,8.458,8.832,9.316,10.011,10.83,11.418,11.853,12.084,12.132,12.179,12.354,12.597,12.825,13.02,13.311,13.58,13.8,13.985,14.189,14.55,15.25,16.874,19.394,22.065,24.624,26.868,28.263,28.879,29.431,29.843,30.258,30.762,30.95,31.199,31.602,31.883,32.268,32.59,32.514,32.954,32.84,32.98
0.512,603.069,0.297,-96.363,0.754,1027.467,0.277,-168.667,1.269,1.239,39.062,0.535,0.439,-0.716,-0.503,0.568,-0.047,2.629,2.497,1.243,8.365,12.289,13.5,44.602,12.753,19.888,5.596,5.991,6.317,6.651,6.885,7.2,7.477,7.731,7.964,8.245,8.63,9.265,10.403,11.646,12.388,12.852,13.019,12.762,12.441,12.498,12.591,12.596,12.633,12.876,13.038,13.18,13.286,13.419,13.833,14.865,17.709,22.067,28.241,34.127,38.196,40.405,42.051,42.44,42.922,43.42,43.884,44.365,44.896,45.192,45.107,45.245,45.336,45.64,45.573,46.331,46.627
0.651,1058.967,0.383,-242.773,0.883,1700.683,0.347,-388.933,1.759,1.716,44.308,0.552,0.393,-0.705,-0.486,0.576,-0.035,2.714,2.56,1.359,6.516,9.538,10.237,35.419,9.95,15.014,4.247,4.568,4.842,5.113,5.327,5.581,5.809,6.02,6.226,6.436,6.749,7.239,8.066,9.06,9.675,10.039,10.137,9.89,9.641,9.634,9.7,9.732,9.741,9.885,9.978,10.015,10.071,10.148,10.398,11.162,13.266,16.761,21.358,25.964,29.797,32.082,33.26,33.802,34.213,34.639,34.713,35.134,35.213,35.652,35.729,36.126,36.419,36.431,36.383,37.084,36.481
0.511,470.633,0.521,-119.133,0.848,772.017,0.523,-179.167,2.103,2.052,63.523,0.758,0.621,-0.467,-0.158,0.713,0.099,4.965,4.263,2.474,4.633,7.823,6.413,46.659,8.865,13.431,3.15,3.414,3.595,3.761,3.847,3.979,4.108,4.195,4.29,4.405,4.624,5.14,6.326,7.867,8.668,9.015,8.912,8.165,7.395,7.077,6.979,6.77,6.522,6.508,6.424,6.241,6.134,6.081,6.302,7.204,10.532,16.33,24.117,32.667,39.392,43.176,44.68,45.628,45.972,46.197,46.453,46.667,46.613,46.947,47.168,47.29,47.265,47.431,47.531,47.594,46.446
0.884,1046.127,0.544,-260.12,1.231,1689.117,0.515,-441.3,2.693,2.631,64.441,0.687,0.487,-0.576,-0.3,0.676,0.021,4.17,3.803,2.145,4.489,7.072,6.785,36.56,7.611,11.623,2.902,3.168,3.372,3.541,3.66,3.832,3.974,4.092,4.216,4.34,4.571,5.027,5.864,6.824,7.393,7.717,7.723,7.365,7.01,6.876,6.871,6.775,6.669,6.734,6.723,6.623,6.576,6.573,6.754,7.516,9.769,13.477,18.63,24.586,29.851,33.073,34.484,35.345,35.678,36.085,36.357,36.557,36.582,36.882,37.101,37.178,37.337,37.362,37.286,37.263,36.901
1.027,1032.647,0.642,-235.973,1.453,1731.45,0.622,-436.317,3.135,3.066,79.097,0.803,0.595,-0.371,-0.044,0.762,0.107,6.392,5.512,3.195,3.232,5.448,4.394,40.275,6.184,9.6,2.145,2.346,2.486,2.613,2.68,2.777,2.863,2.922,2.98,3.061,3.226,3.602,4.42,5.445,6.025,6.315,6.213,5.677,5.153,4.934,4.852,4.687,4.505,4.49,4.414,4.27,4.191,4.15,4.298,4.945,7.326,11.875,18.339,25.88,32.357,36.504,38.593,39.225,39.626,40.016,40.158,40.44,40.661,40.667,40.797,40.871,40.747,40.664,40.756,40.72,40.178
1.042,1054.373,0.766,-229.893,1.541,1713.117,0.762,-396.817,3.873,3.791,84.447,0.868,0.727,-0.172,0.171,0.808,0.201,8.405,6.954,4.113,2.8,5.254,3.497,49.415,6.212,9.665,1.804,2.001,2.123,2.221,2.274,2.37,2.436,2.477,2.519,2.578,2.74,3.163,4.118,5.366,6.046,6.369,6.222,5.5,4.807,4.487,4.372,4.14,3.867,3.791,3.652,3.399,3.238,3.12,3.251,4.025,6.947,12.383,20.235,30.096,39.05,44.878,47.296,48.584,49.002,49.303,49.701,49.782,49.786,49.806,49.935,49.991,50.155,50.088,49.731,49.4,48.661
1.108,1022.693,0.822,-271.32,1.611,1669.05,0.822,-438.233,4.147,4.054,87.086,0.886,0.781,-0.095,0.246,0.82,0.24,9.14,7.451,4.462,2.738,5.293,3.247,53.677,6.352,9.828,1.772,1.957,2.088,2.188,2.225,2.309,2.376,2.407,2.439,2.498,2.657,3.092,4.123,5.448,6.195,6.522,6.338,5.57,4.789,4.403,4.253,3.999,3.706,3.614,3.446,3.148,2.954,2.81,2.971,3.788,6.874,12.783,21.281,31.979,41.976,48.419,51.48,52.587,53.201,53.521,53.976,53.967,54.137,53.986,54.53,54.325,54.462,54.471,53.85,53.948,52.71
1.267,1045.893,0.891,-261.913,1.866,1693.833,0.895,-450.0,4.68,4.561,92.294,0.918,0.825,0.08,0.402,0.85,0.311,11.33,8.985,5.416,2.195,4.505,2.368,55.551,5.563,8.658,1.517,1.656,1.739,1.804,1.814,1.865,1.901,1.905,1.915,1.95,2.075,2.475,3.47,4.735,5.427,5.73,5.533,4.732,3.959,3.568,3.395,3.117,2.821,2.723,2.554,2.294,2.117,1.992,2.106,2.792,5.737,11.579,20.104,31.197,42.005,49.495,53.171,54.661,55.296,55.389,55.875,56.062,55.917,55.998,56.33,56.414,56.33,56.28,55.721,55.879,53.946
1.001,833.547,0.874,-271.84,1.423,1408.05,0.872,-441.633,5.08,4.942,90.399,0.901,0.887,-0.02,0.316,0.835,0.266,10.151,8.231,5.167,3.229,5.797,3.363,64.641,7.002,10.482,2.293,2.534,2.661,2.747,2.752,2.831,2.873,2.87,2.877,2.92,3.099,3.598,4.766,6.218,6.908,7.19,6.909,5.98,5.1,4.656,4.446,4.153,3.825,3.703,3.517,3.228,3.034,2.918,3.134,4.003,7.236,13.728,23.684,36.546,48.96,57.652,62.325,63.566,64.28,64.573,65.096,65.036,65.238,65.181,65.444,65.378,65.427,64.953,64.975,64.318,63.822
1.061,706.593,0.927,-192.407,1.801,1260.05,0.928,-341.833,5.613,5.45,95.081,0.931,0.861,0.167,0.474,0.874,0.304,13.926,11.048,6.612,1.999,3.906,2.083,58.306,4.839,7.659,1.42,1.563,1.652,1.716,1.714,1.743,1.761,1.763,1.758,1.782,1.884,2.222,3.08,4.194,4.763,4.986,4.77,4.051,3.373,3.043,2.897,2.66,2.405,2.321,2.19,1.995,1.864,1.79,1.925,2.495,4.955,10.363,19.069,30.853,42.74,51.225,55.616,57.529,58.24,58.513,58.894,58.898,59.048,58.845,59.107,59.256,59.213,58.651,58.45,57.964,56.361
0.981,700.593,0.932,-213.953,1.643,1236.083,0.935,-376.383,5.564,5.291,95.457,0.931,0.937,0.166,0.473,0.88,0.28,14.723,11.768,7.051,2.265,4.275,2.403,67.213,5.264,8.348,1.611,1.786,1.905,1.992,1.979,2.011,2.033,2.025,2.022,2.042,2.151,2.485,3.356,4.545,5.176,5.414,5.203,4.439,3.718,3.386,3.237,2.986,2.723,2.642,2.524,2.331,2.18,2.092,2.225,2.829,5.42,11.276,21.132,34.594,48.307,58.397,64.171,65.676,66.513,67.2,67.814,68.312,68.129,68.087,68.077,68.049,68.009,67.83,67.685,66.857,65.788
0.953,827.867,0.946,-228.86,1.728,1510.783,0.95,-388.35,5.431,5.036,92.744,0.938,0.805,0.216,0.512,0.893,0.273,16.704,13.431,7.739,1.552,2.929,1.671,51.847,3.593,5.933,1.033,1.16,1.254,1.323,1.33,1.366,1.391,1.393,1.399,1.415,1.486,1.704,2.263,3.056,3.502,3.704,3.572,3.064,2.587,2.35,2.258,2.088,1.909,1.852,1.772,1.63,1.516,1.437,1.526,1.966,3.817,8.049,15.197,25.515,36.462,44.708,49.003,50.742,51.56,51.893,52.271,52.673,52.543,52.599,52.679,52.555,52.463,52.534,52.061,51.511,50.61
1.133,974.26,0.951,-267.773,1.804,1612.35,0.953,-461.85,5.365,4.908,89.148,0.936,0.894,0.204,0.503,0.891,0.269,16.42,13.269,7.874,1.912,3.534,2.034,61.555,4.314,6.937,1.305,1.462,1.577,1.65,1.66,1.695,1.723,1.724,1.728,1.749,1.835,2.091,2.75,3.681,4.216,4.442,4.284,3.696,3.131,2.859,2.743,2.546,2.327,2.254,2.166,2.0,1.856,1.755,1.852,2.352,4.485,9.389,17.822,30.081,43.132,52.999,57.844,59.817,60.753,61.296,61.81,61.995,62.063,62.125,62.516,62.438,62.672,62.738,62.518,62.105,60.635
1.008,811.827,0.95,-211.12,1.582,1377.483,0.952,-378.4,5.233,4.654,90.727,0.926,0.853,0.132,0.446,0.878,0.258,14.382,11.683,6.868,2.045,3.765,2.219,57.912,4.566,7.36,1.348,1.519,1.652,1.747,1.754,1.807,1.842,1.855,1.861,1.883,1.973,2.234,2.904,3.862,4.447,4.7,4.552,3.964,3.378,3.097,2.982,2.775,2.544,2.462,2.367,2.195,2.038,1.913,2.01,2.546,4.826,9.894,18.112,29.765,41.806,50.455,54.746,56.692,57.574,57.991,58.332,58.689,58.534,58.746,59.102,58.844,58.934,58.645,58.124,57.539,56.194
0.951,746.45,0.947,-179.286,1.383,1243.133,0.948,-314.75,4.968,4.144,91.173,0.92,0.811,0.09,0.411,0.869,0.252,13.325,10.892,6.371,2.055,3.768,2.252,53.975,4.539,7.323,1.399,1.547,1.657,1.734,1.752,1.804,1.836,1.85,1.864,1.89,1.981,2.263,2.953,3.889,4.421,4.676,4.52,3.937,3.39,3.119,3.006,2.8,2.576,2.498,2.414,2.25,2.076,1.947,2.025,2.557,4.801,9.845,17.977,28.85,39.586,46.982,50.636,52.518,53.147,53.823,54.262,54.589,54.497,54.885,54.981,54.758,54.946,54.823,54.727,54.327,52.715
1.013,742.736,0.949,-198.464,1.542,1163.217,0.948,-278.417,4.901,4.017,92.624,0.913,0.911,0.046,0.374,0.861,0.241,12.425,10.188,5.98,2.739,4.937,3.021,66.277,5.924,9.495,1.927,2.142,2.272,2.372,2.376,2.428,2.457,2.471,2.481,2.511,2.641,3.013,3.913,5.132,5.813,6.078,5.881,5.142,4.428,4.097,3.949,3.689,3.403,3.324,3.208,3.007,2.81,2.639,2.736,3.423,6.314,12.675,22.958,36.249,48.884,57.72,62.379,64.28,65.215,65.943,66.471,66.839,67.267,67.18,67.277,67.15,67.168,67.2,67.073,66.602,66.107
0.721,936.921,0.94,-216.857,1.045,1506.017,0.935,-358.917,4.736,3.698,89.706,0.904,0.756,-0.005,0.329,0.842,0.258,10.678,8.744,4.667,2.076,4.24,2.499,49.513,5.081,8.737,1.349,1.489,1.605,1.685,1.708,1.769,1.807,1.83,1.85,1.885,2.0,2.331,3.136,4.225,4.887,5.227,5.129,4.542,3.926,3.608,3.479,3.236,2.955,2.872,2.733,2.48,2.266,2.086,2.162,2.896,5.906,11.568,19.456,29.109,37.804,43.67,46.269,47.72,48.424,48.965,49.494,49.807,49.814,49.977,50.289,50.768,50.857,50.527,50.195,50.264,49.331
0.9,812.243,0.932,-218.636,1.324,1318.067,0.928,-378.283,4.669,3.571,91.17,0.897,0.787,-0.041,0.296,0.832,0.257,9.885,8.16,4.065,2.465,4.901,2.897,53.341,5.823,10.532,1.779,1.917,2.017,2.095,2.075,2.105,2.118,2.118,2.12,2.167,2.344,2.839,3.91,5.063,5.69,6.015,5.765,5.068,4.445,4.142,4.009,3.695,3.398,3.324,3.13,2.842,2.568,2.389,2.511,3.516,7.273,13.79,22.709,33.013,41.609,47.094,49.883,51.2,51.798,52.318,52.784,53.0,53.46,53.831,54.06,54.528,54.833,54.676,54.883,54.777,54.092
0.408,775.877,0.877,-143.169,0.637,1351.95,0.873,-220.233,4.504,3.252,87.11,0.853,0.725,-0.227,0.115,0.768,0.246,6.635,5.514,2.658,2.819,6.598,3.997,50.378,7.734,13.772,1.732,1.909,2.05,2.145,2.184,2.255,2.325,2.371,2.416,2.488,2.721,3.324,4.652,6.311,7.354,7.949,7.899,7.188,6.351,5.93,5.75,5.385,4.931,4.81,4.531,3.982,3.548,3.121,3.216,4.768,10.003,17.541,26.223,35.22,41.945,45.958,47.45,48.628,49.165,49.722,50.25,50.439,50.497,51.092,51.35,51.473,51.399,51.461,51.537,51.209,50.0
0.305,436.569,0.857,-84.285,0.497,707.717,0.855,-134.367,4.043,2.62,89.434,0.82,0.74,-0.328,0.006,0.733,0.218,5.499,4.638,2.061,3.404,8.508,5.462,55.296,9.809,18.066,2.013,2.246,2.406,2.543,2.592,2.687,2.763,2.827,2.878,2.97,3.262,4.05,5.795,7.932,9.302,10.055,10.069,9.341,8.4,7.92,7.76,7.334,6.779,6.626,6.223,5.406,4.819,4.206,4.313,6.639,13.603,22.528,31.944,40.508,46.773,50.221,51.453,52.811,53.365,54.178,54.877,55.176,55.446,55.919,56.332,56.692,56.882,56.918,56.896,56.58,55.916
0.179,637.892,0.723,-74.869,0.254,949.983,0.707,-88.517,2.89,1.038,63.406,0.666,0.526,-0.6,-0.334,0.636,0.052,3.498,3.215,1.011,3.498,9.57,8.619,43.049,10.213,21.403,1.923,2.156,2.314,2.449,2.512,2.607,2.715,2.823,2.898,3.021,3.401,4.363,6.16,8.172,9.542,10.396,10.701,10.528,10.187,10.156,10.287,10.184,9.879,9.947,9.571,8.509,7.784,6.815,6.966,10.741,18.077,24.728,30.003,33.661,36.33,37.955,38.676,39.664,40.376,41.198,41.874,42.545,43.02,43.548,44.069,44.365,44.831,45.254,45.211,45.776,45.327
0.03,703.871,0.252,-132.006,0.059,1038.267,0.227,-183.967,0.205,0.203,14.534,0.321,0.193,-0.823,-0.674,0.404,-0.096,1.357,1.35,0.54,7.542,10.461,12.677,24.656,10.491,16.011,5.01,5.322,5.63,5.945,6.21,6.516,6.798,7.049,7.295,7.569,7.891,8.305,8.917,9.612,10.154,10.529,10.791,10.87,10.921,11.08,11.275,11.449,11.643,11.907,12.142,12.371,12.586,12.803,13.143,13.784,15.143,16.879,18.674,20.109,21.113,21.877,22.293,22.69,22.973,23.449,23.728,24.137,24.561,24.703,25.106,25.518,25.616,25.979,26.019,26.403,26.668
0.146,999.681,0.293,-97.356,0.177,1712.65,0.255,-149.667,0.408,0.402,21.615,0.324,0.205,-0.821,-0.672,0.406,-0.094,1.365,1.357,0.542,8.126,11.29,13.622,26.7,11.329,17.314,5.433,5.757,6.057,6.433,6.732,7.042,7.325,7.582,7.841,8.131,8.488,8.966,9.634,10.38,10.956,11.378,11.652,11.733,11.774,11.935,12.165,12.381,12.585,12.844,13.113,13.287,13.496,13.722,14.085,14.806,16.298,18.331,20.057,21.706,22.907,23.652,24.184,24.672,25.072,25.469,25.902,26.122,26.501,26.843,27.222,27.554,27.76,27.952,28.298,28.493,28.462
0.229,881.724,0.285,-103.241,0.324,1578.133,0.263,-174.683,0.476,0.469,25.001,0.35,0.244,-0.812,-0.656,0.428,-0.092,1.499,1.482,0.617,8.956,12.672,15.244,31.672,12.759,19.582,5.932,6.321,6.692,7.062,7.367,7.708,8.034,8.319,8.625,8.949,9.35,9.9,10.762,11.673,12.327,12.818,13.133,13.164,13.178,13.355,13.636,13.85,14.037,14.37,14.65,14.881,15.097,15.355,15.763,16.593,18.368,20.796,23.375,25.608,27.243,28.238,28.824,29.395,29.788,30.3,30.652,31.093,31.293,31.851,32.221,32.53,32.898,33.288,33.265,33.79,33.895
0.299,1013.969,0.344,-104.944,0.402,1721.067,0.285,-173.067,0.577,0.568,29.301,0.399,0.266,-0.792,-0.623,0.463,-0.079,1.724,1.686,0.744,7.695,11.045,12.94,30.087,11.202,17.248,5.006,5.38,5.68,6.017,6.305,6.625,6.895,7.123,7.379,7.662,8.017,8.531,9.324,10.201,10.834,11.271,11.502,11.494,11.452,11.563,11.762,11.931,12.07,12.297,12.509,12.625,12.775,12.95,13.311,14.114,15.955,18.541,21.375,23.815,25.853,27.024,27.612,28.248,28.63,28.914,29.231,29.591,29.854,30.238,30.541,31.048,31.134,31.362,31.488,31.804,31.615
0.333,1000.9,0.37,-116.747,0.492,1781.567,0.308,-198.333,0.759,0.748,36.699,0.494,0.313,-0.743,-0.544,0.536,-0.056,2.306,2.189,1.07,5.933,8.709,9.747,28.79,9.028,13.906,3.977,4.231,4.477,4.706,4.916,5.113,5.321,5.499,5.673,5.884,6.14,6.55,7.283,8.167,8.722,9.109,9.252,9.062,8.877,8.887,9.02,9.074,9.122,9.306,9.447,9.496,9.593,9.74,9.997,10.651,12.485,15.327,18.598,21.908,24.481,25.976,26.654,27.18,27.49,27.868,28.192,28.443,28.734,28.999,29.291,29.528,29.768,29.73,29.997,30.298,29.677
0.506,556.013,0.471,-87.213,0.685,876.917,0.468,-138.983,1.203,1.188,53.87,0.652,0.529,-0.616,-0.356,0.649,0.006,3.691,3.289,1.776,5.998,9.583,9.466,44.953,10.481,16.193,3.928,4.239,4.476,4.73,4.925,5.15,5.336,5.474,5.619,5.811,6.117,6.653,7.828,9.332,10.223,10.67,10.55,9.868,9.317,9.249,9.213,9.106,9.039,9.159,9.205,9.257,9.234,9.297,9.592,10.52,13.334,19.051,26.331,32.819,37.541,40.571,42.674,43.115,43.47,44.041,44.475,44.862,45.294,45.415,45.393,45.534,45.667,45.919,45.848,46.205,46.39
0.661,1000.644,0.498,-185.444,0.836,1717.417,0.432,-312.9,1.573,1.554,59.178,0.661,0.438,-0.606,-0.342,0.645,0.028,3.635,3.297,1.879,4.507,7.06,6.673,32.724,7.616,11.365,2.918,3.182,3.386,3.564,3.688,3.861,4.003,4.101,4.222,4.359,4.593,5.042,5.878,6.865,7.407,7.709,7.732,7.352,6.962,6.835,6.803,6.738,6.625,6.659,6.632,6.531,6.472,6.437,6.616,7.366,9.595,13.135,17.966,23.055,27.306,29.938,31.132,31.675,32.043,32.276,32.367,32.635,32.641,32.928,33.053,33.218,33.381,33.297,33.248,33.736,33.233
0.628,459.713,0.586,-110.373,0.904,763.633,0.615,-164.2,1.763,1.731,71.181,0.797,0.616,-0.387,-0.062,0.749,0.117,5.981,5.068,2.884,3.463,6.16,4.867,43.002,7.087,11.072,2.227,2.444,2.62,2.77,2.847,2.955,3.045,3.096,3.166,3.261,3.438,3.885,4.862,6.186,6.896,7.225,7.139,6.433,5.775,5.516,5.411,5.223,5.009,4.988,4.901,4.729,4.627,4.559,4.738,5.531,8.391,13.753,20.945,28.993,35.511,39.316,41.815,41.594,42.173,42.346,42.705,43.011,42.965,43.0,43.216,43.449,43.485,43.728,43.879,43.736,43.935
0.663,1067.5,0.624,-201.053,0.824,1704.8,0.537,-313.45,1.995,1.94,69.29,0.74,0.489,-0.499,-0.199,0.705,0.073,4.777,4.237,2.503,3.562,5.788,5.005,33.436,6.385,9.546,2.258,2.494,2.681,2.826,2.929,3.055,3.164,3.23,3.306,3.399,3.585,3.981,4.777,5.679,6.216,6.5,6.44,6.056,5.634,5.428,5.365,5.246,5.104,5.1,5.043,4.898,4.808,4.744,4.884,5.559,7.726,11.365,16.485,22.235,27.029,30.252,31.721,32.43,32.788,33.084,33.383,33.532,33.63,33.663,33.854,33.898,34.097,33.979,33.919,33.85,33.708
0.662,1062.127,0.637,-209.067,0.831,1736.917,0.532,-362.283,2.169,2.096,71.416,0.769,0.484,-0.446,-0.132,0.741,0.067,5.709,5.068,3.015,2.946,4.688,4.103,31.455,5.184,7.833,1.829,2.055,2.221,2.364,2.448,2.549,2.632,2.688,2.745,2.826,2.969,3.276,3.88,4.633,5.05,5.274,5.227,4.865,4.527,4.392,4.347,4.258,4.157,4.159,4.116,4.013,3.953,3.909,4.022,4.551,6.248,9.419,14.05,19.371,24.447,27.938,29.751,30.349,30.716,31.061,31.305,31.507,31.754,31.732,31.864,32.015,31.9,31.796,32.018,32.241,31.822
0.783,1056.227,0.664,-225.227,1.042,1722.333,0.562,-366.217,2.46,2.356,71.08,0.792,0.532,-0.399,-0.075,0.756,0.089,6.191,5.446,3.267,2.989,4.835,4.043,34.772,5.394,8.149,1.839,2.071,2.248,2.394,2.485,2.584,2.666,2.723,2.781,2.85,2.998,3.324,3.985,4.791,5.26,5.489,5.433,5.023,4.653,4.469,4.416,4.306,4.165,4.157,4.092,3.955,3.874,3.812,3.92,4.491,6.379,9.92,14.861,21.109,26.867,30.74,32.531,33.514,34.026,34.319,34.699,35.0,34.86,35.019,35.376,35.446,35.75,35.576,35.395,35.429,34.646
0.77,1027.007,0.653,-240.06,1.046,1677.233,0.632,-386.933,2.576,2.46,74.034,0.803,0.521,-0.373,-0.045,0.758,0.115,6.251,5.496,3.37,2.821,4.581,3.637,33.212,5.113,7.6,1.69,1.918,2.112,2.257,2.343,2.439,2.514,2.559,2.612,2.673,2.818,3.144,3.809,4.574,4.991,5.197,5.151,4.79,4.393,4.197,4.124,3.999,3.838,3.808,3.726,3.571,3.467,3.377,3.464,4.045,5.935,9.264,14.206,20.189,25.721,29.624,31.508,32.312,32.811,33.11,33.31,33.39,33.394,33.373,33.836,33.79,33.841,33.737,33.519,33.486,32.77
0.683,1034.427,0.747,-225.08,0.965,1711.733,0.667,-385.333,2.746,2.625,77.124,0.824,0.541,-0.318,0.017,0.773,0.141,6.795,5.898,3.686,2.645,4.357,3.282,33.965,4.924,7.248,1.563,1.785,1.962,2.102,2.18,2.279,2.352,2.387,2.429,2.493,2.629,2.953,3.634,4.405,4.809,5.009,4.955,4.549,4.13,3.906,3.818,3.679,3.53,3.499,3.399,3.232,3.119,3.011,3.082,3.635,5.536,8.961,13.86,19.806,25.638,29.723,31.875,32.81,33.3,33.438,33.752,33.968,33.971,34.149,34.483,34.698,34.68,34.791,34.506,34.945,34.102
0.768,837.413,0.661,-201.633,1.01,1408.2,0.71,-338.133,2.858,2.737,81.09,0.841,0.633,-0.266,0.074,0.779,0.18,7.051,6.074,3.901,3.198,5.169,3.591,41.612,5.882,8.491,1.894,2.192,2.449,2.617,2.703,2.816,2.883,2.902,2.941,2.997,3.152,3.551,4.347,5.279,5.765,5.998,5.884,5.368,4.859,4.58,4.437,4.222,3.987,3.898,3.755,3.527,3.363,3.25,3.343,4.003,6.368,10.614,16.851,24.578,31.921,37.132,39.776,40.627,41.228,41.447,41.803,41.883,42.043,42.052,42.267,42.179,42.191,41.903,41.944,41.567,41.277
0.897,697.987,0.649,-207.4,1.476,1235.45,0.798,-346.983,3.006,2.888,77.317,0.899,0.684,-0.031,0.306,0.847,0.217,11.084,9.119,5.429,1.944,3.544,2.278,42.825,4.232,6.662,1.23,1.394,1.514,1.611,1.634,1.674,1.718,1.731,1.747,1.78,1.885,2.17,2.846,3.712,4.162,4.334,4.201,3.685,3.182,2.936,2.838,2.672,2.494,2.441,2.357,2.212,2.114,2.046,2.144,2.633,4.587,8.736,15.321,24.028,32.541,38.132,40.43,42.014,42.555,42.652,42.998,42.911,42.987,43.106,43.492,43.646,43.866,43.536,43.391,43.096,41.7
0.886,696.38,0.694,-171.033,1.44,1227.25,0.772,-296.4,3.155,3.038,80.729,0.892,0.786,-0.065,0.274,0.844,0.196,10.798,8.895,5.265,2.579,4.551,3.059,53.69,5.426,8.569,1.772,1.97,2.108,2.211,2.221,2.263,2.313,2.325,2.338,2.382,2.509,2.844,3.661,4.766,5.332,5.554,5.391,4.715,4.071,3.787,3.68,3.482,3.274,3.229,3.129,2.978,2.86,2.788,2.921,3.508,5.912,11.226,19.794,30.981,41.275,48.055,51.334,52.865,53.241,53.61,54.033,54.368,54.329,54.41,54.508,54.472,54.345,54.225,54.122,53.361,52.128
0.83,818.3,0.696,-191.147,1.341,1486.117,0.78,-354.9,3.081,2.969,72.74,0.866,0.534,-0.18,0.163,0.817,0.166,8.949,7.608,4.453,1.779,3.165,2.264,31.492,3.658,5.775,1.034,1.186,1.31,1.41,1.452,1.518,1.566,1.59,1.618,1.658,1.762,1.999,2.52,3.186,3.557,3.74,3.678,3.323,2.962,2.784,2.736,2.636,2.501,2.461,2.378,2.224,2.119,2.027,2.085,2.556,4.211,7.339,11.998,17.993,23.818,27.792,29.832,30.501,31.014,31.265,31.491,31.835,31.76,31.861,32.005,31.957,31.996,32.008,31.9,31.763,31.189
0.882,977.32,0.69,-231.353,1.299,1623.683,0.757,-393.433,3.044,2.934,76.378,0.89,0.619,-0.074,0.266,0.831,0.229,9.827,8.186,4.978,1.916,3.464,2.175,37.506,4.083,6.274,1.178,1.353,1.502,1.6,1.624,1.677,1.706,1.715,1.723,1.75,1.856,2.135,2.77,3.558,3.988,4.182,4.079,3.631,3.18,2.944,2.847,2.674,2.481,2.419,2.324,2.15,2.012,1.899,1.964,2.461,4.409,8.14,13.705,21.195,28.459,33.299,35.53,36.572,37.034,37.287,37.612,37.743,37.749,37.858,38.032,37.872,38.113,38.145,37.921,37.82,37.308
0.877,708.927,0.739,-187.967,1.396,1243.183,0.848,-349.633,2.821,2.726,83.403,0.889,0.757,-0.079,0.261,0.814,0.272,8.76,7.084,4.032,2.52,5.209,2.979,50.837,6.289,10.103,1.604,1.805,1.937,2.047,2.063,2.128,2.166,2.184,2.204,2.247,2.401,2.865,3.966,5.353,6.123,6.468,6.276,5.514,4.724,4.304,4.152,3.846,3.504,3.396,3.235,2.935,2.702,2.508,2.618,3.456,6.902,13.303,22.127,32.347,41.151,46.5,47.997,50.211,50.565,50.909,51.015,50.893,50.669,51.139,51.687,51.712,51.937,51.72,51.653,51.464,48.991
0.834,672.947,0.741,-196.78,1.36,1128.35,0.848,-301.817,2.783,2.691,81.998,0.867,0.689,-0.174,0.169,0.753,0.329,6.113,4.738,3.703,2.944,6.389,3.228,45.443,7.92,9.662,1.832,1.965,2.053,2.15,2.113,2.136,2.153,2.197,2.631,2.862,3.122,3.638,4.812,6.711,7.766,8.253,7.74,6.56,5.662,5.069,4.924,4.567,4.263,4.12,3.884,3.247,2.789,2.511,2.572,3.478,6.786,12.538,20.588,29.325,36.21,40.317,43.496,43.171,43.881,44.294,44.573,45.044,45.291,45.556,45.631,45.846,46.113,46.585,46.856,46.803,48.506
0.837,944.436,0.802,-217.993,1.297,1524.817,0.842,-379.75,2.69,2.604,79.58,0.865,0.632,-0.181,0.162,0.782,0.257,7.183,5.935,3.164,2.262,4.89,2.887,40.013,5.77,9.61,1.369,1.527,1.654,1.747,1.783,1.854,1.907,1.932,1.964,2.015,2.184,2.631,3.611,4.816,5.536,5.927,5.847,5.227,4.601,4.294,4.148,3.845,3.5,3.401,3.225,2.888,2.601,2.333,2.402,3.362,6.793,12.427,19.559,27.364,33.418,36.762,38.012,38.859,39.339,39.603,39.936,40.228,40.246,40.396,40.503,41.011,40.838,40.599,40.283,40.486,39.853
1.111,822.821,0.793,-189.757,1.578,1339.533,0.832,-325.533,2.63,2.482,78.503,0.851,0.645,-0.232,0.109,0.772,0.232,6.764,5.611,2.872,2.641,5.43,3.384,42.159,6.377,10.889,1.698,1.86,1.99,2.091,2.096,2.153,2.177,2.194,2.204,2.294,2.56,3.188,4.353,5.581,6.24,6.566,6.326,5.593,4.98,4.697,4.536,4.211,3.949,3.904,3.711,3.365,3.025,2.725,2.858,4.1,7.96,13.819,21.311,29.141,35.201,38.708,40.25,40.893,41.262,41.543,41.796,41.922,42.202,42.406,42.68,42.944,43.103,43.03,43.174,42.842,42.332
0.384,785.569,0.678,-120.162,0.574,1349.717,0.793,-183.567,2.421,1.957,62.382,0.736,0.551,-0.505,-0.206,0.671,0.129,4.076,3.58,1.744,3.308,7.926,6.113,40.231,8.785,14.66,1.768,2.0,2.18,2.329,2.399,2.502,2.606,2.689,2.752,2.883,3.283,4.103,5.645,7.337,8.341,8.953,9.061,8.684,7.995,7.669,7.648,7.45,6.988,6.89,6.659,6.2,5.68,5.154,5.244,6.966,11.738,17.583,24.161,30.641,34.599,36.739,37.919,38.321,38.948,39.343,39.856,40.175,40.235,40.589,41.015,41.111,41.151,41.199,41.47,41.362,40.767
0.259,440.369,0.677,-72.715,0.415,709.217,0.727,-107.067,2.337,1.747,59.542,0.689,0.54,-0.573,-0.297,0.641,0.086,3.566,3.183,1.418,3.963,9.39,7.904,42.88,10.25,17.731,2.081,2.353,2.58,2.742,2.846,2.991,3.122,3.255,3.353,3.522,3.949,4.898,6.613,8.537,9.716,10.415,10.62,10.183,9.608,9.403,9.419,9.18,8.76,8.724,8.519,7.893,7.378,6.813,6.914,9.085,14.626,20.836,28.059,33.741,36.459,38.326,39.649,39.93,40.623,41.316,41.92,42.395,42.835,43.23,43.614,44.134,44.41,44.635,44.939,44.652,44.92
0.165,661.069,0.544,-70.969,0.218,973.6,0.525,-96.083,2.128,1.223,37.089,0.601,0.422,-0.666,-0.427,0.588,0.02,2.86,2.659,0.995,4.301,9.096,8.743,35.108,9.594,17.602,2.351,2.615,2.826,3.014,3.144,3.323,3.5,3.646,3.778,3.951,4.363,5.183,6.665,8.178,9.089,9.707,9.986,9.819,9.517,9.424,9.48,9.353,9.147,9.259,9.183,8.633,8.218,7.741,7.947,10.219,15.229,19.976,24.261,27.39,29.363,30.633,31.265,31.987,32.614,33.289,33.919,34.416,34.823,35.367,35.882,36.257,36.75,37.194,37.361,37.802,37.691
0.633,841.238,0.473,-160.156,1.1,1553.15,0.468,-275.2,1.119,1.119,24.291,0.588,0.38,-0.677,-0.443,0.588,0.0,2.856,2.626,1.577,5.305,7.979,7.973,30.767,8.486,11.937,3.449,3.676,3.93,4.143,4.333,4.519,4.708,4.849,5.041,5.2,5.469,5.927,6.723,7.665,8.246,8.573,8.638,8.308,7.951,7.838,7.869,7.81,7.735,7.819,7.867,7.834,7.799,7.804,8.018,8.672,10.487,13.387,17.164,21.492,24.828,27.076,28.207,29.02,29.491,29.796,30.201,30.254,30.464,30.893,31.283,31.597,31.754,31.983,32.197,32.037,32.335
0.698,952.2,0.462,-137.271,1.074,1662.667,0.426,-233.967,1.471,1.471,33.912,0.552,0.377,-0.705,-0.486,0.581,-0.044,2.778,2.628,1.496,5.981,8.759,9.565,33.094,9.123,13.261,3.856,4.088,4.378,4.619,4.829,5.081,5.296,5.489,5.714,5.947,6.234,6.68,7.404,8.276,8.838,9.211,9.319,9.095,8.86,8.865,8.966,8.982,9.014,9.151,9.305,9.371,9.438,9.508,9.755,10.43,11.992,14.531,18.065,22.391,26.153,28.638,30.147,30.825,31.349,31.842,32.183,32.656,32.916,33.254,33.735,34.075,34.295,34.58,34.769,34.844,34.945
0.948,967.518,0.585,-146.676,1.513,1734.117,0.554,-268.467,2.37,2.368,43.996,0.69,0.483,-0.571,-0.294,0.673,0.032,4.123,3.706,2.419,4.421,6.99,6.556,35.805,7.609,10.473,2.791,2.986,3.216,3.411,3.568,3.736,3.879,4.013,4.169,4.311,4.544,4.967,5.751,6.746,7.379,7.73,7.717,7.292,6.887,6.708,6.698,6.595,6.472,6.493,6.537,6.454,6.385,6.354,6.547,7.125,8.9,12.045,16.514,22.443,27.471,30.756,32.904,33.923,34.365,34.736,35.214,35.415,35.73,35.957,36.271,37.037,37.125,37.417,37.434,37.07,36.473
1.157,996.425,0.611,-163.419,1.601,1686.9,0.57,-275.45,3.044,3.041,66.149,0.814,0.609,-0.345,-0.013,0.767,0.125,6.581,5.713,4.13,3.254,5.41,4.21,41.012,6.11,7.994,2.227,2.387,2.576,2.673,2.722,2.801,2.876,2.916,2.986,3.071,3.259,3.662,4.459,5.394,5.951,6.232,6.146,5.668,5.134,4.895,4.811,4.618,4.405,4.381,4.326,4.177,4.037,3.933,4.044,4.572,6.327,9.662,14.907,21.986,29.151,34.171,37.594,38.931,39.227,39.808,40.349,40.8,41.03,41.385,41.486,41.999,42.317,42.299,42.414,42.794,42.748
1.424,909.431,0.752,-226.681,2.279,1564.85,0.732,-412.317,3.943,3.938,67.279,0.86,0.711,-0.203,0.139,0.801,0.187,8.062,6.761,5.182,2.998,5.331,3.649,48.307,6.224,7.814,2.009,2.128,2.323,2.428,2.484,2.55,2.62,2.643,2.691,2.773,2.965,3.409,4.337,5.475,6.095,6.359,6.219,5.549,4.899,4.581,4.461,4.226,3.962,3.902,3.808,3.624,3.437,3.307,3.434,4.033,5.942,9.687,15.856,24.746,33.728,40.101,43.947,45.803,46.763,47.247,47.927,47.925,48.082,48.35,48.781,49.484,49.9,50.088,50.574,50.07,49.66
1.254,969.353,0.786,-215.465,2.086,1727.583,0.774,-387.883,4.447,4.436,80.757,0.893,0.702,-0.062,0.277,0.829,0.247,9.671,7.914,6.431,2.264,4.213,2.545,44.956,5.043,6.05,1.455,1.562,1.719,1.805,1.858,1.917,1.961,1.978,2.017,2.075,2.224,2.59,3.349,4.358,4.93,5.185,5.015,4.395,3.796,3.501,3.385,3.163,2.907,2.828,2.733,2.543,2.364,2.232,2.316,2.796,4.443,7.656,13.094,21.197,30.065,36.894,41.358,42.694,43.605,44.206,44.68,44.983,45.534,45.523,45.908,46.228,46.464,46.256,46.301,45.55,45.053
1.486,1002.62,0.879,-260.467,2.323,1639.183,0.883,-438.0,5.007,4.983,82.143,0.897,0.828,-0.04,0.297,0.831,0.261,9.809,7.933,6.461,2.808,5.357,3.136,57.904,6.482,7.761,1.863,1.972,2.152,2.275,2.318,2.376,2.437,2.446,2.49,2.552,2.735,3.2,4.226,5.586,6.343,6.657,6.445,5.578,4.784,4.368,4.225,3.934,3.595,3.52,3.387,3.146,2.889,2.715,2.828,3.468,5.613,9.909,16.82,27.69,39.064,47.465,53.323,55.257,56.03,57.271,58.283,58.712,58.686,58.534,59.119,59.268,59.644,59.645,60.266,58.813,55.714
1.674,968.453,0.887,-274.38,2.661,1503.55,0.886,-436.3,5.427,5.394,84.893,0.906,0.729,0.008,0.341,0.84,0.277,10.511,8.498,7.094,2.162,4.058,2.298,46.719,4.919,5.772,1.495,1.563,1.708,1.77,1.81,1.859,1.898,1.901,1.916,1.958,2.09,2.44,3.231,4.255,4.817,5.055,4.885,4.23,3.606,3.28,3.168,2.935,2.692,2.604,2.506,2.315,2.123,1.97,2.046,2.524,4.142,7.402,12.844,21.298,30.707,38.407,43.965,45.589,46.598,47.337,47.804,47.954,47.619,47.851,48.015,47.689,48.128,47.359,46.712,45.649,42.519
1.348,650.593,0.912,-165.313,1.754,811.133,0.912,-217.05,5.545,5.5,85.559,0.915,0.734,0.057,0.383,0.854,0.279,11.659,9.453,8.042,1.939,3.677,2.074,46.543,4.453,5.148,1.182,1.283,1.423,1.517,1.579,1.642,1.687,1.701,1.727,1.77,1.886,2.199,2.903,3.833,4.359,4.578,4.42,3.845,3.283,2.991,2.875,2.676,2.439,2.353,2.264,2.085,1.919,1.784,1.84,2.276,3.713,6.582,11.667,19.843,29.227,37.149,42.947,44.573,45.41,46.152,46.831,47.139,47.653,47.605,47.457,47.676,47.595,47.456,47.085,46.965,45.598
1.626,986.133,0.93,-281.133,2.526,1612.633,0.93,-448.667,5.524,5.469,87.276,0.913,0.825,0.045,0.373,0.854,0.265,11.702,9.566,7.644,2.279,4.417,2.565,56.1,5.31,6.49,1.411,1.52,1.684,1.793,1.847,1.92,1.969,1.994,2.017,2.063,2.214,2.609,3.444,4.542,5.169,5.457,5.303,4.646,3.992,3.661,3.536,3.292,2.999,2.913,2.809,2.592,2.363,2.182,2.261,2.831,4.733,8.248,14.157,23.728,34.954,44.422,51.185,53.043,54.153,55.137,56.031,56.452,57.04,57.033,57.357,57.498,57.626,57.758,57.804,57.368,56.017
1.622,965.26,0.934,-270.093,2.67,1630.983,0.934,-456.5,5.495,5.427,85.425,0.901,0.791,-0.023,0.313,0.848,0.221,11.189,9.336,7.324,2.417,4.391,2.8,53.52,5.178,6.43,1.375,1.507,1.696,1.822,1.921,2.017,2.09,2.13,2.169,2.231,2.389,2.778,3.534,4.507,5.055,5.307,5.172,4.568,4.004,3.73,3.642,3.445,3.202,3.146,3.039,2.833,2.618,2.438,2.482,3.044,4.809,8.05,13.592,22.478,33.057,41.967,48.335,50.575,51.74,52.753,53.624,53.902,54.278,54.551,54.623,55.076,55.364,54.971,55.15,54.435,53.425
1.403,746.633,0.935,-193.733,2.329,1249.417,0.935,-332.617,5.382,5.289,83.848,0.894,0.75,-0.058,0.281,0.843,0.205,10.756,9.012,6.906,2.327,4.232,2.792,49.746,4.969,6.292,1.305,1.442,1.616,1.746,1.838,1.929,2.011,2.042,2.086,2.15,2.305,2.674,3.42,4.341,4.855,5.084,4.968,4.419,3.884,3.597,3.516,3.34,3.123,3.061,2.987,2.795,2.628,2.465,2.533,3.074,4.739,7.845,12.975,21.175,30.964,39.41,44.883,47.323,48.477,49.268,50.196,50.366,50.224,50.79,50.884,51.361,51.478,51.665,51.297,50.159,47.822
1.577,872.647,0.943,-206.28,2.563,1481.25,0.942,-376.733,5.268,5.151,84.48,0.886,0.756,-0.095,0.246,0.832,0.205,9.908,8.314,6.401,2.537,4.67,3.081,50.939,5.469,6.883,1.482,1.611,1.785,1.909,2.013,2.105,2.187,2.232,2.287,2.353,2.521,2.91,3.703,4.723,5.324,5.607,5.477,4.902,4.321,4.031,3.939,3.725,3.475,3.399,3.308,3.1,2.885,2.713,2.79,3.375,5.198,8.568,14.126,22.724,32.346,40.463,46.156,48.088,49.263,50.345,51.006,51.21,51.735,51.915,52.1,52.357,52.654,52.35,52.14,52.185,50.588
1.676,903.38,0.942,-259.973,2.804,1567.05,0.942,-467.367,5.183,5.047,84.33,0.881,0.661,-0.115,0.227,0.828,0.198,9.62,8.12,6.12,2.133,3.935,2.635,41.795,4.583,5.87,1.245,1.36,1.507,1.614,1.692,1.771,1.835,1.872,1.92,1.974,2.118,2.454,3.12,3.954,4.448,4.698,4.602,4.14,3.67,3.439,3.348,3.179,2.962,2.916,2.833,2.659,2.472,2.305,2.371,2.891,4.456,7.284,11.887,18.883,26.896,33.285,37.959,39.326,40.294,41.061,41.588,41.951,42.303,42.46,42.654,43.251,43.179,43.357,43.277,42.64,41.624
1.439,917.993,0.941,-272.567,2.38,1537.367,0.941,-477.65,5.219,4.898,85.275,0.875,0.611,-0.145,0.198,0.818,0.199,8.984,7.585,5.842,2.065,3.771,2.52,37.655,4.386,5.504,1.21,1.301,1.452,1.548,1.627,1.71,1.776,1.812,1.86,1.916,2.059,2.377,3.008,3.807,4.269,4.488,4.401,3.959,3.515,3.287,3.21,3.032,2.83,2.78,2.701,2.539,2.368,2.214,2.277,2.762,4.194,6.814,11.026,17.522,24.823,30.793,34.651,36.355,37.181,37.923,38.243,38.422,38.526,38.609,38.915,38.857,38.753,38.186,37.975,36.9,35.326
1.092,762.8,0.975,-226.447,1.881,1297.317,0.955,-420.083,5.244,4.791,81.512,0.886,0.675,-0.095,0.246,0.837,0.189,10.276,8.718,6.661,2.117,3.8,2.591,42.855,4.41,5.594,1.239,1.333,1.481,1.584,1.668,1.753,1.822,1.857,1.905,1.964,2.113,2.445,3.076,3.855,4.303,4.515,4.411,3.972,3.528,3.312,3.232,3.077,2.883,2.831,2.764,2.595,2.438,2.299,2.366,2.844,4.276,6.912,11.366,18.446,26.687,33.448,38.293,39.76,40.763,41.713,42.281,42.906,43.022,43.478,43.762,44.59,44.538,44.6,44.932,44.551,43.639
1.278,778.873,0.931,-225.973,2.267,1437.75,0.93,-451.55,5.274,4.663,75.753,0.87,0.632,-0.162,0.181,0.823,0.168,9.275,7.999,5.936,2.182,3.871,2.757,39.776,4.42,5.734,1.269,1.36,1.516,1.618,1.71,1.797,1.866,1.904,1.975,2.032,2.189,2.531,3.159,3.906,4.309,4.513,4.438,4.036,3.646,3.45,3.384,3.228,3.04,3.005,2.932,2.77,2.596,2.447,2.523,3.026,4.457,7.011,11.184,17.816,25.118,31.139,35.238,37.08,37.999,38.685,39.125,39.63,40.01,40.236,40.805,41.234,41.418,41.664,42.086,41.076,40.354
1.074,688.267,0.929,-191.0,1.834,1275.6,0.928,-337.917,5.181,4.501,79.508,0.855,0.704,-0.22,0.123,0.81,0.147,8.525,7.38,5.426,2.829,5.035,3.747,47.957,5.723,7.463,1.57,1.71,1.897,2.038,2.166,2.292,2.4,2.468,2.542,2.653,2.871,3.316,4.091,5.035,5.565,5.838,5.765,5.27,4.771,4.518,4.461,4.297,4.076,4.026,3.945,3.744,3.559,3.389,3.483,4.085,5.892,9.034,13.97,21.79,30.921,38.145,42.763,45.088,46.152,47.004,47.826,47.961,47.576,48.256,49.015,49.839,50.247,50.4,50.645,49.157,47.433
1.11,907.971,0.928,-204.071,1.738,1462.917,0.924,-342.467,4.948,4.095,77.026,0.859,0.602,-0.207,0.136,0.808,0.165,8.426,7.256,5.329,2.17,3.996,2.867,37.67,4.562,5.952,1.217,1.312,1.459,1.579,1.676,1.778,1.853,1.905,1.96,2.032,2.188,2.515,3.132,3.912,4.398,4.659,4.631,4.234,3.836,3.618,3.548,3.394,3.196,3.156,3.073,2.892,2.714,2.537,2.586,3.109,4.652,7.252,11.264,17.392,24.416,29.997,33.883,35.014,36.024,36.664,37.264,37.674,38.147,38.389,38.84,38.774,39.182,39.291,39.324,38.81,37.767
0.755,915.408,0.919,-230.331,1.154,1397.433,0.92,-348.167,4.482,3.284,74.345,0.802,0.518,-0.376,-0.048,0.755,0.118,6.168,5.393,3.473,2.445,4.604,3.635,33.001,5.162,7.378,1.335,1.459,1.625,1.766,1.874,1.995,2.089,2.152,2.208,2.289,2.461,2.837,3.532,4.385,4.942,5.268,5.275,4.898,4.491,4.34,4.303,4.155,3.964,3.946,3.874,3.664,3.45,3.239,3.282,3.986,5.928,8.828,13.007,18.342,24.012,28.1,30.124,31.362,31.845,32.158,32.557,32.917,33.319,33.394,33.628,33.815,34.237,34.17,34.13,34.184,33.181
0.762,876.031,0.926,-181.862,1.135,1349.683,0.919,-278.5,4.295,2.959,71.545,0.779,0.513,-0.425,-0.107,0.742,0.089,5.75,5.117,3.025,2.584,4.991,4.176,33.685,5.507,8.37,1.382,1.502,1.679,1.82,1.94,2.056,2.166,2.245,2.335,2.439,2.645,3.046,3.741,4.626,5.239,5.604,5.677,5.37,5.002,4.846,4.81,4.689,4.516,4.509,4.446,4.229,3.984,3.713,3.772,4.579,6.782,9.957,14.131,19.398,24.271,27.702,30.305,31.149,31.655,32.432,33.038,33.318,33.823,34.171,34.707,34.541,35.305,35.308,35.769,35.3,34.452
0.457,876.162,0.907,-148.592,0.709,1351.233,0.901,-223.4,4.155,2.716,58.979,0.763,0.473,-0.457,-0.146,0.736,0.063,5.577,5.05,2.898,2.605,4.666,4.116,30.689,5.073,7.873,1.369,1.529,1.728,1.891,2.024,2.148,2.25,2.327,2.407,2.488,2.65,2.983,3.59,4.325,4.831,5.164,5.224,4.98,4.709,4.593,4.578,4.502,4.34,4.347,4.31,4.126,3.947,3.734,3.805,4.541,6.461,9.284,12.888,17.988,23.076,26.378,27.744,28.735,29.248,29.811,30.141,30.57,30.646,31.298,31.492,31.577,31.742,31.798,32.14,31.749,31.639
0.413,791.085,0.898,-126.231,0.595,1246.8,0.895,-192.35,3.969,2.392,56.652,0.707,0.453,-0.549,-0.264,0.688,0.037,4.404,4.016,2.161,3.187,5.864,5.441,31.69,6.317,10.024,1.586,1.776,2.027,2.247,2.417,2.572,2.719,2.841,2.944,3.055,3.269,3.688,4.404,5.283,5.952,6.425,6.575,6.33,6.008,5.9,5.9,5.814,5.677,5.716,5.699,5.47,5.235,4.967,5.031,5.971,8.367,11.681,15.705,20.371,24.562,27.272,28.889,29.729,30.388,30.823,31.06,31.561,31.671,31.857,32.427,32.393,32.949,33.052,33.4,33.063,32.086
0.321,785.092,0.898,-106.277,0.487,1233.15,0.894,-157.783,3.876,2.229,45.063,0.724,0.451,-0.524,-0.231,0.717,0.014,5.063,4.706,2.42,2.78,5.049,4.906,30.614,5.365,8.95,1.332,1.511,1.746,1.955,2.105,2.26,2.378,2.489,2.576,2.674,2.862,3.206,3.797,4.505,5.054,5.448,5.592,5.441,5.221,5.163,5.222,5.171,5.071,5.123,5.099,4.92,4.74,4.502,4.543,5.412,7.526,10.374,13.842,18.178,22.291,25.37,27.049,28.006,28.803,29.124,29.667,30.318,30.604,30.857,31.304,31.622,32.332,32.041,32.544,32.576,32.361
0.813,918.322,0.571,-105.088,1.292,1565.833,0.563,-328.8,1.442,1.442,45.044,0.644,0.442,-0.625,-0.369,0.631,0.022,3.415,3.108,2.016,5.356,7.786,7.451,34.376,8.369,11.397,3.799,4.007,4.227,4.41,4.55,4.703,4.849,4.958,5.095,5.235,5.472,5.884,6.649,7.587,8.17,8.478,8.457,8.049,7.66,7.515,7.51,7.434,7.322,7.355,7.391,7.335,7.264,7.25,7.46,8.102,9.894,12.901,17.332,22.71,27.23,30.086,31.834,32.585,33.089,33.455,33.833,33.987,34.326,34.557,34.935,35.134,35.272,35.431,35.803,35.573,35.819
0.878,977.302,0.6,-114.153,1.44,1717.683,0.575,-302.617,2.051,2.051,45.912,0.665,0.469,-0.602,-0.336,0.655,0.017,3.801,3.457,2.307,5.163,7.516,7.267,36.086,8.097,10.911,3.61,3.799,4.018,4.208,4.355,4.528,4.657,4.776,4.925,5.059,5.282,5.69,6.39,7.307,7.88,8.217,8.193,7.782,7.38,7.239,7.26,7.175,7.099,7.152,7.196,7.15,7.124,7.11,7.278,7.86,9.463,12.359,16.785,22.458,27.679,31.139,33.383,34.019,34.569,35.131,35.502,35.94,36.165,36.541,36.804,36.963,37.296,37.358,37.445,37.253,36.922
1.016,1000.033,0.674,-119.653,1.7,1790.917,0.677,-307.2,3.107,3.106,58.238,0.776,0.56,-0.433,-0.116,0.73,0.105,5.418,4.724,3.464,3.757,6.002,4.863,38.519,6.729,8.628,2.439,2.627,2.839,3.006,3.113,3.253,3.337,3.414,3.509,3.608,3.8,4.18,4.954,5.933,6.546,6.866,6.776,6.253,5.742,5.508,5.442,5.255,5.051,5.028,4.984,4.832,4.684,4.569,4.693,5.254,7.016,10.241,15.299,22.074,28.494,32.901,35.738,36.858,37.334,37.765,38.193,38.408,38.786,38.93,39.161,39.545,39.83,39.804,39.644,39.181,38.609
1.443,1028.007,0.744,-96.363,2.21,1735.383,0.722,-374.617,3.898,3.897,74.41,0.863,0.659,-0.192,0.151,0.792,0.222,7.634,6.313,5.049,2.758,4.955,3.153,42.783,5.85,7.073,1.72,1.892,2.082,2.192,2.265,2.339,2.408,2.427,2.482,2.545,2.729,3.14,3.991,5.108,5.722,5.99,5.838,5.171,4.512,4.195,4.071,3.825,3.543,3.477,3.37,3.155,2.949,2.805,2.882,3.437,5.278,8.868,14.593,22.582,30.625,36.33,40.062,41.601,41.939,42.392,42.939,43.251,43.404,43.35,43.517,43.912,43.761,43.401,43.143,42.99,42.078
1.648,1015.302,0.878,-231.573,2.493,1629.767,0.852,-416.483,4.953,4.952,80.594,0.89,0.71,-0.076,0.264,0.821,0.255,9.197,7.522,6.122,2.436,4.502,2.673,45.903,5.386,6.445,1.676,1.792,1.95,2.034,2.059,2.105,2.139,2.142,2.164,2.214,2.367,2.762,3.599,4.676,5.268,5.529,5.362,4.706,4.052,3.73,3.593,3.351,3.075,2.996,2.876,2.69,2.481,2.32,2.401,2.95,4.706,8.184,14.009,22.613,31.375,38.017,42.565,43.814,44.397,45.187,45.664,45.901,46.468,46.35,46.49,46.551,46.81,46.953,47.127,46.977,47.287
1.484,1002.917,0.802,-216.187,2.584,1782.767,0.892,-464.75,5.119,5.116,84.435,0.899,0.761,-0.031,0.305,0.838,0.248,10.317,8.469,6.922,2.404,4.456,2.686,50.433,5.326,6.366,1.474,1.616,1.778,1.876,1.948,2.023,2.081,2.103,2.155,2.206,2.361,2.749,3.555,4.599,5.205,5.47,5.303,4.657,4.026,3.709,3.583,3.348,3.084,2.994,2.899,2.695,2.499,2.345,2.421,2.944,4.671,8.061,13.904,22.961,33.102,40.969,46.264,47.973,48.897,49.639,50.299,50.597,51.072,51.19,51.597,51.92,52.124,51.811,51.976,51.13,49.999
1.711,1033.643,0.934,-244.493,2.769,1685.567,0.932,-486.4,5.339,5.334,86.574,0.911,0.783,0.037,0.366,0.845,0.287,10.934,8.842,7.272,2.213,4.33,2.398,51.676,5.25,6.247,1.384,1.5,1.649,1.74,1.793,1.85,1.9,1.909,1.94,1.986,2.147,2.555,3.415,4.526,5.135,5.404,5.213,4.526,3.854,3.518,3.381,3.129,2.836,2.749,2.631,2.404,2.194,2.027,2.109,2.673,4.487,8.006,13.91,22.995,33.067,41.308,47.476,49.293,50.153,51.379,51.821,52.482,52.791,52.764,53.011,52.81,52.913,52.799,52.627,51.944,50.877
1.831,1007.69,0.936,-243.187,2.764,1566.833,0.933,-475.633,5.461,5.453,86.369,0.916,0.779,0.067,0.392,0.858,0.272,12.105,9.851,8.174,2.09,3.883,2.224,50.888,4.69,5.547,1.552,1.594,1.733,1.764,1.785,1.816,1.845,1.837,1.851,1.888,2.015,2.357,3.107,4.075,4.598,4.814,4.657,4.043,3.446,3.155,3.054,2.822,2.573,2.503,2.402,2.236,2.052,1.911,1.995,2.47,4.004,7.089,12.453,21.209,31.696,40.616,46.722,49.329,50.934,51.836,52.246,52.462,51.74,51.791,52.293,52.314,52.765,52.19,51.161,49.819,45.718
1.44,676.047,0.95,-317.667,1.93,840.683,0.95,-237.05,5.511,5.49,85.197,0.913,0.764,0.049,0.376,0.86,0.248,12.285,10.088,8.103,1.949,3.734,2.248,49.611,4.474,5.45,1.099,1.218,1.369,1.477,1.55,1.623,1.675,1.699,1.727,1.776,1.905,2.243,2.946,3.862,4.366,4.596,4.461,3.918,3.37,3.094,2.995,2.817,2.602,2.534,2.463,2.267,2.087,1.921,1.976,2.49,4.022,6.878,11.818,19.987,29.989,38.801,45.24,47.349,48.38,49.284,49.955,50.541,50.66,50.683,50.727,51.097,51.03,50.592,50.495,49.89,48.241
1.803,1023.799,0.889,-246.127,2.813,1670.983,0.948,-477.9,5.549,5.519,89.036,0.918,0.835,0.075,0.399,0.862,0.265,12.507,10.168,7.928,2.096,4.205,2.442,56.8,5.086,6.362,1.204,1.323,1.491,1.592,1.656,1.728,1.788,1.809,1.836,1.886,2.035,2.436,3.252,4.326,4.949,5.24,5.069,4.421,3.782,3.459,3.349,3.118,2.848,2.777,2.681,2.469,2.255,2.055,2.126,2.731,4.631,8.093,13.857,23.36,35.012,44.932,51.666,53.926,55.103,56.189,56.952,57.243,57.766,57.701,58.102,58.409,58.319,58.426,58.331,57.725,56.143
1.864,1003.633,0.888,-238.613,2.888,1677.333,0.948,-418.35,5.517,5.475,86.71,0.905,0.75,0.003,0.336,0.861,0.202,12.35,10.353,7.996,2.042,3.656,2.428,48.812,4.3,5.426,1.151,1.254,1.417,1.527,1.611,1.706,1.77,1.807,1.849,1.903,2.031,2.327,2.944,3.739,4.195,4.407,4.297,3.813,3.351,3.116,3.046,2.883,2.695,2.65,2.589,2.435,2.287,2.154,2.211,2.669,4.102,6.751,11.444,19.113,28.745,37.438,43.611,45.868,47.085,48.095,48.88,49.269,49.686,49.873,50.076,50.335,50.582,50.263,50.223,49.475,48.854
1.796,784.111,0.827,-271.84,2.809,1317.033,0.952,-369.967,5.458,5.405,83.377,0.901,0.724,-0.022,0.313,0.854,0.201,11.739,9.868,7.673,2.006,3.657,2.435,46.587,4.286,5.372,1.149,1.244,1.395,1.513,1.592,1.669,1.737,1.765,1.804,1.858,1.99,2.301,2.922,3.721,4.175,4.394,4.291,3.824,3.371,3.144,3.071,2.911,2.724,2.664,2.601,2.443,2.297,2.153,2.212,2.675,4.069,6.675,11.199,18.686,28.034,36.246,41.906,43.996,45.084,45.93,47.04,47.213,47.449,47.89,47.762,48.021,48.112,48.055,47.685,47.107,45.548
1.765,927.004,0.827,-192.407,2.902,1574.883,0.953,-404.067,5.398,5.334,85.209,0.893,0.677,-0.062,0.277,0.843,0.2,10.772,9.071,7.004,1.982,3.618,2.412,42.596,4.23,5.322,1.134,1.239,1.384,1.488,1.574,1.646,1.711,1.744,1.786,1.839,1.971,2.276,2.881,3.661,4.12,4.336,4.234,3.793,3.354,3.129,3.058,2.896,2.708,2.651,2.587,2.427,2.268,2.123,2.178,2.652,4.042,6.602,10.906,17.847,26.091,33.302,38.467,40.132,41.24,42.209,42.755,42.936,43.309,43.464,43.628,43.902,44.13,43.707,43.492,43.451,42.115
1.52,931.626,0.828,-270.287,2.515,1612.517,0.953,-460.167,5.351,5.275,85.187,0.891,0.678,-0.071,0.269,0.842,0.197,10.641,8.991,6.889,1.997,3.675,2.465,42.782,4.282,5.423,1.138,1.244,1.39,1.493,1.573,1.653,1.717,1.753,1.797,1.853,1.989,2.298,2.913,3.697,4.162,4.387,4.297,3.859,3.422,3.209,3.129,2.966,2.766,2.725,2.647,2.485,2.311,2.161,2.219,2.707,4.122,6.724,11.093,18.012,26.266,33.343,38.631,40.297,41.323,42.192,42.772,43.178,43.378,43.525,43.838,44.236,44.217,44.222,44.137,43.508,42.279
1.42,847.894,0.726,-267.773,2.599,1608.05,0.95,-475.883,5.234,5.131,85.653,0.882,0.685,-0.111,0.231,0.829,0.198,9.72,8.232,6.431,2.249,4.103,2.745,43.978,4.764,5.919,1.275,1.371,1.543,1.66,1.757,1.851,1.931,1.969,2.024,2.098,2.251,2.599,3.272,4.132,4.627,4.875,4.788,4.307,3.828,3.589,3.504,3.32,3.098,3.043,2.958,2.769,2.581,2.41,2.471,2.986,4.52,7.317,11.945,19.22,27.728,35.186,40.302,42.264,43.369,44.191,44.611,44.837,45.022,44.896,45.483,45.23,45.167,44.731,44.44,43.33,41.802
1.299,797.881,0.826,-263.207,2.14,1353.8,0.952,-403.367,5.151,5.029,81.938,0.887,0.706,-0.092,0.249,0.84,0.183,10.497,8.928,6.804,2.187,3.981,2.751,45.77,4.61,5.865,1.235,1.308,1.466,1.59,1.691,1.783,1.863,1.908,1.964,2.034,2.19,2.545,3.21,4.032,4.499,4.713,4.618,4.155,3.708,3.476,3.419,3.259,3.063,3.007,2.934,2.751,2.583,2.44,2.517,3.026,4.521,7.208,11.738,19.235,28.165,35.643,40.77,42.997,44.159,45.124,45.62,46.114,45.827,46.418,46.697,47.606,47.545,47.476,47.598,47.023,45.579
1.414,816.286,0.816,-103.113,2.557,1506.333,0.94,-449.083,5.063,4.856,77.991,0.871,0.637,-0.16,0.183,0.827,0.158,9.536,8.246,6.062,2.106,3.813,2.774,40.175,4.345,5.689,1.175,1.267,1.42,1.527,1.626,1.712,1.792,1.84,1.903,1.97,2.128,2.453,3.052,3.789,4.22,4.435,4.38,3.999,3.619,3.442,3.382,3.239,3.053,3.017,2.95,2.794,2.622,2.468,2.537,3.032,4.447,6.931,11.016,17.482,24.963,31.27,35.832,37.463,38.452,39.212,39.65,40.336,40.648,40.813,41.259,41.705,41.745,41.831,41.964,41.409,40.311
1.171,722.412,0.811,-138.693,2.028,1336.017,0.937,-340.267,5.035,4.79,79.474,0.86,0.661,-0.202,0.141,0.817,0.145,8.919,7.755,5.604,2.4,4.353,3.249,43.176,4.932,6.538,1.292,1.415,1.58,1.709,1.824,1.943,2.024,2.095,2.156,2.248,2.429,2.815,3.491,4.304,4.781,5.035,4.979,4.586,4.16,3.955,3.886,3.737,3.545,3.504,3.427,3.25,3.075,2.928,2.998,3.561,5.164,7.913,12.276,19.006,27.144,33.819,38.646,40.359,41.348,42.199,42.951,43.302,43.277,43.764,44.25,44.619,44.986,45.098,45.295,44.364,43.19
1.269,949.598,0.868,-284.9,1.976,1528.317,0.933,-347.017,4.966,4.625,80.214,0.861,0.622,-0.197,0.146,0.812,0.164,8.636,7.438,5.399,2.161,4.084,2.933,39.353,4.664,6.15,1.145,1.244,1.397,1.524,1.633,1.742,1.825,1.885,1.943,2.014,2.181,2.527,3.174,3.977,4.488,4.762,4.74,4.339,3.926,3.712,3.638,3.486,3.282,3.24,3.157,2.957,2.779,2.582,2.635,3.183,4.806,7.494,11.642,18.018,25.288,31.306,35.648,36.836,37.863,38.573,39.236,39.49,39.963,40.123,40.406,40.299,40.832,40.883,40.88,40.197,39.066
0.937,945.206,0.937,-84.285,1.433,1442.333,0.93,-301.333,4.828,4.296,79.812,0.827,0.582,-0.308,0.028,0.785,0.12,7.308,6.404,4.175,2.42,4.525,3.555,37.595,5.078,7.265,1.259,1.385,1.558,1.714,1.841,1.967,2.077,2.132,2.201,2.275,2.438,2.799,3.474,4.312,4.866,5.181,5.186,4.826,4.42,4.256,4.204,4.062,3.881,3.872,3.8,3.592,3.378,3.153,3.207,3.887,5.784,8.746,13.165,19.502,26.104,31.544,34.289,35.935,36.525,36.828,37.328,37.625,37.992,37.965,38.309,38.506,38.922,38.747,38.77,38.727,37.457
0.774,953.453,0.534,-195.42,1.18,1605.05,0.557,-310.7,1.286,1.285,41.015,0.638,0.433,-0.631,-0.378,0.629,0.015,3.386,3.099,1.96,5.165,7.682,7.458,33.692,8.219,11.382,3.461,3.697,3.969,4.145,4.314,4.482,4.636,4.744,4.887,5.042,5.286,5.729,6.511,7.425,8.006,8.322,8.329,7.97,7.615,7.481,7.481,7.401,7.306,7.348,7.405,7.332,7.284,7.261,7.461,8.114,9.894,12.871,17.101,22.434,26.915,29.646,31.518,32.205,32.649,33.02,33.38,33.535,33.77,34.045,34.275,34.387,34.59,34.63,34.733,34.311,34.335
0.774,1065.688,0.597,-153.6,1.168,1758.5,0.557,-246.6,1.816,1.815,41.755,0.668,0.421,-0.599,-0.332,0.661,0.012,3.896,3.576,2.331,4.228,6.242,6.089,30.559,6.679,9.173,2.988,3.155,3.34,3.489,3.589,3.715,3.816,3.894,4.01,4.13,4.321,4.666,5.269,6.015,6.487,6.774,6.775,6.488,6.194,6.083,6.091,6.011,5.941,5.982,6.031,5.992,5.96,5.953,6.103,6.601,7.985,10.361,14.025,18.676,23.026,26.062,27.952,28.66,29.146,29.563,29.9,30.286,30.482,30.825,31.14,31.389,31.636,31.77,31.9,31.903,31.83
1.062,1085.219,0.686,-199.325,1.676,1802.467,0.652,-332.533,2.524,2.521,54.791,0.744,0.498,-0.493,-0.191,0.706,0.079,4.802,4.193,2.989,3.621,5.891,5.027,34.182,6.582,8.57,2.336,2.506,2.711,2.866,2.981,3.108,3.201,3.27,3.369,3.482,3.686,4.05,4.8,5.797,6.395,6.706,6.646,6.159,5.657,5.445,5.414,5.291,5.129,5.132,5.117,4.983,4.86,4.761,4.891,5.448,7.038,10.102,14.637,20.446,25.929,29.62,32.13,32.873,33.343,33.708,34.022,34.231,34.581,34.478,34.659,35.003,35.051,34.957,34.899,34.501,34.289
1.4,1037.225,0.718,-206.019,2.15,1752.7,0.7,-374.267,3.054,3.051,63.085,0.811,0.577,-0.353,-0.022,0.757,0.138,6.245,5.358,3.98,3.135,5.244,3.971,37.996,5.976,7.63,2.007,2.15,2.358,2.502,2.604,2.698,2.769,2.808,2.879,2.963,3.139,3.523,4.3,5.27,5.835,6.093,6.001,5.49,4.93,4.686,4.596,4.421,4.22,4.173,4.112,3.95,3.789,3.676,3.774,4.324,6.011,9.248,14.132,20.602,27.457,32.074,35.355,36.33,36.782,37.246,37.725,38.136,38.336,38.608,38.45,38.954,38.945,38.854,38.871,38.843,38.499
1.571,960.744,0.776,-246.794,2.551,1647.967,0.783,-423.767,3.5,3.495,71.163,0.861,0.632,-0.2,0.143,0.791,0.217,7.577,6.318,4.994,2.621,4.706,3.025,40.366,5.516,6.734,1.584,1.719,1.909,2.043,2.13,2.211,2.28,2.311,2.356,2.425,2.595,2.984,3.807,4.822,5.385,5.638,5.524,4.937,4.318,4.026,3.898,3.661,3.411,3.334,3.229,3.034,2.834,2.673,2.752,3.317,5.048,8.42,13.802,21.398,28.848,34.238,38.222,38.851,39.586,40.136,40.609,40.857,41.21,41.18,41.069,41.239,41.194,40.945,40.842,40.302,39.25
1.355,1070.488,0.793,-232.894,2.169,1793.517,0.795,-392.883,3.835,3.829,80.955,0.887,0.649,-0.091,0.25,0.823,0.235,9.325,7.698,6.213,2.146,3.913,2.425,40.4,4.645,5.601,1.327,1.439,1.593,1.69,1.754,1.825,1.871,1.887,1.92,1.972,2.107,2.446,3.136,4.034,4.537,4.758,4.639,4.097,3.549,3.288,3.179,2.972,2.744,2.677,2.587,2.419,2.26,2.136,2.216,2.678,4.162,7.04,11.815,19.079,27.013,33.178,37.221,38.614,39.293,39.886,40.289,40.533,41.025,40.958,41.318,41.467,41.524,41.395,41.419,40.877,40.187
1.58,974.244,0.84,-229.25,2.593,1722.467,0.885,-409.933,4.28,4.273,79.709,0.886,0.693,-0.096,0.245,0.821,0.236,9.197,7.609,6.017,2.341,4.37,2.7,44.564,5.177,6.351,1.43,1.547,1.702,1.822,1.894,1.966,2.023,2.044,2.087,2.146,2.304,2.684,3.478,4.481,5.049,5.317,5.164,4.573,3.992,3.701,3.577,3.346,3.094,3.019,2.908,2.704,2.504,2.351,2.433,2.982,4.686,8.015,13.453,21.357,29.772,36.253,41.279,42.478,43.322,44.222,44.583,45.085,45.376,45.421,45.665,45.448,45.575,45.497,45.463,45.025,44.022
1.604,1025.553,0.897,-270.4,2.365,1616.05,0.88,-428.483,4.261,4.245,77.558,0.879,0.686,-0.124,0.218,0.819,0.214,9.08,7.638,6.13,2.56,4.398,2.845,44.336,5.132,6.219,1.702,1.798,1.991,2.089,2.158,2.225,2.278,2.294,2.328,2.373,2.524,2.873,3.587,4.499,5.011,5.254,5.132,4.582,4.061,3.782,3.677,3.463,3.217,3.143,3.036,2.846,2.666,2.52,2.596,3.107,4.694,7.744,12.689,20.112,28.581,35.48,40.33,41.737,42.728,43.558,44.012,44.371,44.625,44.937,45.254,45.182,45.907,45.701,45.733,45.514,45.445
1.251,672.247,0.854,-142.327,1.638,822.75,0.908,-183.3,4.235,4.207,83.765,0.886,0.703,-0.097,0.244,0.827,0.217,9.588,7.999,6.276,2.302,4.307,2.769,45.602,5.068,6.267,1.26,1.39,1.57,1.7,1.794,1.897,1.966,2.005,2.056,2.124,2.283,2.668,3.42,4.392,4.945,5.191,5.067,4.516,3.968,3.68,3.582,3.389,3.151,3.077,2.983,2.78,2.595,2.424,2.488,3.036,4.724,7.811,12.97,20.906,29.838,37.012,41.761,43.448,44.339,45.069,45.699,46.091,46.337,46.278,46.507,46.923,47.208,46.905,46.806,46.083,44.57
1.529,1008.467,0.86,-244.987,2.343,1648.667,0.913,-408.083,4.194,4.148,78.242,0.862,0.696,-0.195,0.147,0.801,0.197,8.029,6.779,5.095,2.787,5.162,3.463,46.613,5.992,7.647,1.482,1.667,1.891,2.049,2.167,2.293,2.387,2.432,2.492,2.572,2.772,3.237,4.11,5.194,5.814,6.135,6.027,5.429,4.829,4.517,4.407,4.192,3.916,3.853,3.737,3.486,3.259,3.02,3.093,3.793,5.884,9.411,14.84,22.91,31.641,38.607,43.316,44.389,45.302,46.055,46.747,47.019,47.372,47.296,47.594,47.774,47.62,47.655,47.6,47.134,46.33
1.535,1004.227,0.795,-211.107,2.333,1683.617,0.913,-362.433,4.085,3.991,84.774,0.871,0.659,-0.161,0.182,0.808,0.21,8.433,7.063,5.275,2.357,4.478,2.922,42.239,5.239,6.731,1.21,1.351,1.539,1.682,1.789,1.909,1.989,2.04,2.096,2.172,2.353,2.761,3.54,4.522,5.093,5.363,5.261,4.706,4.153,3.879,3.785,3.581,3.343,3.274,3.173,2.939,2.733,2.543,2.59,3.203,5.083,8.38,13.399,20.68,28.511,34.514,38.795,40.163,40.932,41.688,42.292,42.666,42.846,43.085,43.023,43.27,43.588,43.179,43.275,42.561,42.218
1.472,798.987,0.794,-204.8,2.341,1350.667,0.913,-361.717,3.976,3.833,82.052,0.858,0.654,-0.209,0.134,0.794,0.202,7.688,6.484,4.865,2.596,4.899,3.253,42.564,5.687,7.257,1.296,1.456,1.676,1.85,1.979,2.105,2.204,2.247,2.312,2.398,2.591,3.032,3.876,4.907,5.511,5.823,5.727,5.168,4.598,4.291,4.193,3.984,3.728,3.65,3.538,3.282,3.057,2.834,2.878,3.537,5.534,8.98,14.103,21.342,29.088,34.951,39.081,40.367,41.096,41.744,42.67,42.987,43.114,43.525,43.426,43.895,43.933,43.92,43.688,43.16,41.849
1.45,952.713,0.79,-195.333,2.229,1649.35,0.902,-358.467,3.846,3.369,79.028,0.838,0.595,-0.276,0.063,0.77,0.191,6.707,5.718,4.157,2.583,4.956,3.366,38.191,5.685,7.406,1.263,1.426,1.638,1.807,1.938,2.07,2.165,2.228,2.306,2.394,2.597,3.038,3.868,4.895,5.487,5.804,5.765,5.277,4.734,4.444,4.325,4.109,3.855,3.791,3.68,3.424,3.156,2.909,2.952,3.653,5.732,9.08,13.93,20.389,26.625,31.607,35.129,36.19,36.862,37.519,38.052,38.276,38.487,38.612,38.988,39.399,39.427,39.493,39.41,38.953,38.074
1.252,960.173,0.789,-172.453,1.805,1603.883,0.897,-291.317,3.761,2.763,65.718,0.716,0.527,-0.536,-0.247,0.678,0.074,4.205,3.835,2.398,4.319,7.512,6.479,39.102,8.088,11.506,1.812,2.145,2.572,2.912,3.183,3.443,3.654,3.8,3.972,4.151,4.481,5.061,5.992,7.065,7.758,8.199,8.306,7.977,7.567,7.393,7.353,7.209,6.993,6.972,6.85,6.523,6.216,5.862,5.929,7.003,9.7,13.312,18.125,24.009,28.955,32.59,35.673,36.632,37.399,38.279,38.616,38.923,39.12,39.477,40.011,40.157,40.427,40.352,40.609,40.034,40.825
0.953,803.853,0.775,-171.667,1.529,1373.933,0.882,-300.35,3.701,2.331,75.673,0.679,0.437,-0.585,-0.313,0.648,0.055,3.689,3.333,1.775,3.235,6.732,6.034,31.566,7.285,11.375,1.42,1.568,1.809,2.001,2.173,2.339,2.527,2.662,2.813,2.992,3.361,4.053,5.137,6.288,6.964,7.385,7.506,7.211,6.798,6.643,6.655,6.53,6.325,6.342,6.304,6.002,5.735,5.463,5.606,6.783,9.611,13.139,17.066,21.585,24.795,26.648,28.064,28.898,29.535,30.236,30.763,31.046,31.09,31.629,32.215,32.968,33.341,33.505,34.076,33.451,32.678
0.973,838.433,0.753,-162.787,1.586,1452.133,0.86,-282.233,3.61,2.153,42.01,0.61,0.354,-0.657,-0.415,0.61,0.0,3.133,2.904,1.493,3.436,6.416,6.415,26.515,6.792,10.638,1.556,1.751,1.996,2.198,2.389,2.588,2.788,2.952,3.133,3.301,3.615,4.123,4.986,5.906,6.492,6.868,7.016,6.833,6.589,6.51,6.546,6.483,6.401,6.481,6.529,6.373,6.219,6.026,6.168,7.108,9.253,12.022,15.173,18.446,20.885,22.585,23.779,24.339,24.772,25.353,25.85,26.171,26.479,26.915,27.207,27.428,27.693,27.989,27.992,28.064,27.698
0.908,801.6,0.746,-143.64,1.461,1477.833,0.847,-268.983,3.426,1.797,30.88,0.563,0.327,-0.697,-0.474,0.584,-0.032,2.809,2.708,1.226,3.811,6.847,7.3,26.079,7.033,11.716,1.722,1.94,2.253,2.473,2.687,2.896,3.102,3.3,3.504,3.692,4.017,4.567,5.41,6.226,6.745,7.115,7.24,7.242,7.181,7.221,7.24,7.245,7.139,7.256,7.31,7.207,7.081,6.973,7.159,8.115,10.317,13.115,15.885,18.418,20.203,21.484,22.449,23.232,23.871,24.332,24.723,25.365,25.623,26.101,26.673,27.319,27.705,28.102,28.807,28.488,28.392
0.727,742.427,0.739,-103.587,1.082,1371.783,0.838,-178.5,3.335,1.619,24.625,0.485,0.281,-0.748,-0.553,0.546,-0.083,2.404,2.367,0.962,4.163,7.375,8.714,25.105,7.457,12.792,1.726,2.001,2.339,2.604,2.873,3.131,3.384,3.629,3.865,4.104,4.455,4.984,5.75,6.531,7.105,7.514,7.752,7.835,7.831,7.964,8.097,8.183,8.246,8.466,8.6,8.603,8.529,8.439,8.645,9.718,11.7,13.885,16.546,18.478,19.988,21.214,22.248,22.692,23.301,23.872,24.34,24.767,24.656,25.369,25.75,26.067,26.452,26.673,27.065,26.795,26.524
0.638,955.129,0.799,-94.257,0.939,1537.233,0.832,-149.533,3.106,1.175,16.744,0.441,0.222,-0.771,-0.59,0.552,-0.147,2.467,2.547,0.824,3.271,5.79,7.78,20.075,5.66,11.007,1.403,1.575,1.799,2.009,2.214,2.428,2.635,2.843,3.058,3.271,3.545,3.919,4.465,4.951,5.34,5.679,5.961,6.145,6.313,6.511,6.745,6.847,6.943,7.161,7.394,7.561,7.695,7.786,8.061,8.798,10.214,11.8,13.093,14.382,15.314,16.05,16.781,17.241,17.858,18.344,18.972,19.357,19.865,20.346,20.886,21.06,21.61,21.932,22.421,22.165,22.293
0.233,1036.434,0.182,-62.345,0.076,499.733,0.147,-86.3,0.145,0.145,5.446,0.212,0.142,-0.857,-0.733,0.334,-0.131,1.002,1.053,0.336,10.326,13.876,18.048,27.787,13.532,20.804,6.471,6.942,7.311,7.816,8.236,8.745,9.204,9.664,10.087,10.501,10.968,11.453,11.989,12.553,13.06,13.574,13.961,14.356,14.714,15.127,15.554,15.917,16.341,16.829,17.259,17.574,18.025,18.413,18.846,19.39,20.329,21.279,22.42,23.328,23.961,24.51,24.764,25.617,26.146,26.271,27.003,27.103,27.549,28.032,28.351,28.66,29.405,29.114,29.453,29.754,29.584
0.351,655.214,0.182,-46.029,0.646,1183.933,0.188,-91.383,0.413,0.413,13.734,0.322,0.219,-0.822,-0.674,0.414,-0.106,1.412,1.421,0.599,9.087,12.43,15.374,29.977,12.38,18.747,5.879,6.206,6.665,7.012,7.414,7.791,8.146,8.485,8.829,9.182,9.562,10.012,10.691,11.42,11.98,12.456,12.703,12.829,12.976,13.254,13.564,13.829,14.038,14.441,14.755,15.043,15.25,15.534,16.007,16.591,17.912,19.582,21.744,24.008,25.46,26.548,27.195,27.797,28.242,28.75,29.206,29.609,29.75,30.03,30.608,31.096,31.056,30.894,31.716,32.282,31.423
0.546,769.963,0.321,-93.515,1.156,1594.717,0.311,-201.983,0.905,0.904,29.215,0.477,0.322,-0.753,-0.56,0.53,-0.072,2.257,2.174,1.142,6.763,9.715,11.212,31.637,9.968,14.767,4.341,4.683,4.939,5.242,5.477,5.757,6.03,6.272,6.525,6.756,7.062,7.5,8.201,9.061,9.634,10.063,10.208,10.102,9.955,10.005,10.205,10.333,10.4,10.63,10.846,10.989,11.086,11.252,11.566,12.118,13.603,15.931,18.756,22.843,26.095,28.155,29.372,29.995,30.448,30.51,30.986,31.263,31.692,31.754,31.958,32.583,32.957,32.954,32.902,33.374,31.807
1.005,1001.314,0.48,-170.79,1.895,1636.417,0.462,-284.083,1.928,1.926,45.112,0.627,0.421,-0.642,-0.392,0.632,-0.008,3.437,3.155,1.933,4.825,7.438,7.563,33.003,7.944,11.254,2.959,3.229,3.474,3.743,3.892,4.077,4.265,4.445,4.596,4.757,4.984,5.366,6.111,7.065,7.677,8.05,8.105,7.776,7.414,7.333,7.408,7.351,7.284,7.388,7.449,7.428,7.434,7.445,7.633,8.162,9.845,12.664,16.667,21.773,26.553,29.592,31.179,31.75,31.925,32.62,32.501,32.936,32.916,33.4,33.308,33.478,33.807,34.037,33.973,33.981,33.238
0.943,974.562,0.529,-156.615,0.883,516.65,0.601,-101.55,2.44,2.437,58.309,0.73,0.516,-0.515,-0.22,0.701,0.059,4.681,4.11,2.819,3.921,6.482,5.755,36.828,7.207,9.644,2.456,2.667,2.89,3.11,3.206,3.349,3.492,3.588,3.68,3.783,3.972,4.362,5.145,6.265,6.946,7.351,7.324,6.817,6.297,6.106,6.09,5.948,5.774,5.816,5.831,5.725,5.592,5.496,5.637,6.188,7.993,11.295,16.125,22.63,28.888,32.944,33.605,35.686,36.166,36.556,36.87,36.821,37.625,37.028,37.368,37.632,37.885,37.668,37.451,37.062,36.999
0.953,843.319,0.61,-167.456,2.151,1725.3,0.655,-344.233,3.123,3.118,64.905,0.813,0.582,-0.347,-0.016,0.761,0.137,6.353,5.407,3.96,2.989,5.219,3.96,38.38,5.99,7.738,1.881,2.032,2.232,2.398,2.475,2.574,2.657,2.71,2.767,2.823,2.974,3.32,4.083,5.128,5.78,6.139,6.052,5.498,4.947,4.71,4.638,4.439,4.211,4.176,4.132,3.958,3.79,3.641,3.743,4.28,6.061,9.414,14.511,21.317,28.724,33.63,35.933,37.114,37.821,37.982,38.272,38.176,38.186,38.811,38.792,39.448,38.838,39.047,38.882,39.459,38.946
1.028,520.889,0.641,-131.135,0.942,463.333,0.841,-118.95,4.194,4.169,84.592,0.902,0.806,-0.015,0.32,0.839,0.258,10.449,8.432,6.908,2.577,4.803,2.835,54.984,5.83,6.953,1.559,1.777,1.922,2.083,2.132,2.208,2.281,2.329,2.309,2.361,2.484,2.869,3.775,5.03,5.711,5.992,5.786,4.982,4.258,3.893,3.796,3.55,3.239,3.146,3.064,2.839,2.626,2.464,2.591,3.114,5.054,8.852,15.383,25.831,38.024,47.883,49.952,54.526,55.271,55.575,55.169,56.19,56.216,55.62,55.534,56.005,56.442,55.922,54.683,54.726,52.93
0.767,357.582,0.692,-72.054,2.976,1406.783,0.855,-360.967,4.486,4.453,84.65,0.902,0.765,-0.013,0.322,0.838,0.264,10.339,8.357,7.108,2.373,4.465,2.599,50.632,5.411,6.244,1.517,1.635,1.807,1.924,1.966,2.03,2.084,2.095,2.101,2.139,2.296,2.681,3.556,4.698,5.305,5.558,5.37,4.629,3.922,3.651,3.497,3.259,2.96,2.892,2.81,2.63,2.395,2.255,2.359,2.852,4.533,7.956,13.95,23.453,34.426,43.056,47.699,49.622,50.411,50.669,51.199,51.289,51.278,51.485,51.246,51.488,51.217,51.026,50.95,51.463,48.441
1.474,818.758,0.905,-204.158,2.383,1040.817,0.917,-284.217,5.217,5.163,92.288,0.918,0.789,0.077,0.4,0.865,0.257,12.795,10.411,8.513,2.044,3.753,2.22,51.778,4.538,5.443,1.293,1.423,1.583,1.645,1.71,1.769,1.811,1.823,1.839,1.852,1.983,2.278,2.994,3.931,4.445,4.664,4.504,3.871,3.319,3.086,2.966,2.763,2.524,2.477,2.392,2.256,2.046,1.926,1.996,2.446,3.913,6.973,12.798,21.555,32.835,42.229,45.943,50.294,51.141,51.75,52.207,51.908,52.572,51.773,52.91,53.381,52.983,53.034,53.895,51.811,51.069
1.73,1007.009,0.854,-245.49,3.145,1394.45,0.923,-393.433,5.228,5.163,88.368,0.922,0.796,0.103,0.422,0.869,0.267,13.247,10.715,8.927,1.967,3.663,2.12,52.188,4.455,5.257,1.265,1.407,1.534,1.641,1.63,1.702,1.733,1.764,1.766,1.775,1.896,2.197,2.901,3.849,4.363,4.589,4.412,3.783,3.219,2.982,2.869,2.66,2.433,2.371,2.283,2.157,1.957,1.831,1.905,2.338,3.758,6.756,12.487,21.075,32.53,42.467,45.793,51.128,52.098,52.688,52.543,52.765,53.751,53.728,52.694,52.971,52.697,53.161,54.082,52.698,50.016
2.065,1008.691,0.93,-257.899,3.141,1596.133,0.937,-471.783,5.239,5.164,91.794,0.92,0.806,0.09,0.411,0.873,0.239,13.694,11.25,8.789,1.925,3.632,2.229,53.372,4.357,5.452,1.171,1.286,1.437,1.539,1.567,1.644,1.696,1.715,1.724,1.744,1.863,2.163,2.854,3.738,4.257,4.471,4.343,3.785,3.264,3.046,2.935,2.755,2.53,2.479,2.419,2.283,2.073,1.917,1.976,2.458,3.974,6.931,12.349,20.728,32.226,42.352,47.446,51.449,52.838,53.348,53.239,54.131,54.897,54.014,54.786,54.541,54.316,54.584,54.358,54.274,52.36
1.194,534.52,0.817,-129.927,1.267,497.467,0.942,-120.4,5.254,5.164,90.976,0.896,0.797,-0.048,0.29,0.857,0.168,11.945,10.109,7.47,2.438,4.215,3.0,54.562,4.911,6.442,1.407,1.558,1.734,1.887,1.968,2.066,2.156,2.186,2.222,2.257,2.414,2.745,3.454,4.338,4.812,5.025,4.897,4.331,3.832,3.664,3.581,3.414,3.234,3.222,3.183,3.035,2.836,2.67,2.74,3.317,4.964,7.919,13.025,21.919,33.334,43.713,48.188,52.461,53.794,54.524,54.994,54.981,55.85,55.918,55.687,55.821,55.749,55.96,56.26,55.602,52.647
1.531,1046.042,0.888,-257.888,1.676,825.183,0.947,-191.1,5.235,5.113,88.633,0.897,0.731,-0.041,0.297,0.853,0.188,11.598,9.736,7.28,2.124,3.774,2.579,47.545,4.428,5.742,1.302,1.443,1.586,1.711,1.765,1.843,1.895,1.916,1.929,1.972,2.086,2.363,2.988,3.818,4.308,4.536,4.441,3.933,3.474,3.275,3.191,3.033,2.842,2.817,2.745,2.611,2.434,2.277,2.34,2.825,4.353,7.131,11.853,19.484,29.511,38.135,42.035,45.56,46.537,46.885,47.482,47.855,48.076,48.081,48.617,48.989,48.84,48.971,49.715,48.363,47.167
1.377,743.662,0.823,-189.975,2.547,1655.817,0.953,-444.383,5.142,4.957,93.389,0.89,0.736,-0.073,0.266,0.846,0.182,10.959,9.248,6.889,2.257,4.061,2.813,48.566,4.739,6.156,1.315,1.466,1.621,1.769,1.835,1.915,1.987,2.029,2.046,2.082,2.228,2.542,3.226,4.106,4.618,4.838,4.761,4.241,3.745,3.555,3.457,3.286,3.089,3.054,2.996,2.86,2.65,2.471,2.557,3.103,4.711,7.601,12.702,20.679,30.77,39.444,42.552,46.729,47.735,48.131,48.898,49.121,49.844,49.406,49.681,50.317,49.99,50.05,49.711,49.103,47.223
1.226,646.171,0.823,-185.279,2.58,1489.05,0.948,-498.483,5.049,4.802,93.489,0.888,0.774,-0.086,0.255,0.846,0.17,10.947,9.276,6.67,2.471,4.418,3.136,52.785,5.137,6.882,1.505,1.627,1.848,1.906,1.985,2.092,2.17,2.2,2.236,2.281,2.447,2.779,3.566,4.498,5.034,5.257,5.12,4.583,4.047,3.903,3.756,3.541,3.351,3.327,3.3,3.217,2.941,2.79,2.896,3.481,5.282,8.483,13.889,22.62,33.252,42.234,46.66,50.052,51.399,51.814,52.711,52.995,53.266,53.868,53.707,54.481,54.866,55.201,54.266,53.964,52.522
1.482,836.841,0.821,-217.301,2.278,1416.333,0.947,-343.433,4.957,4.647,92.298,0.879,0.687,-0.125,0.217,0.836,0.163,10.183,8.681,6.469,2.304,3.97,2.855,44.399,4.586,5.944,1.373,1.521,1.699,1.817,1.88,1.959,2.054,2.086,2.124,2.153,2.288,2.573,3.195,4.01,4.467,4.681,4.612,4.148,3.681,3.511,3.429,3.293,3.092,3.09,3.021,2.879,2.706,2.56,2.615,3.112,4.609,7.28,11.942,19.073,28.204,35.909,38.804,42.792,43.605,44.613,44.871,44.927,45.384,45.131,45.731,45.645,45.911,45.687,44.931,44.874,43.077
1.225,837.861,0.817,-189.878,2.002,1457.283,0.938,-372.283,4.962,4.53,83.682,0.874,0.651,-0.148,0.195,0.829,0.161,9.727,8.327,5.994,2.148,3.848,2.782,41.281,4.426,5.902,1.262,1.389,1.531,1.666,1.745,1.836,1.899,1.93,1.964,2.009,2.134,2.415,2.998,3.752,4.256,4.544,4.477,4.066,3.655,3.486,3.402,3.252,3.069,3.044,2.985,2.837,2.621,2.458,2.506,3.022,4.577,7.227,11.535,18.3,26.646,33.586,36.159,39.6,40.32,40.525,41.172,41.778,42.112,42.249,42.045,42.409,42.983,42.009,42.901,41.987,40.959
1.26,722.987,0.813,-158.651,1.913,1264.15,0.939,-350.15,4.964,4.472,84.16,0.872,0.674,-0.154,0.189,0.828,0.159,9.64,8.263,5.986,2.25,4.097,2.974,43.59,4.706,6.24,1.293,1.423,1.572,1.716,1.805,1.893,1.971,2.026,2.052,2.082,2.234,2.555,3.191,4.037,4.556,4.801,4.761,4.325,3.888,3.699,3.612,3.445,3.263,3.247,3.178,3.02,2.803,2.63,2.682,3.256,4.85,7.629,12.281,19.342,28.012,35.227,38.13,41.314,42.291,42.905,43.554,43.695,44.133,44.268,44.684,45.036,44.91,45.169,45.447,44.922,43.39
1.103,849.598,0.813,-211.194,1.857,1548.167,0.936,-381.017,4.898,4.288,83.763,0.867,0.671,-0.175,0.168,0.824,0.15,9.377,8.047,5.756,2.315,4.207,3.109,43.652,4.825,6.462,1.305,1.45,1.6,1.751,1.851,1.946,2.026,2.081,2.112,2.163,2.311,2.626,3.253,4.091,4.644,4.929,4.902,4.451,4.011,3.82,3.757,3.614,3.407,3.378,3.323,3.164,2.951,2.762,2.812,3.371,5.046,7.877,12.544,19.419,28.125,35.107,37.709,40.925,42.247,42.639,43.411,43.638,44.508,44.679,44.602,44.934,45.198,45.267,44.25,46.017,44.761
1.023,718.142,0.749,-158.823,1.22,997.5,0.937,-245.617,4.81,4.044,84.722,0.863,0.688,-0.192,0.151,0.818,0.152,8.994,7.744,5.459,2.473,4.574,3.368,45.71,5.228,7.077,1.374,1.507,1.677,1.839,1.917,2.04,2.131,2.193,2.239,2.278,2.452,2.85,3.6,4.529,5.086,5.333,5.264,4.811,4.344,4.13,4.066,3.894,3.666,3.634,3.584,3.419,3.183,2.99,3.067,3.701,5.523,8.631,13.526,20.895,30.015,37.414,38.836,43.756,44.809,45.286,46.142,46.497,46.06,45.942,46.619,47.391,48.162,47.121,47.226,46.837,44.97
1.072,889.801,0.811,-213.417,1.633,1421.083,0.929,-374.8,4.677,3.677,79.438,0.843,0.601,-0.26,0.081,0.801,0.13,8.047,6.999,4.673,2.274,4.244,3.267,38.394,4.8,6.768,1.281,1.408,1.57,1.684,1.781,1.876,1.957,2.027,2.069,2.121,2.276,2.612,3.257,4.102,4.618,4.909,4.873,4.497,4.107,3.954,3.879,3.738,3.567,3.544,3.502,3.311,3.102,2.895,2.947,3.566,5.35,8.187,12.554,18.953,26.165,32.064,32.979,36.604,37.481,38.022,38.8,38.967,39.249,39.246,39.577,39.654,39.669,39.934,39.719,38.68,37.326
0.963,859.538,0.858,-227.232,1.432,1304.9,0.912,-346.133,4.589,3.433,80.282,0.822,0.619,-0.324,0.011,0.787,0.099,7.381,6.508,4.124,2.69,4.949,4.058,41.472,5.524,8.093,1.542,1.668,1.848,1.984,2.091,2.219,2.318,2.391,2.436,2.533,2.705,3.096,3.82,4.736,5.309,5.622,5.641,5.248,4.845,4.677,4.64,4.504,4.308,4.348,4.292,4.108,3.864,3.621,3.71,4.464,6.481,9.705,14.413,20.93,28.328,34.011,36.794,38.917,39.989,40.136,40.646,41.676,41.652,42.304,42.341,42.826,43.259,43.456,43.366,43.232,41.488
0.784,901.551,0.856,-200.126,1.175,1343.0,0.908,-268.833,4.501,3.189,77.282,0.791,0.533,-0.4,-0.077,0.763,0.071,6.443,5.757,3.386,2.498,4.687,4.069,34.885,5.163,7.955,1.34,1.479,1.63,1.816,1.903,2.028,2.128,2.213,2.27,2.354,2.545,2.897,3.547,4.361,4.916,5.265,5.308,5.001,4.673,4.561,4.548,4.459,4.288,4.326,4.285,4.127,3.893,3.668,3.73,4.454,6.523,9.386,13.6,18.968,24.854,29.416,30.463,32.935,33.564,34.081,34.681,34.938,35.415,35.506,35.676,36.159,35.762,36.113,35.861,36.59,35.525
0.651,884.889,0.845,-246.71,1.039,1396.217,0.902,-315.6,4.327,2.783,73.233,0.756,0.5,-0.471,-0.163,0.738,0.041,5.623,5.121,2.775,2.701,5.08,4.678,33.644,5.497,8.913,1.425,1.559,1.777,1.893,2.032,2.176,2.287,2.377,2.448,2.563,2.761,3.139,3.855,4.67,5.219,5.604,5.668,5.42,5.123,5.074,5.087,4.974,4.863,4.903,4.91,4.716,4.489,4.244,4.331,5.15,7.379,10.447,14.28,19.528,24.542,28.266,30.192,31.216,32.158,32.515,33.116,33.555,33.506,33.701,34.54,34.867,35.9,35.228,35.301,34.901,33.963
0.618,810.858,0.826,-223.921,0.645,861.767,0.868,-228.533,4.153,2.378,65.07,0.725,0.498,-0.523,-0.23,0.723,0.003,5.23,4.83,2.432,3.059,5.662,5.63,35.278,6.052,10.279,1.58,1.743,1.973,2.115,2.273,2.443,2.584,2.695,2.803,2.916,3.151,3.573,4.303,5.178,5.782,6.136,6.237,6.021,5.762,5.761,5.78,5.721,5.641,5.731,5.761,5.668,5.436,5.199,5.319,6.294,8.684,11.874,16.254,21.286,26.207,29.17,30.486,32.582,33.306,33.949,34.627,35.005,35.414,35.568,36.228,36.724,37.439,37.819,38.137,36.653,35.24
0.457,784.996,0.819,-156.714,0.652,1293.05,0.88,-210.333,3.921,1.837,48.958,0.657,0.303,-0.611,-0.349,0.683,-0.047,4.304,4.1,1.873,2.112,3.742,4.114,19.845,3.891,6.908,1.056,1.167,1.342,1.447,1.571,1.693,1.797,1.874,1.968,2.061,2.211,2.434,2.861,3.348,3.683,3.935,4.056,3.987,3.889,3.924,3.991,3.989,3.984,4.062,4.14,4.09,3.996,3.91,4.024,4.574,5.969,7.847,9.947,12.764,15.04,16.664,17.913,17.987,18.618,19.099,19.249,19.409,20.04,20.429,20.093,20.503,21.141,21.426,20.734,21.261,19.767
0.346,812.359,0.801,-146.965,-0.056,100.717,0.804,-50.217,3.748,1.432,47.327,0.548,0.347,-0.708,-0.49,0.617,-0.105,3.228,3.195,1.244,4.053,6.961,8.59,29.426,7.015,13.113,1.837,2.097,2.428,2.707,2.953,3.197,3.437,3.642,3.806,4.0,4.285,4.69,5.367,6.099,6.656,7.065,7.322,7.374,7.383,7.59,7.789,7.911,8.027,8.279,8.425,8.449,8.403,8.338,8.598,9.641,11.815,14.411,17.246,20.13,22.577,24.423,24.775,26.36,27.224,27.638,28.274,28.792,29.345,29.953,30.522,31.106,31.363,31.81,32.227,31.425,30.584
0.215,832.069,0.799,-108.717,0.329,1296.667,0.852,-126.8,3.516,0.892,24.135,0.489,0.186,-0.746,-0.549,0.61,-0.172,3.124,3.214,1.021,1.839,3.45,4.88,14.227,3.376,7.039,0.636,0.737,0.908,1.0,1.161,1.326,1.453,1.575,1.719,1.862,2.025,2.223,2.529,2.864,3.144,3.401,3.584,3.724,3.793,3.914,4.098,4.211,4.332,4.491,4.65,4.728,4.817,4.911,5.092,5.468,6.472,7.606,8.602,9.833,10.815,11.514,15.204,12.293,12.921,13.086,13.563,13.782,13.305,14.135,14.71,14.843,15.061,15.15,15.274,15.126,14.951
0.176,774.482,0.788,-61.232,0.242,1023.483,0.821,-73.35,3.226,0.216,14.618,0.35,0.175,-0.812,-0.656,0.506,-0.189,2.045,2.192,0.619,4.096,6.263,9.178,19.07,5.974,11.776,1.859,2.118,2.395,2.707,2.891,3.184,3.446,3.704,3.959,4.195,4.47,4.753,5.059,5.394,5.683,5.973,6.268,6.557,6.842,7.165,7.429,7.731,8.015,8.336,8.63,8.911,9.089,9.319,9.636,10.328,11.29,12.262,13.252,14.113,14.955,15.563,14.62,16.617,17.396,17.622,18.106,18.438,19.093,19.562,19.828,20.417,20.339,20.58,21.054,21.402,20.979
0.22,335.348,0.248,-77.175,0.526,1424.283,0.317,-243.8,0.388,0.387,29.03,0.443,0.303,-0.771,-0.589,0.483,-0.051,1.867,1.761,0.829,7.468,11.111,12.31,31.861,11.539,17.423,4.773,5.045,5.405,5.733,6.032,6.343,6.619,6.91,7.128,7.421,7.764,8.294,9.264,10.446,11.179,11.652,11.787,11.578,11.268,11.351,11.477,11.525,11.576,11.768,11.969,12.068,12.112,12.257,12.575,13.424,15.709,19.137,22.754,25.949,27.875,29.11,29.502,30.421,30.582,30.885,31.378,31.506,31.753,32.199,32.397,32.768,32.892,33.013,33.137,33.51,31.972
0.551,820.465,0.488,-153.308,0.708,1052.083,0.498,-233.417,0.933,0.931,45.713,0.548,0.38,-0.708,-0.49,0.564,-0.024,2.591,2.392,1.244,6.183,9.429,9.896,33.855,9.98,15.087,4.034,4.285,4.557,4.792,5.032,5.256,5.478,5.701,5.871,6.082,6.385,6.847,7.844,9.019,9.684,10.093,10.164,9.832,9.398,9.378,9.447,9.408,9.386,9.558,9.655,9.711,9.686,9.76,10.069,10.834,13.215,16.958,21.398,25.841,29.011,30.707,32.889,32.067,32.656,32.863,33.145,33.198,33.232,33.524,34.266,34.886,34.958,34.975,35.372,34.669,35.131
0.75,990.907,0.523,-214.74,1.002,1378.3,0.548,-268.65,1.259,1.257,55.182,0.642,0.464,-0.627,-0.371,0.628,0.023,3.375,3.024,1.685,5.249,8.502,8.114,37.192,9.241,13.853,3.434,3.637,3.861,4.095,4.233,4.44,4.625,4.783,4.945,5.083,5.335,5.863,6.917,8.22,8.931,9.382,9.411,8.871,8.353,8.202,8.229,8.09,7.932,8.019,8.06,7.967,7.896,7.867,8.104,8.883,11.562,16.143,22.013,27.315,31.723,34.106,34.68,35.956,36.467,36.496,36.551,37.034,37.398,37.641,37.579,37.711,37.789,38.367,39.12,38.572,36.514
0.682,1066.0,0.621,-180.472,0.815,1710.933,0.573,-291.167,1.586,1.583,56.503,0.667,0.469,-0.6,-0.333,0.655,0.02,3.802,3.431,1.915,4.627,7.478,7.184,35.907,8.103,12.318,2.973,3.179,3.407,3.591,3.724,3.895,4.076,4.211,4.35,4.489,4.731,5.164,6.103,7.229,7.86,8.212,8.238,7.815,7.378,7.243,7.22,7.163,7.026,7.122,7.119,7.073,6.974,6.969,7.171,7.859,10.298,14.337,19.749,25.035,29.639,32.201,33.415,34.309,34.88,35.075,35.267,35.545,36.014,36.017,36.78,36.82,36.75,37.117,37.043,37.476,36.094
0.702,567.68,0.644,-141.032,0.779,518.95,0.76,-135.633,1.944,1.937,74.897,0.815,0.666,-0.343,-0.011,0.76,0.142,6.347,5.318,3.228,3.613,6.402,4.808,47.04,7.445,11.126,2.411,2.561,2.731,2.912,2.983,3.103,3.199,3.27,3.32,3.386,3.565,3.99,5.074,6.503,7.266,7.64,7.429,6.66,5.915,5.629,5.507,5.275,4.995,4.98,4.898,4.712,4.569,4.487,4.66,5.348,8.343,13.91,21.927,31.129,38.656,43.249,46.337,45.749,46.188,46.476,46.812,46.595,46.671,47.336,47.567,47.682,47.952,47.996,48.294,47.947,45.999
0.764,1077.815,0.704,-187.187,1.033,880.85,0.793,-172.667,2.275,2.265,70.097,0.776,0.623,-0.432,-0.116,0.721,0.126,5.157,4.409,2.626,4.178,7.362,5.72,45.327,8.38,12.502,2.538,2.745,3.013,3.222,3.361,3.538,3.673,3.74,3.826,3.953,4.163,4.691,5.84,7.305,8.113,8.551,8.477,7.748,6.99,6.684,6.554,6.322,6.035,6.021,5.876,5.64,5.436,5.281,5.471,6.318,9.635,15.369,22.621,30.463,37.226,41.528,43.261,44.288,44.74,44.76,45.007,45.381,45.531,45.538,45.931,46.245,46.108,46.129,46.391,45.854,44.739
0.755,775.705,0.704,-174.247,1.213,1663.317,0.76,-366.767,2.524,2.51,82.19,0.853,0.675,-0.226,0.117,0.8,0.168,7.996,6.656,4.062,2.697,5.0,3.559,44.981,5.875,8.885,1.688,1.831,1.987,2.121,2.19,2.295,2.37,2.403,2.451,2.495,2.647,3.008,3.905,5.092,5.725,6.002,5.898,5.22,4.598,4.351,4.21,4.007,3.792,3.771,3.655,3.508,3.345,3.257,3.406,3.972,6.458,11.312,18.808,27.578,35.508,40.747,42.216,44.006,44.527,44.814,45.16,45.191,45.556,45.461,45.389,46.002,45.787,45.628,45.807,45.531,43.636
0.763,661.647,0.751,-161.383,1.514,1588.3,0.887,-448.617,2.831,2.816,90.707,0.908,0.833,0.017,0.348,0.84,0.285,10.499,8.269,5.193,2.493,4.994,2.776,57.431,6.196,9.273,1.761,1.856,1.997,2.033,2.072,2.146,2.183,2.184,2.202,2.236,2.361,2.746,3.883,5.388,6.109,6.392,6.086,5.166,4.271,3.943,3.711,3.395,3.096,3.041,2.907,2.743,2.503,2.443,2.611,3.185,6.136,12.41,22.176,34.203,44.538,51.397,55.545,56.201,56.903,57.057,57.607,57.72,57.859,58.356,57.858,58.265,58.804,58.904,57.525,57.643,55.216
0.895,906.653,0.787,-174.779,1.522,1451.05,0.918,-309.417,3.138,3.122,92.87,0.922,0.891,0.103,0.422,0.861,0.297,12.339,9.668,5.962,2.273,4.702,2.549,62.723,5.88,9.01,1.546,1.656,1.795,1.864,1.888,1.942,1.986,2.013,2.026,2.044,2.176,2.503,3.498,4.972,5.773,6.051,5.816,4.918,4.055,3.725,3.512,3.227,2.893,2.837,2.681,2.544,2.256,2.187,2.393,2.945,5.835,12.185,21.964,35.132,48.014,56.584,59.323,62.622,63.268,64.068,64.153,63.617,63.109,62.997,64.03,63.766,64.196,63.172,62.576,62.182,57.764
0.927,826.71,0.816,-179.797,1.188,1447.2,0.94,-327.467,3.956,3.937,91.838,0.93,0.801,0.16,0.468,0.871,0.313,13.445,10.599,6.189,1.753,3.601,1.884,52.01,4.484,7.235,1.247,1.315,1.41,1.477,1.506,1.539,1.57,1.563,1.57,1.581,1.661,1.908,2.637,3.71,4.322,4.639,4.491,3.809,3.183,2.878,2.736,2.498,2.243,2.18,2.049,1.847,1.682,1.587,1.678,2.168,4.656,9.813,17.802,28.301,38.51,45.784,49.859,50.899,51.309,51.38,51.825,52.435,52.427,52.622,52.753,52.49,53.402,52.049,53.574,51.939,51.192
1.042,798.72,0.831,-186.082,1.487,1219.017,0.96,-291.533,4.143,4.109,96.45,0.925,0.852,0.121,0.437,0.866,0.295,12.886,10.231,6.312,2.184,4.171,2.27,57.916,5.157,7.921,1.561,1.647,1.767,1.821,1.869,1.934,1.947,1.974,1.965,1.98,2.092,2.367,3.217,4.437,5.063,5.314,5.094,4.332,3.617,3.308,3.158,2.892,2.611,2.536,2.416,2.249,2.064,1.957,2.098,2.571,5.047,10.795,19.722,31.501,42.933,50.523,54.451,56.322,57.046,57.323,57.59,58.2,58.291,59.34,59.088,58.737,58.509,58.723,59.505,59.715,55.896
0.922,881.689,0.827,-209.567,1.558,1606.15,0.963,-375.333,4.218,4.178,89.137,0.936,0.836,0.206,0.505,0.885,0.299,15.382,12.191,7.231,1.681,3.37,1.818,55.199,4.185,6.706,1.185,1.248,1.311,1.395,1.431,1.473,1.497,1.52,1.513,1.529,1.61,1.83,2.476,3.454,4.041,4.33,4.183,3.564,2.987,2.701,2.589,2.373,2.138,2.077,1.975,1.808,1.649,1.548,1.623,2.044,4.205,9.208,17.264,28.021,39.217,47.043,50.992,52.83,54.04,54.321,54.894,55.361,55.786,56.374,55.91,56.114,56.274,56.44,55.79,56.95,55.914
1.019,786.464,0.825,-202.875,1.218,968.033,0.802,-255.033,4.367,4.316,87.466,0.935,0.828,0.194,0.495,0.884,0.291,15.258,12.16,7.388,1.743,3.351,1.839,54.478,4.14,6.495,1.256,1.275,1.368,1.444,1.482,1.527,1.565,1.579,1.586,1.591,1.666,1.893,2.54,3.504,4.036,4.277,4.106,3.509,2.937,2.682,2.568,2.347,2.13,2.068,1.983,1.838,1.673,1.585,1.669,2.059,4.037,8.952,16.991,27.885,38.999,46.964,49.977,53.032,53.845,54.349,55.119,55.283,55.032,54.787,55.317,55.792,56.451,55.015,55.119,54.59,53.456
1.08,975.321,0.892,-233.712,1.728,1469.617,0.97,-403.433,4.305,4.229,84.827,0.931,0.798,0.168,0.475,0.882,0.274,14.996,12.05,6.943,1.661,3.229,1.84,51.652,3.958,6.502,1.203,1.248,1.328,1.394,1.422,1.463,1.493,1.512,1.508,1.512,1.589,1.805,2.408,3.317,3.837,4.098,3.939,3.406,2.876,2.649,2.532,2.344,2.114,2.074,1.994,1.845,1.679,1.57,1.647,2.071,4.114,8.89,16.666,26.883,37.144,44.925,46.286,50.144,51.071,51.952,52.418,52.727,52.807,52.674,52.969,52.996,52.8,53.339,52.756,51.339,48.503
1.106,885.301,0.893,-256.557,1.755,1357.067,0.968,-417.183,4.169,4.072,87.411,0.921,0.839,0.1,0.419,0.868,0.267,13.121,10.65,6.128,2.068,4.027,2.327,56.866,4.881,7.978,1.508,1.55,1.633,1.706,1.743,1.803,1.846,1.868,1.871,1.893,1.977,2.258,3.025,4.132,4.739,5.036,4.869,4.257,3.636,3.337,3.215,2.972,2.698,2.643,2.526,2.342,2.121,1.969,2.072,2.618,5.17,10.787,19.431,30.757,41.731,49.159,52.551,55.17,55.935,56.268,56.648,57.554,57.528,58.213,58.14,58.301,58.752,58.378,57.53,57.4,54.626
0.914,912.599,0.89,-217.748,1.325,1376.933,0.968,-319.6,4.032,3.916,83.06,0.924,0.785,0.115,0.431,0.865,0.292,12.792,10.343,5.718,1.742,3.696,2.025,50.97,4.494,7.587,1.255,1.256,1.334,1.403,1.444,1.496,1.53,1.549,1.554,1.574,1.664,1.923,2.65,3.683,4.303,4.652,4.526,3.981,3.379,3.098,2.988,2.738,2.462,2.39,2.279,2.055,1.837,1.667,1.714,2.232,4.922,10.252,17.86,27.993,37.539,44.414,50.294,49.192,49.733,50.55,51.117,51.252,50.892,51.726,51.941,51.836,51.78,51.495,51.707,51.773,49.263
0.776,848.504,0.821,-276.796,1.19,1456.2,0.955,-377.367,3.93,3.798,85.734,0.904,0.741,-0.006,0.328,0.837,0.274,10.264,8.399,4.568,2.049,4.261,2.429,48.0,5.107,8.621,1.443,1.458,1.59,1.611,1.674,1.746,1.782,1.804,1.813,1.859,1.982,2.289,3.12,4.228,4.887,5.286,5.148,4.583,3.931,3.646,3.523,3.24,2.943,2.861,2.73,2.471,2.188,1.983,2.054,2.718,5.748,11.494,18.943,28.59,36.905,42.362,47.127,45.792,46.957,47.314,47.757,48.468,47.63,48.085,48.779,48.864,50.397,49.646,48.755,47.628,46.799
0.713,805.493,0.813,-269.869,0.875,882.333,0.947,-278.65,3.827,3.681,95.483,0.884,0.77,-0.105,0.236,0.806,0.269,8.317,6.893,3.556,2.609,5.656,3.255,52.693,6.676,11.567,1.699,1.766,1.922,1.967,2.033,2.13,2.192,2.231,2.26,2.31,2.533,3.017,4.196,5.618,6.435,6.853,6.74,6.066,5.287,4.96,4.747,4.397,4.003,3.896,3.657,3.307,2.896,2.594,2.687,3.749,8.091,15.042,23.992,33.235,41.269,46.126,47.407,50.203,51.11,51.839,52.436,52.804,53.195,53.219,53.815,54.418,55.229,55.016,55.364,53.251,51.097
0.592,818.771,0.865,-215.096,0.795,1355.633,0.927,-312.717,3.509,3.31,89.445,0.848,0.691,-0.245,0.096,0.76,0.247,6.324,5.345,2.474,2.648,6.434,3.883,47.119,7.426,13.564,1.517,1.607,1.762,1.839,1.921,2.035,2.133,2.186,2.229,2.318,2.584,3.184,4.518,6.09,7.015,7.608,7.657,7.053,6.291,5.906,5.767,5.374,4.947,4.81,4.553,3.923,3.443,2.977,3.013,4.464,9.928,17.201,24.237,32.135,37.761,41.623,44.446,44.262,45.488,46.238,46.525,46.734,47.905,48.097,47.594,48.116,49.63,49.477,47.932,49.275,45.066
0.444,858.537,0.838,-233.131,0.096,95.717,0.888,-55.817,2.861,2.548,87.493,0.692,0.495,-0.569,-0.29,0.629,0.112,3.393,3.105,1.258,3.573,8.454,6.752,37.138,9.047,16.448,1.722,1.893,2.116,2.26,2.395,2.591,2.747,2.868,2.951,3.125,3.614,4.565,6.124,7.622,8.535,9.203,9.403,9.212,8.766,8.614,8.61,8.346,7.981,7.996,7.642,6.797,6.199,5.372,5.395,7.864,13.621,19.276,24.012,28.064,30.675,32.489,33.472,34.295,35.284,35.486,36.107,36.614,37.253,37.566,38.306,38.801,39.051,39.226,39.692,38.558,37.367
0.282,852.988,0.77,-126.044,0.389,1294.467,0.782,-176.433,1.997,1.532,64.494,0.629,0.408,-0.64,-0.39,0.613,0.026,3.166,3.008,0.999,3.095,7.539,7.15,31.404,7.835,15.709,1.599,1.728,1.895,1.993,2.089,2.231,2.356,2.478,2.583,2.732,3.121,4.005,5.253,6.506,7.33,7.957,8.218,8.17,7.995,8.125,8.295,8.24,8.041,8.134,7.882,7.169,6.623,5.882,5.916,8.446,13.745,17.672,21.117,23.537,25.324,26.462,27.307,28.016,28.904,29.37,30.229,30.969,30.938,31.61,32.558,32.869,33.113,33.539,34.092,33.76,33.787
0.243,391.344,0.384,-85.753,0.567,1503.35,0.427,-260.3,0.664,0.663,29.257,0.479,0.301,-0.751,-0.558,0.506,-0.035,2.046,1.922,0.932,6.139,9.277,9.954,28.254,9.67,14.623,4.174,4.366,4.604,4.855,5.077,5.295,5.488,5.639,5.83,6.045,6.302,6.804,7.707,8.748,9.354,9.756,9.9,9.686,9.399,9.441,9.504,9.504,9.445,9.612,9.715,9.742,9.763,9.818,10.104,10.925,13.184,16.062,19.369,22.219,24.112,25.244,26.14,26.468,26.772,27.092,27.646,27.741,27.957,28.479,28.858,29.238,29.406,29.511,29.691,30.016,28.799
0.521,838.374,0.57,-178.055,0.713,1101.083,0.562,-254.867,1.157,1.155,42.315,0.579,0.384,-0.684,-0.455,0.583,-0.006,2.793,2.584,1.355,5.387,8.415,8.513,31.923,8.906,13.553,3.603,3.781,4.007,4.195,4.39,4.606,4.777,4.93,5.067,5.241,5.512,6.004,6.963,8.011,8.613,9.005,9.1,8.843,8.442,8.368,8.393,8.293,8.221,8.351,8.392,8.384,8.283,8.312,8.543,9.323,11.826,15.281,19.863,24.094,27.274,28.823,29.89,30.266,30.844,31.089,31.358,31.381,31.566,31.637,32.513,32.887,33.074,33.251,33.713,32.967,32.414
0.587,1009.811,0.578,-232.639,1.042,1380.0,0.618,-315.617,1.453,1.45,55.245,0.669,0.462,-0.598,-0.33,0.633,0.063,3.443,3.0,1.681,4.581,7.866,6.937,34.948,8.737,13.037,3.054,3.208,3.396,3.591,3.693,3.874,4.013,4.138,4.245,4.361,4.608,5.13,6.28,7.663,8.432,8.911,8.868,8.249,7.63,7.407,7.356,7.154,6.951,6.983,6.958,6.824,6.69,6.623,6.843,7.634,10.663,15.412,21.062,26.012,29.925,32.087,32.592,33.775,34.216,34.336,34.515,34.771,35.184,35.6,35.153,35.622,35.702,35.945,36.619,35.912,34.272
0.687,1071.326,0.66,-198.189,0.952,1670.783,0.603,-330.333,1.82,1.811,55.919,0.691,0.46,-0.57,-0.292,0.663,0.052,3.931,3.49,1.945,3.965,6.754,6.082,33.304,7.418,11.31,2.567,2.716,2.903,3.077,3.181,3.329,3.473,3.567,3.677,3.799,4.013,4.459,5.401,6.508,7.175,7.543,7.535,7.103,6.643,6.46,6.422,6.304,6.115,6.145,6.11,5.994,5.876,5.811,5.972,6.665,9.304,13.317,18.233,23.278,27.712,30.097,31.217,31.919,32.399,32.633,32.625,33.147,33.615,33.475,34.055,34.056,34.127,34.403,34.062,34.521,33.31
0.653,574.355,0.659,-163.332,0.852,549.467,0.782,-154.95,2.31,2.292,72.608,0.839,0.638,-0.272,0.068,0.756,0.229,6.19,4.985,3.083,2.906,5.876,3.689,42.249,7.059,10.347,1.885,1.979,2.15,2.272,2.336,2.433,2.514,2.555,2.584,2.623,2.792,3.269,4.478,6.015,6.861,7.269,7.048,6.171,5.316,4.931,4.796,4.466,4.136,4.056,3.917,3.634,3.42,3.272,3.404,4.124,7.437,13.257,20.488,28.748,35.122,38.953,42.936,41.067,41.388,41.763,42.104,41.922,41.756,42.693,42.626,42.889,42.849,43.134,43.274,42.636,40.697
0.789,1041.794,0.714,-219.179,1.01,870.483,0.8,-188.85,2.799,2.773,75.774,0.832,0.637,-0.294,0.043,0.749,0.22,5.97,4.863,2.915,3.024,6.111,3.906,42.597,7.265,10.881,1.829,1.963,2.154,2.301,2.392,2.52,2.61,2.636,2.692,2.76,2.949,3.436,4.593,6.122,7.007,7.473,7.315,6.487,5.628,5.264,5.114,4.819,4.457,4.396,4.195,3.866,3.607,3.383,3.523,4.368,7.862,13.9,21.068,28.882,35.443,39.499,40.878,41.969,42.205,42.187,42.658,42.784,42.9,42.525,43.209,43.131,42.901,43.127,43.656,42.821,42.009
0.712,775.11,0.704,-199.828,1.381,1698.65,0.803,-474.0,3.166,3.135,84.663,0.898,0.779,-0.036,0.301,0.817,0.304,8.943,6.992,4.329,2.391,5.267,2.813,52.367,6.552,9.826,1.496,1.617,1.782,1.87,1.926,2.006,2.05,2.067,2.079,2.1,2.264,2.682,3.877,5.528,6.404,6.732,6.52,5.534,4.604,4.209,3.995,3.661,3.29,3.209,3.034,2.792,2.514,2.387,2.539,3.217,6.544,13.109,22.446,32.984,42.087,47.82,50.279,51.544,52.034,52.162,52.575,52.726,52.798,52.453,52.984,53.7,53.02,53.122,53.593,52.928,49.595
0.852,690.61,0.761,-160.855,1.51,1563.1,0.867,-379.95,3.532,3.5,93.072,0.901,0.868,-0.019,0.317,0.813,0.33,8.71,6.753,4.357,3.013,6.411,3.231,62.252,8.029,11.622,2.17,2.257,2.47,2.456,2.496,2.57,2.61,2.59,2.603,2.629,2.821,3.346,4.932,6.951,7.946,8.258,7.883,6.639,5.44,5.005,4.646,4.201,3.759,3.643,3.466,3.273,2.829,2.751,2.96,3.696,7.733,15.51,26.441,39.375,49.972,56.179,60.486,60.688,61.55,61.602,62.263,62.312,62.167,63.263,62.417,63.143,63.721,63.58,62.182,62.917,61.49
0.996,906.146,0.774,-214.223,1.507,1427.1,0.892,-352.617,3.899,3.864,95.544,0.921,0.804,0.099,0.419,0.856,0.309,11.885,9.275,5.665,1.937,4.121,2.176,53.1,5.168,7.966,1.247,1.332,1.438,1.538,1.564,1.629,1.673,1.697,1.71,1.737,1.846,2.167,3.04,4.305,5.009,5.345,5.15,4.326,3.577,3.233,3.106,2.854,2.574,2.513,2.363,2.144,1.949,1.844,1.96,2.461,5.037,10.896,19.809,30.955,41.277,48.019,51.334,52.867,53.189,53.971,53.689,53.727,53.655,53.717,54.241,53.538,53.846,53.295,52.888,52.859,49.687
0.963,845.646,0.796,-183.931,1.364,1582.45,0.892,-374.983,4.342,4.305,92.68,0.925,0.749,0.126,0.441,0.867,0.293,13.093,10.542,6.491,1.676,3.357,1.837,47.31,4.099,6.316,1.039,1.097,1.243,1.313,1.364,1.432,1.477,1.473,1.489,1.514,1.604,1.867,2.553,3.484,3.977,4.234,4.085,3.535,2.996,2.736,2.614,2.404,2.195,2.137,2.005,1.812,1.665,1.552,1.611,2.079,4.246,8.386,15.043,24.21,33.894,40.933,47.228,45.889,46.472,46.708,47.164,47.659,47.107,47.78,47.839,47.626,49.045,47.563,48.577,46.979,46.015
0.991,742.472,0.812,-176.175,1.71,1253.833,0.935,-289.45,4.118,4.082,95.082,0.934,0.816,0.186,0.489,0.88,0.299,14.709,11.756,7.33,1.684,3.395,1.831,53.326,4.181,6.402,1.022,1.092,1.213,1.308,1.373,1.432,1.477,1.481,1.493,1.51,1.612,1.878,2.589,3.577,4.091,4.306,4.144,3.538,2.981,2.729,2.596,2.381,2.155,2.099,1.991,1.821,1.657,1.549,1.636,2.068,4.131,8.673,16.142,26.768,38.019,45.978,49.899,51.577,52.447,52.964,53.604,53.809,53.718,53.898,54.737,54.729,54.313,54.567,54.677,53.629,51.324
0.918,926.996,0.804,-209.309,1.487,1583.817,0.912,-369.133,3.998,3.96,89.789,0.921,0.732,0.099,0.418,0.867,0.269,13.048,10.673,6.833,1.712,3.272,1.886,45.969,3.938,5.868,0.977,1.078,1.2,1.324,1.381,1.457,1.511,1.524,1.534,1.558,1.662,1.912,2.538,3.367,3.827,4.047,3.94,3.437,2.953,2.731,2.61,2.442,2.234,2.168,2.065,1.902,1.737,1.607,1.652,2.07,3.95,7.786,14.122,22.846,32.248,38.704,41.562,43.675,44.731,45.114,45.854,45.918,46.512,47.267,46.551,46.799,46.948,47.396,46.8,47.746,46.657
0.97,758.462,0.759,-168.455,1.286,1029.817,0.953,-255.483,3.963,3.917,94.048,0.939,0.776,0.226,0.52,0.889,0.3,16.057,12.854,7.813,1.441,2.866,1.543,48.893,3.529,5.548,0.884,0.937,1.035,1.1,1.162,1.227,1.263,1.273,1.288,1.302,1.386,1.6,2.193,3.008,3.441,3.639,3.507,2.999,2.511,2.302,2.197,2.013,1.83,1.773,1.688,1.559,1.407,1.308,1.36,1.706,3.469,7.627,14.344,24.31,34.493,41.688,45.405,47.021,47.902,48.432,49.004,49.705,49.166,49.016,49.656,49.5,50.356,49.449,49.573,49.176,50.039
1.047,983.898,0.885,-250.137,1.588,1442.183,0.95,-396.65,3.912,3.853,92.99,0.932,0.739,0.171,0.477,0.878,0.294,14.417,11.525,6.79,1.474,2.98,1.625,45.94,3.668,5.898,0.963,0.997,1.095,1.165,1.213,1.259,1.29,1.319,1.313,1.329,1.411,1.634,2.234,3.097,3.57,3.787,3.647,3.136,2.638,2.407,2.301,2.115,1.904,1.866,1.773,1.628,1.477,1.373,1.432,1.824,3.755,8.04,14.983,24.278,33.508,40.222,41.95,44.619,45.583,46.09,46.532,46.86,46.79,46.789,47.015,46.8,47.043,47.17,46.55,45.594,43.706
1.018,904.503,0.883,-262.218,1.434,1318.667,0.95,-387.983,3.877,3.81,93.816,0.91,0.724,0.029,0.359,0.851,0.26,11.442,9.406,5.754,1.93,3.692,2.168,45.931,4.414,6.801,1.146,1.208,1.355,1.456,1.54,1.631,1.688,1.71,1.719,1.756,1.873,2.17,2.892,3.828,4.295,4.544,4.402,3.873,3.339,3.08,2.971,2.77,2.534,2.488,2.352,2.191,1.983,1.835,1.91,2.418,4.591,9.01,15.504,24.586,33.528,39.466,43.172,44.43,45.162,45.34,45.859,46.812,46.151,46.823,46.77,47.163,47.22,47.189,46.639,46.489,43.742
0.805,929.596,0.886,-200.755,1.249,1447.817,0.952,-339.417,3.843,3.767,95.305,0.929,0.737,0.151,0.461,0.866,0.321,12.937,10.298,6.008,1.525,3.294,1.693,45.904,4.063,6.55,1.01,1.029,1.099,1.175,1.23,1.282,1.317,1.328,1.336,1.354,1.461,1.706,2.42,3.387,3.929,4.214,4.046,3.512,2.924,2.661,2.549,2.32,2.074,2.018,1.895,1.702,1.522,1.395,1.446,1.87,4.208,8.892,15.777,25.46,34.357,40.813,46.321,44.657,45.437,45.688,46.322,46.365,45.946,46.557,46.703,46.605,46.595,46.207,45.971,45.78,43.412
0.658,858.299,0.808,-220.188,0.924,1455.383,0.928,-338.117,3.563,3.431,92.846,0.892,0.684,-0.066,0.273,0.814,0.284,8.768,7.176,4.22,2.149,4.43,2.469,43.277,5.293,8.29,1.232,1.285,1.47,1.56,1.65,1.759,1.83,1.852,1.872,1.936,2.086,2.467,3.394,4.526,5.12,5.454,5.305,4.697,4.04,3.75,3.589,3.309,3.021,2.934,2.771,2.486,2.232,2.019,2.088,2.755,5.666,10.915,17.6,26.377,33.745,38.68,42.743,41.638,42.566,42.702,43.201,43.562,42.943,43.054,43.873,43.922,45.145,44.231,43.821,43.24,42.513
0.585,838.139,0.86,-222.24,0.705,887.85,0.923,-222.817,2.776,2.49,94.207,0.835,0.665,-0.285,0.053,0.737,0.254,5.614,4.728,2.606,3.081,6.858,4.08,45.358,7.919,12.579,1.532,1.65,1.89,2.024,2.202,2.37,2.478,2.535,2.611,2.707,3.029,3.74,5.181,6.775,7.612,8.097,8.048,7.343,6.547,6.161,5.958,5.57,5.142,5.016,4.7,4.134,3.658,3.183,3.229,4.642,9.29,15.867,23.482,31.546,37.594,40.684,42.847,43.498,44.139,44.661,45.126,45.834,45.624,45.486,45.962,46.601,47.196,46.744,47.34,45.551,43.755
0.296,862.227,0.761,-133.402,0.105,100.05,0.502,-43.767,0.939,0.294,41.441,0.427,0.308,-0.778,-0.601,0.513,-0.11,2.106,2.181,0.572,4.987,11.114,13.857,34.52,10.851,21.966,2.117,2.334,2.663,2.921,3.219,3.519,3.825,4.117,4.317,4.639,5.295,6.337,7.843,9.15,10.115,10.948,11.489,12.04,12.348,12.793,13.3,13.48,13.683,14.042,14.179,13.702,13.419,12.721,12.959,15.973,20.397,23.534,25.265,27.072,28.146,29.166,30.307,30.794,31.833,32.244,33.049,33.861,34.181,35.096,35.512,36.326,36.733,37.156,37.883,36.75,36.082
0.587,938.776,0.276,-109.288,0.89,1701.75,0.234,-178.667,0.914,0.914,22.218,0.411,0.261,-0.786,-0.613,0.479,-0.084,1.836,1.788,0.807,6.808,9.839,11.645,27.899,10.006,15.44,4.388,4.719,4.954,5.317,5.535,5.782,6.039,6.316,6.557,6.797,7.119,7.571,8.281,9.118,9.677,10.074,10.266,10.22,10.178,10.265,10.473,10.599,10.744,10.972,11.178,11.357,11.532,11.71,12.06,12.704,14.326,16.554,18.911,21.794,24.195,25.464,25.523,26.398,26.651,27.065,27.324,27.755,27.883,28.172,28.373,28.679,29.067,29.16,29.121,29.147,28.164
0.785,921.176,0.366,-132.894,1.166,1651.683,0.321,-226.467,1.764,1.755,35.767,0.587,0.395,-0.678,-0.445,0.622,-0.056,3.296,3.112,1.691,5.054,7.613,8.513,32.705,7.953,12.154,3.192,3.511,3.664,3.975,4.078,4.277,4.467,4.668,4.81,4.99,5.248,5.622,6.353,7.16,7.716,8.041,8.101,7.92,7.677,7.696,7.848,7.888,7.906,8.087,8.25,8.252,8.396,8.51,8.737,9.358,10.875,13.433,17.401,21.923,26.61,29.566,29.944,31.616,31.885,32.063,32.421,32.625,32.823,33.201,32.73,33.559,33.926,33.646,33.453,34.047,32.636
1.242,1012.819,0.673,-259.556,2.047,1699.683,0.657,-443.9,3.227,3.206,57.437,0.816,0.54,-0.34,-0.007,0.784,0.087,7.275,6.319,4.222,2.412,4.144,3.481,34.295,4.686,6.568,1.437,1.672,1.736,1.884,1.93,2.006,2.098,2.179,2.212,2.278,2.422,2.742,3.361,4.133,4.566,4.775,4.716,4.294,3.931,3.778,3.746,3.656,3.498,3.528,3.509,3.415,3.352,3.283,3.417,3.866,5.302,7.833,12.227,18.214,25.294,30.27,31.151,33.911,34.233,34.517,34.71,34.723,35.12,35.002,35.051,35.302,34.876,34.582,34.467,34.464,32.32
1.444,767.094,0.851,-212.219,2.319,1290.117,0.85,-373.667,4.454,4.426,75.686,0.895,0.681,-0.049,0.289,0.836,0.235,10.214,8.334,6.261,1.946,3.819,2.364,42.828,4.588,5.898,1.061,1.271,1.372,1.509,1.534,1.61,1.673,1.716,1.711,1.753,1.884,2.23,2.99,3.949,4.468,4.711,4.587,3.973,3.428,3.183,3.083,2.886,2.656,2.613,2.526,2.345,2.19,2.061,2.144,2.665,4.352,7.444,13.006,21.053,30.6,37.89,39.982,42.918,43.349,43.582,43.801,43.987,43.7,43.553,43.523,43.204,43.356,42.907,42.699,41.998,39.856
1.588,874.063,0.9,-271.481,2.466,1410.867,0.895,-463.417,4.899,4.849,81.262,0.921,0.698,0.095,0.415,0.869,0.26,13.21,10.737,8.366,1.575,3.014,1.77,42.83,3.649,4.573,0.882,1.08,1.133,1.268,1.267,1.316,1.368,1.412,1.391,1.409,1.513,1.795,2.394,3.16,3.575,3.751,3.621,3.129,2.664,2.452,2.381,2.222,2.022,1.978,1.91,1.76,1.638,1.522,1.598,1.984,3.3,5.846,10.756,17.917,28.0,36.451,39.662,43.095,43.6,43.543,44.742,44.492,44.122,43.637,43.421,43.55,43.703,42.041,42.107,42.17,38.56
1.681,906.093,0.931,-249.787,2.573,1369.65,0.929,-404.983,5.043,4.981,80.848,0.914,0.716,0.055,0.381,0.864,0.239,12.703,10.412,7.957,1.737,3.277,2.013,44.908,3.935,5.014,0.985,1.211,1.263,1.406,1.41,1.457,1.511,1.563,1.543,1.565,1.675,1.974,2.608,3.415,3.85,4.044,3.911,3.405,2.918,2.71,2.635,2.457,2.266,2.231,2.151,1.992,1.867,1.751,1.835,2.262,3.681,6.347,11.445,18.948,28.991,37.695,40.92,44.397,45.144,45.818,45.757,46.139,45.9,45.727,45.891,45.595,45.465,44.96,44.607,44.562,42.737
1.544,872.58,0.948,-298.3,2.682,1543.867,0.948,-501.583,5.248,5.163,78.01,0.912,0.662,0.043,0.371,0.861,0.238,12.419,10.277,7.795,1.603,2.99,1.841,40.123,3.558,4.562,0.867,1.083,1.135,1.254,1.278,1.331,1.393,1.438,1.419,1.441,1.554,1.84,2.409,3.127,3.487,3.657,3.53,3.104,2.682,2.494,2.42,2.285,2.092,2.054,1.985,1.829,1.7,1.588,1.652,2.082,3.381,5.743,10.157,16.73,25.466,33.05,37.246,39.596,40.057,40.585,40.701,41.357,40.767,41.214,40.875,40.666,40.698,40.395,39.816,40.309,37.562
1.479,843.927,0.943,-283.533,2.602,1478.5,0.953,-507.067,5.14,5.015,82.762,0.897,0.667,-0.041,0.296,0.85,0.198,11.341,9.542,7.097,1.856,3.354,2.247,41.39,3.926,5.112,0.971,1.192,1.267,1.423,1.459,1.544,1.608,1.667,1.666,1.701,1.826,2.123,2.714,3.444,3.835,4.028,3.916,3.481,3.068,2.877,2.821,2.672,2.486,2.455,2.387,2.227,2.101,1.974,2.064,2.519,3.887,6.337,10.935,17.66,26.731,34.58,38.134,40.853,41.612,42.032,42.377,42.743,42.246,42.296,42.457,42.292,41.949,41.704,41.099,40.937,38.124
1.096,506.807,0.951,-135.86,1.527,677.383,0.95,-182.133,5.053,4.896,85.523,0.898,0.673,-0.037,0.3,0.854,0.186,11.735,9.87,7.204,1.814,3.295,2.261,41.954,3.86,5.114,0.994,1.233,1.263,1.413,1.453,1.504,1.575,1.65,1.617,1.654,1.784,2.076,2.653,3.378,3.77,3.947,3.861,3.415,3.008,2.841,2.777,2.641,2.471,2.437,2.381,2.234,2.134,2.01,2.096,2.534,3.912,6.315,10.974,17.711,27.029,35.1,37.919,41.466,42.417,42.308,43.054,43.162,43.312,42.773,42.885,42.941,43.134,42.219,41.431,41.549,38.74
1.139,481.18,0.948,-163.62,2.004,880.45,0.948,-266.783,4.996,4.788,84.138,0.89,0.672,-0.076,0.264,0.846,0.178,11.002,9.338,6.871,1.988,3.521,2.459,42.257,4.088,5.369,1.062,1.289,1.363,1.526,1.567,1.652,1.729,1.792,1.79,1.838,1.961,2.269,2.876,3.589,3.998,4.179,4.086,3.659,3.246,3.057,2.999,2.859,2.672,2.654,2.579,2.444,2.323,2.19,2.28,2.739,4.144,6.593,11.313,18.276,27.455,35.221,39.67,41.487,42.239,42.474,43.4,43.118,43.442,43.545,43.021,43.0,43.157,42.565,41.798,41.818,39.12
1.487,878.587,0.946,-261.84,2.455,1514.517,0.945,-498.983,5.052,4.651,86.906,0.896,0.634,-0.046,0.292,0.854,0.179,11.707,9.932,7.18,1.696,3.033,2.112,38.534,3.525,4.711,0.952,1.158,1.197,1.349,1.359,1.42,1.477,1.538,1.534,1.559,1.665,1.928,2.447,3.069,3.443,3.605,3.527,3.162,2.808,2.64,2.592,2.47,2.311,2.285,2.234,2.091,1.992,1.867,1.952,2.366,3.591,5.83,9.993,16.156,24.453,31.559,34.715,37.25,37.728,38.344,38.929,39.116,39.221,39.622,39.528,39.382,40.048,39.072,39.069,38.894,37.089
0.885,513.647,0.939,-117.0,1.337,779.8,0.937,-188.667,4.96,4.303,86.188,0.878,0.621,-0.132,0.211,0.836,0.157,10.168,8.686,6.125,1.905,3.431,2.498,38.319,3.956,5.378,1.038,1.297,1.309,1.455,1.494,1.568,1.642,1.743,1.7,1.746,1.894,2.184,2.762,3.452,3.862,4.033,3.973,3.582,3.186,3.04,2.989,2.858,2.684,2.666,2.605,2.477,2.366,2.235,2.331,2.808,4.212,6.545,11.127,17.144,25.432,32.399,34.093,37.557,38.141,38.616,39.045,39.327,39.135,39.277,39.493,39.3,39.147,39.167,38.753,38.795,34.935
1.069,868.273,0.942,-190.167,1.742,1486.133,0.938,-348.183,4.49,3.264,73.633,0.84,0.499,-0.269,0.071,0.796,0.135,7.786,6.758,4.601,1.857,3.381,2.576,29.702,3.828,5.303,0.974,1.221,1.235,1.392,1.44,1.505,1.592,1.683,1.682,1.724,1.851,2.149,2.673,3.304,3.698,3.914,3.873,3.572,3.238,3.102,3.052,2.947,2.782,2.764,2.71,2.551,2.446,2.31,2.384,2.87,4.202,6.405,10.199,15.01,20.926,25.376,27.687,28.686,29.098,29.511,29.871,29.958,29.802,30.251,30.43,30.378,30.101,30.085,30.068,30.615,28.982
0.562,405.408,0.898,-96.346,0.738,551.233,0.896,-144.867,4.132,2.503,61.656,0.789,0.5,-0.405,-0.083,0.759,0.073,6.306,5.601,3.359,2.355,4.377,3.78,31.98,4.845,7.336,1.162,1.495,1.498,1.668,1.75,1.857,1.97,2.119,2.117,2.198,2.383,2.76,3.437,4.204,4.662,4.931,4.94,4.62,4.292,4.149,4.161,4.068,3.902,3.923,3.88,3.731,3.61,3.473,3.591,4.252,6.03,8.642,13.038,17.841,23.758,27.789,28.044,30.933,31.228,31.459,31.772,32.164,31.966,32.478,33.295,33.492,33.468,33.109,32.828,33.885,29.583
0.322,847.838,0.889,-97.238,0.427,1313.85,0.884,-140.517,3.79,1.562,25.633,0.501,0.286,-0.739,-0.538,0.59,-0.127,2.88,2.919,1.035,3.816,6.399,8.262,24.829,6.336,12.2,1.496,1.857,2.128,2.542,2.719,2.939,3.199,3.45,3.623,3.814,4.059,4.458,4.984,5.527,5.986,6.373,6.649,6.784,6.901,7.077,7.31,7.491,7.617,7.85,8.003,8.021,8.098,8.106,8.397,9.358,11.146,13.254,15.768,17.935,19.959,21.363,21.566,22.59,23.229,23.502,24.352,24.475,24.924,25.213,25.65,25.989,26.176,26.158,26.297,26.606,25.711
0.602,950.935,0.352,-149.971,0.968,1715.133,0.31,-264.667,1.59,1.589,34.876,0.563,0.337,-0.697,-0.473,0.586,-0.035,2.832,2.632,1.456,4.759,7.101,7.609,27.211,7.492,11.081,3.238,3.482,3.62,3.867,3.978,4.119,4.264,4.417,4.552,4.683,4.885,5.251,5.899,6.733,7.265,7.573,7.638,7.386,7.144,7.096,7.173,7.166,7.15,7.266,7.373,7.425,7.486,7.548,7.8,8.365,9.877,12.285,15.542,19.419,22.926,24.976,25.163,26.307,26.483,26.819,27.044,27.28,27.396,27.576,27.644,27.768,28.095,28.044,27.937,27.696,26.913
1.208,951.024,0.493,-184.088,1.854,1697.433,0.443,-329.117,2.519,2.517,57.001,0.751,0.514,-0.479,-0.173,0.724,0.06,5.25,4.627,3.122,3.547,5.645,5.006,35.283,6.27,8.56,2.332,2.578,2.701,2.907,2.973,3.081,3.175,3.268,3.313,3.402,3.579,3.906,4.648,5.559,6.112,6.391,6.308,5.867,5.412,5.25,5.258,5.132,4.99,5.014,5.023,4.894,4.856,4.813,4.946,5.499,7.086,10.034,14.926,21.208,27.852,32.217,33.2,35.074,35.306,35.467,35.648,35.823,35.821,35.858,35.242,35.937,36.07,35.623,35.135,35.575,33.461
1.537,1036.55,0.721,-271.313,2.444,1739.917,0.693,-471.85,3.867,3.851,73.054,0.872,0.635,-0.154,0.189,0.812,0.208,8.622,7.118,5.517,2.316,4.148,2.719,39.911,4.916,6.124,1.422,1.66,1.744,1.899,1.928,1.988,2.051,2.097,2.097,2.13,2.253,2.592,3.322,4.277,4.805,5.041,4.903,4.294,3.762,3.513,3.414,3.233,2.989,2.952,2.875,2.708,2.56,2.424,2.522,2.997,4.615,7.633,12.961,20.42,29.255,35.667,37.369,40.296,40.536,40.765,40.832,40.598,40.923,40.642,40.553,40.745,40.215,39.709,39.497,39.258,36.721
1.339,789.419,0.844,-202.019,2.219,1330.117,0.833,-333.117,4.864,4.836,83.317,0.9,0.717,-0.024,0.312,0.843,0.237,10.755,8.792,6.853,2.089,3.905,2.406,45.9,4.687,5.845,1.216,1.438,1.537,1.679,1.716,1.785,1.845,1.886,1.87,1.902,2.019,2.336,3.07,4.036,4.564,4.815,4.683,4.052,3.506,3.261,3.157,2.954,2.716,2.667,2.578,2.402,2.233,2.095,2.18,2.691,4.323,7.367,12.999,21.365,31.634,39.969,42.234,46.039,46.584,46.885,46.953,47.266,46.959,46.76,46.579,46.363,46.531,45.959,45.638,44.855,42.889
1.729,888.606,0.892,-250.456,2.598,1430.7,0.883,-415.45,4.769,4.752,83.697,0.901,0.693,-0.022,0.313,0.85,0.216,11.335,9.439,7.297,1.967,3.535,2.279,43.602,4.177,5.255,1.105,1.316,1.404,1.576,1.601,1.668,1.73,1.787,1.775,1.794,1.915,2.218,2.848,3.641,4.081,4.284,4.165,3.677,3.21,2.985,2.921,2.757,2.549,2.511,2.444,2.279,2.136,1.998,2.073,2.515,3.937,6.573,11.453,18.647,28.704,37.09,40.368,43.901,44.419,44.339,45.451,45.239,44.939,44.404,44.241,44.386,44.565,42.845,42.831,42.816,39.281
1.756,947.26,0.907,-267.82,2.629,1451.783,0.902,-445.4,4.753,4.729,81.044,0.884,0.729,-0.104,0.237,0.839,0.174,10.414,8.806,6.265,2.319,4.235,2.98,48.34,4.93,6.654,1.168,1.436,1.538,1.742,1.803,1.906,1.996,2.088,2.094,2.14,2.289,2.655,3.383,4.292,4.801,5.05,4.938,4.424,3.912,3.688,3.628,3.448,3.256,3.232,3.17,2.977,2.817,2.634,2.713,3.319,5.128,8.179,13.662,21.462,32.02,40.962,44.051,48.01,48.738,49.337,49.257,49.655,49.29,49.203,49.406,49.249,49.096,48.424,48.05,48.158,45.174
1.511,894.847,0.932,-294.1,2.55,1588.267,0.935,-526.983,4.754,4.707,76.07,0.88,0.657,-0.123,0.219,0.833,0.174,9.979,8.487,6.156,2.149,3.785,2.662,41.553,4.38,5.807,1.181,1.429,1.508,1.645,1.718,1.799,1.882,1.949,1.945,1.989,2.123,2.437,3.067,3.866,4.273,4.49,4.377,3.941,3.503,3.303,3.243,3.103,2.9,2.874,2.821,2.659,2.502,2.376,2.44,2.96,4.477,7.137,11.838,18.765,27.496,34.704,37.684,40.829,41.287,41.731,41.903,42.709,42.152,42.791,42.434,42.345,42.422,42.197,41.565,42.168,39.076
1.556,919.336,0.936,-330.164,2.54,1502.317,0.937,-556.3,4.754,4.684,85.959,0.865,0.634,-0.184,0.159,0.818,0.16,8.986,7.692,5.592,2.322,4.036,2.923,40.305,4.637,6.115,1.269,1.514,1.623,1.794,1.853,1.954,2.03,2.102,2.114,2.161,2.304,2.631,3.279,4.081,4.517,4.744,4.65,4.2,3.768,3.567,3.52,3.367,3.171,3.145,3.083,2.914,2.763,2.611,2.706,3.239,4.791,7.438,12.169,18.868,27.394,34.359,37.183,39.737,40.405,40.738,41.064,41.457,41.04,41.125,41.317,41.241,40.92,40.787,40.157,40.075,37.333
1.069,524.267,0.931,-133.64,1.474,702.683,0.932,-183.567,4.728,4.637,86.797,0.87,0.686,-0.163,0.18,0.831,0.14,9.863,8.46,5.854,2.372,4.135,3.119,44.917,4.748,6.554,1.347,1.795,1.7,1.87,1.921,1.98,2.073,2.232,2.134,2.178,2.339,2.679,3.36,4.175,4.632,4.842,4.771,4.292,3.844,3.67,3.629,3.493,3.309,3.287,3.25,3.101,2.985,2.813,2.912,3.485,5.19,7.917,13.471,20.238,30.017,38.009,38.605,44.199,45.189,45.141,46.189,46.229,46.214,46.18,46.055,46.321,46.415,45.515,45.205,46.444,39.862
1.072,499.267,0.931,-164.013,1.9,915.2,0.932,-267.483,4.676,4.563,84.95,0.86,0.679,-0.202,0.141,0.822,0.131,9.206,7.962,5.607,2.584,4.41,3.389,45.012,5.023,6.812,1.425,1.748,1.81,2.003,2.06,2.168,2.263,2.371,2.35,2.41,2.564,2.923,3.624,4.446,4.907,5.12,5.041,4.58,4.14,3.938,3.898,3.768,3.568,3.574,3.511,3.382,3.235,3.079,3.184,3.761,5.448,8.176,13.249,20.535,30.024,37.667,40.333,43.988,44.773,45.019,46.152,45.982,46.198,46.444,45.894,46.051,46.213,45.745,44.991,45.418,41.971
1.363,898.527,0.936,-237.713,2.366,1550.883,0.937,-464.117,4.673,4.52,85.643,0.863,0.611,-0.191,0.152,0.82,0.146,9.122,7.856,5.535,2.136,3.781,2.818,38.272,4.321,5.856,1.182,1.402,1.487,1.654,1.7,1.783,1.855,1.929,1.943,1.987,2.12,2.432,3.041,3.767,4.205,4.41,4.349,3.95,3.57,3.39,3.348,3.218,3.042,3.019,2.972,2.802,2.674,2.515,2.607,3.139,4.605,7.108,11.393,17.623,25.584,32.135,34.743,37.195,37.606,38.179,38.679,38.858,38.92,39.319,39.303,39.167,39.808,38.755,38.711,38.313,36.519
0.919,531.6,0.935,-123.353,1.399,813.55,0.932,-204.283,4.668,4.432,86.862,0.849,0.618,-0.24,0.102,0.805,0.139,8.266,7.144,5.029,2.402,4.287,3.24,39.728,4.878,6.589,1.312,1.58,1.638,1.819,1.885,1.974,2.069,2.181,2.15,2.218,2.403,2.765,3.453,4.269,4.753,4.965,4.916,4.491,4.04,3.875,3.823,3.673,3.466,3.455,3.385,3.231,3.08,2.912,3.012,3.607,5.258,7.92,12.759,19.067,27.318,34.195,35.423,39.201,39.735,40.187,40.557,40.829,40.747,40.646,40.924,40.801,40.405,40.477,40.1,40.004,35.884
0.875,892.74,0.936,-178.853,1.542,1525.867,0.932,-328.267,4.475,3.938,78.132,0.833,0.552,-0.29,0.048,0.782,0.147,7.179,6.233,4.272,2.292,4.219,3.137,34.511,4.771,6.546,1.239,1.518,1.546,1.729,1.784,1.864,1.966,2.075,2.072,2.123,2.279,2.648,3.309,4.097,4.591,4.876,4.847,4.474,4.064,3.888,3.829,3.687,3.463,3.436,3.363,3.146,2.974,2.768,2.832,3.442,5.187,7.904,12.3,17.868,24.604,29.698,32.043,33.484,33.983,34.487,34.784,34.963,34.725,35.21,35.308,35.3,34.896,34.96,34.767,35.296,33.46
0.606,417.677,0.898,-89.485,0.806,562.6,0.893,-126.967,4.068,2.988,71.036,0.774,0.534,-0.436,-0.121,0.737,0.087,5.59,4.965,2.959,2.895,5.467,4.592,36.032,6.041,9.102,1.489,1.869,1.88,2.079,2.17,2.293,2.427,2.6,2.584,2.68,2.914,3.397,4.263,5.219,5.802,6.139,6.18,5.789,5.389,5.203,5.223,5.094,4.873,4.884,4.84,4.611,4.381,4.116,4.22,5.092,7.47,10.734,15.762,21.163,27.523,31.827,31.821,35.072,35.409,35.644,35.97,36.327,36.066,36.604,37.501,37.584,37.564,37.125,36.785,38.081,32.924
0.416,866.123,0.865,-96.585,0.476,1342.617,0.862,-138.633,3.35,1.335,34.194,0.59,0.341,-0.675,-0.441,0.64,-0.08,3.55,3.473,1.386,3.192,5.753,6.748,26.177,5.852,10.97,1.49,1.76,1.941,2.239,2.346,2.506,2.686,2.868,2.974,3.115,3.331,3.728,4.332,4.992,5.501,5.907,6.15,6.16,6.142,6.214,6.383,6.462,6.467,6.633,6.734,6.662,6.591,6.434,6.622,7.557,9.694,12.247,15.307,18.25,20.964,22.7,22.845,24.12,24.776,24.999,25.981,26.011,26.371,26.641,27.024,27.271,27.449,27.342,27.319,27.858,26.648
0.595,967.465,0.376,-131.147,0.925,1741.033,0.335,-227.85,1.75,1.746,32.696,0.545,0.319,-0.71,-0.493,0.555,-0.015,2.497,2.321,1.403,5.131,7.47,7.697,26.122,7.866,10.869,3.528,3.819,3.971,4.238,4.348,4.5,4.643,4.791,4.911,5.037,5.24,5.633,6.294,7.127,7.645,7.944,8.008,7.746,7.512,7.453,7.502,7.469,7.423,7.505,7.554,7.555,7.579,7.578,7.787,8.324,9.728,12.01,15.36,19.03,22.42,24.405,24.942,25.64,25.754,26.057,26.096,26.305,26.389,26.555,26.505,26.547,26.708,26.531,26.384,26.009,25.404
0.9,952.441,0.498,-166.988,1.382,1683.983,0.46,-290.833,2.48,2.472,46.671,0.712,0.433,-0.542,-0.255,0.69,0.043,4.449,3.97,2.608,3.425,5.4,4.955,29.426,5.921,8.157,2.152,2.402,2.539,2.747,2.833,2.962,3.061,3.15,3.199,3.299,3.475,3.79,4.464,5.276,5.767,6.021,5.975,5.612,5.24,5.114,5.131,5.034,4.922,4.954,4.96,4.833,4.81,4.775,4.914,5.442,6.885,9.429,13.492,18.495,23.692,27.052,27.837,29.209,29.34,29.485,29.609,29.718,29.821,29.903,29.378,30.016,30.151,29.723,29.364,29.667,28.175
1.196,965.618,0.573,-198.876,1.947,1726.917,0.593,-361.217,3.736,3.7,61.294,0.818,0.516,-0.334,-0.001,0.778,0.109,7.019,6.077,4.289,2.363,4.0,3.213,32.079,4.533,6.065,1.331,1.567,1.68,1.842,1.91,1.996,2.078,2.141,2.168,2.226,2.364,2.673,3.259,4.003,4.421,4.619,4.559,4.147,3.788,3.631,3.575,3.48,3.319,3.327,3.28,3.163,3.079,2.99,3.107,3.545,4.876,7.254,11.299,16.949,23.66,28.433,29.946,31.993,32.19,32.44,32.571,32.503,32.71,32.6,32.62,32.789,32.467,32.235,31.992,32.107,30.022
1.253,789.438,0.671,-160.713,1.893,1319.8,0.72,-284.717,4.055,3.972,71.679,0.88,0.647,-0.121,0.221,0.833,0.177,9.977,8.35,6.096,2.019,3.694,2.586,40.553,4.337,5.715,1.12,1.396,1.436,1.571,1.609,1.684,1.753,1.831,1.798,1.844,1.982,2.296,2.965,3.793,4.233,4.433,4.345,3.824,3.374,3.176,3.105,2.964,2.781,2.757,2.682,2.54,2.43,2.343,2.439,2.909,4.376,7.054,11.993,19.107,28.249,35.343,36.114,40.354,40.941,41.143,41.376,41.669,41.194,41.171,41.277,41.16,41.434,41.006,40.942,40.89,37.625
1.234,859.5,0.724,-206.331,1.707,1358.567,0.69,-344.083,4.373,4.243,67.92,0.819,0.521,-0.332,0.002,0.789,0.084,7.481,6.632,4.578,2.3,3.831,3.238,32.494,4.258,5.826,1.198,1.461,1.564,1.747,1.809,1.912,2.006,2.098,2.113,2.173,2.322,2.618,3.154,3.782,4.143,4.328,4.302,3.988,3.684,3.561,3.539,3.458,3.328,3.335,3.289,3.189,3.115,3.025,3.137,3.573,4.813,6.839,10.488,15.535,22.5,27.962,29.292,32.252,32.649,32.551,33.534,33.457,33.183,33.205,33.012,33.275,33.55,32.466,32.52,32.984,29.476
1.454,962.813,0.777,-224.593,2.036,1487.383,0.697,-372.783,4.497,4.32,70.319,0.836,0.533,-0.282,0.057,0.797,0.116,7.87,6.877,4.852,2.143,3.691,2.922,32.738,4.156,5.594,1.058,1.31,1.443,1.617,1.681,1.781,1.86,1.928,1.955,2.011,2.148,2.455,3.009,3.673,4.043,4.238,4.187,3.847,3.51,3.374,3.336,3.214,3.092,3.08,3.018,2.872,2.788,2.687,2.77,3.238,4.534,6.654,10.335,15.58,22.315,27.834,29.965,32.016,32.491,32.999,32.981,33.422,33.231,33.271,33.471,33.299,33.385,32.988,32.793,33.078,31.68
1.371,884.653,0.783,-261.0,2.287,1588.867,0.808,-453.567,4.582,4.25,69.722,0.853,0.578,-0.228,0.114,0.794,0.181,7.718,6.581,4.746,2.192,4.112,2.849,35.848,4.729,6.238,0.952,1.275,1.402,1.526,1.647,1.767,1.861,1.936,1.937,2.007,2.182,2.56,3.287,4.165,4.59,4.838,4.76,4.298,3.854,3.646,3.574,3.425,3.204,3.162,3.058,2.849,2.658,2.496,2.552,3.17,4.887,7.589,11.897,18.048,25.198,30.693,31.52,35.096,35.342,35.806,36.003,36.716,36.144,37.184,36.571,36.543,36.664,36.63,36.255,37.205,34.042
1.296,913.736,0.711,-276.0,2.135,1507.0,0.795,-450.567,4.668,4.18,67.417,0.768,0.499,-0.448,-0.135,0.731,0.084,5.443,4.825,3.2,2.92,5.113,4.319,32.94,5.655,7.842,1.32,1.67,1.87,2.089,2.218,2.38,2.5,2.612,2.667,2.76,2.967,3.371,4.103,4.979,5.465,5.756,5.744,5.35,4.98,4.83,4.807,4.685,4.518,4.528,4.451,4.266,4.129,3.979,4.108,4.773,6.525,9.158,13.239,18.386,24.415,28.932,30.131,32.172,32.696,32.913,33.13,33.622,33.227,33.612,33.599,33.823,33.684,33.647,33.255,33.493,31.096
0.938,499.02,0.812,-123.347,1.292,688.95,0.86,-175.183,4.7,4.131,78.189,0.839,0.584,-0.273,0.066,0.778,0.175,7.019,5.921,4.173,2.333,4.623,3.247,37.076,5.357,7.168,1.11,1.39,1.492,1.679,1.755,1.844,1.951,2.041,2.038,2.114,2.316,2.754,3.607,4.627,5.188,5.477,5.405,4.861,4.326,4.1,4.018,3.823,3.589,3.539,3.453,3.21,3.056,2.862,2.978,3.63,5.624,8.711,13.706,20.158,27.67,33.159,34.334,36.855,37.407,37.191,37.837,37.845,37.996,37.443,37.798,37.893,38.131,37.343,36.866,36.784,34.411
1.089,502.607,0.753,-160.567,2.001,926.2,0.86,-280.917,4.624,4.099,77.951,0.843,0.621,-0.259,0.081,0.794,0.148,7.732,6.602,4.631,2.491,4.616,3.427,40.305,5.302,7.157,1.24,1.589,1.635,1.831,1.887,2.003,2.109,2.23,2.218,2.295,2.481,2.894,3.701,4.636,5.16,5.407,5.338,4.828,4.325,4.101,4.049,3.897,3.663,3.655,3.559,3.403,3.256,3.106,3.215,3.798,5.66,8.655,13.825,20.637,28.891,35.023,36.472,39.519,40.187,40.302,41.293,41.056,41.128,41.476,41.057,41.2,41.305,40.909,40.391,40.986,37.295
1.442,891.993,0.743,-206.793,2.177,1545.767,0.847,-390.25,4.515,4.05,77.839,0.826,0.534,-0.313,0.023,0.778,0.133,7.019,6.052,4.206,2.273,4.152,3.179,33.299,4.722,6.396,1.115,1.37,1.483,1.642,1.724,1.838,1.926,2.017,2.054,2.124,2.286,2.632,3.306,4.102,4.58,4.813,4.772,4.35,3.954,3.769,3.727,3.592,3.416,3.386,3.33,3.143,3.017,2.873,2.984,3.519,5.08,7.712,11.871,17.459,24.048,29.033,30.399,32.645,32.84,33.242,33.691,33.832,33.783,34.308,34.129,33.993,34.494,33.702,33.566,33.491,31.366
0.865,526.993,0.749,-114.473,1.362,809.033,0.853,-187.15,4.563,4.032,78.454,0.841,0.561,-0.268,0.072,0.785,0.162,7.324,6.227,4.377,2.194,4.2,3.029,34.959,4.837,6.502,1.095,1.4,1.425,1.599,1.654,1.746,1.84,1.967,1.933,2.0,2.188,2.566,3.314,4.188,4.698,4.929,4.885,4.419,3.938,3.74,3.688,3.524,3.291,3.267,3.186,3.012,2.862,2.697,2.798,3.379,5.126,7.878,12.736,18.4,25.558,31.03,31.371,34.661,35.05,35.328,35.619,35.85,35.706,35.718,35.894,35.749,35.532,35.626,35.2,35.515,31.564
1.023,884.293,0.77,-150.133,1.594,1514.583,0.855,-263.483,4.155,3.124,69.207,0.803,0.468,-0.372,-0.044,0.745,0.145,5.835,5.047,3.399,2.163,4.186,3.127,28.61,4.731,6.503,1.015,1.326,1.356,1.527,1.601,1.696,1.805,1.924,1.93,1.993,2.167,2.55,3.239,4.049,4.545,4.831,4.818,4.451,4.047,3.877,3.816,3.679,3.461,3.435,3.351,3.12,2.955,2.761,2.824,3.44,5.202,7.805,11.76,16.308,21.534,25.172,26.594,27.731,28.005,28.371,28.637,28.799,28.588,29.222,29.157,29.177,28.974,29.052,28.962,29.868,28.013
0.625,403.546,0.774,-76.562,0.826,539.167,0.825,-109.6,3.883,2.518,54.232,0.681,0.419,-0.583,-0.309,0.667,0.026,4.01,3.661,1.957,3.059,5.898,5.601,29.546,6.339,9.991,1.295,1.614,1.766,2.015,2.156,2.328,2.503,2.668,2.746,2.89,3.152,3.665,4.525,5.469,6.049,6.434,6.535,6.27,5.982,5.893,5.924,5.846,5.695,5.773,5.728,5.533,5.366,5.183,5.344,6.281,8.541,11.441,15.457,19.582,23.667,26.237,26.832,28.344,28.553,28.887,29.048,29.455,29.54,29.782,30.701,30.707,30.945,30.604,30.29,30.88,28.615
0.37,860.538,0.788,-75.769,0.54,1332.9,0.835,-111.617,3.395,1.563,24.021,0.459,0.283,-0.762,-0.575,0.566,-0.144,2.603,2.662,0.873,4.33,7.575,10.123,27.295,7.454,14.57,1.561,1.954,2.275,2.688,2.947,3.243,3.55,3.857,4.078,4.343,4.66,5.131,5.782,6.463,7.009,7.49,7.861,8.04,8.236,8.479,8.816,9.065,9.263,9.561,9.795,9.878,9.957,10.003,10.31,11.354,13.464,15.675,17.991,20.239,22.298,23.618,23.196,24.791,25.455,25.777,26.75,26.857,27.316,27.725,28.258,28.511,28.892,28.914,28.958,29.714,28.305
0.739,966.35,0.605,-234.725,1.142,1641.933,0.572,-387.317,1.551,1.551,41.515,0.613,0.365,-0.655,-0.411,0.612,0.002,3.154,2.875,1.702,4.279,6.634,6.607,27.558,7.112,10.201,2.849,3.082,3.195,3.515,3.519,3.693,3.821,3.949,4.072,4.166,4.357,4.729,5.441,6.325,6.928,7.2,7.209,6.929,6.61,6.509,6.551,6.497,6.417,6.475,6.533,6.479,6.45,6.445,6.65,7.218,8.863,11.538,15.471,20.372,24.746,27.329,25.632,28.653,28.71,28.585,28.743,28.689,28.23,28.114,27.972,27.926,27.72,27.414,26.812,26.289,23.883
1.067,825.976,0.778,-238.306,1.958,1584.3,0.751,-459.783,2.98,2.979,63.918,0.773,0.497,-0.439,-0.124,0.726,0.106,5.304,4.628,3.263,3.176,5.16,4.17,32.524,5.779,7.629,1.982,2.202,2.343,2.61,2.601,2.73,2.84,2.898,2.979,3.016,3.182,3.521,4.243,5.093,5.65,5.881,5.807,5.388,4.93,4.751,4.694,4.543,4.347,4.323,4.264,4.1,3.991,3.911,4.031,4.566,6.132,9.126,13.864,20.192,26.766,31.03,31.417,33.94,34.262,34.029,34.464,34.556,33.79,33.544,33.475,32.961,32.144,31.867,30.254,30.09,27.072
1.372,850.294,0.87,-197.876,2.383,1501.267,0.856,-368.3,4.066,4.055,79.885,0.858,0.591,-0.21,0.133,0.788,0.214,7.452,6.141,4.725,2.391,4.344,2.81,36.714,5.141,6.412,1.573,1.74,1.841,2.054,2.006,2.062,2.118,2.17,2.162,2.198,2.316,2.664,3.435,4.403,5.02,5.276,5.129,4.55,3.98,3.694,3.607,3.376,3.109,3.037,2.957,2.78,2.628,2.509,2.62,3.14,4.824,8.001,13.294,21.14,29.758,35.752,35.293,39.731,39.842,39.212,39.968,39.74,38.549,37.855,37.726,36.804,36.037,34.968,33.999,33.007,27.971
1.658,932.294,0.926,-262.75,2.753,1533.033,0.927,-437.3,5.274,5.23,87.223,0.898,0.622,-0.034,0.302,0.841,0.234,10.593,8.628,6.713,1.736,3.221,2.0,37.337,3.878,4.841,1.115,1.268,1.324,1.525,1.462,1.503,1.554,1.586,1.548,1.558,1.663,1.936,2.542,3.346,3.798,3.984,3.851,3.351,2.878,2.661,2.575,2.397,2.212,2.159,2.114,1.978,1.85,1.747,1.847,2.307,3.617,6.065,10.722,17.936,27.328,34.723,34.59,39.912,40.131,39.818,40.147,40.152,39.278,38.777,38.602,38.59,36.823,35.838,34.497,33.409,29.483
1.555,959.538,0.883,-242.038,2.502,1648.883,0.874,-482.683,4.824,4.779,79.835,0.874,0.638,-0.147,0.196,0.826,0.172,9.511,8.107,5.807,2.242,3.815,2.698,40.102,4.403,5.891,1.275,1.495,1.595,1.805,1.824,1.894,1.978,2.021,2.035,2.078,2.221,2.54,3.172,3.9,4.321,4.491,4.398,3.962,3.535,3.313,3.245,3.087,2.901,2.875,2.809,2.651,2.537,2.418,2.509,3.085,4.603,7.179,11.697,19.046,28.3,35.492,37.085,41.79,42.188,42.57,42.667,42.578,42.332,41.726,41.657,40.843,40.154,39.11,37.667,36.643,32.522
1.7,986.487,0.917,-339.067,2.625,1598.617,0.913,-572.95,4.821,4.767,79.865,0.853,0.567,-0.228,0.114,0.819,0.112,9.035,7.909,5.436,2.056,3.475,2.773,34.871,3.914,5.418,1.16,1.388,1.437,1.637,1.647,1.722,1.798,1.886,1.883,1.931,2.057,2.321,2.848,3.46,3.822,3.988,3.932,3.627,3.312,3.153,3.134,3.028,2.892,2.872,2.826,2.728,2.641,2.56,2.655,3.128,4.348,6.489,10.327,16.321,24.103,30.511,31.689,35.574,36.0,36.297,36.619,36.845,36.357,36.29,36.227,35.685,35.105,34.456,33.52,32.937,29.458
0.928,460.687,0.939,-126.953,1.288,624.667,0.935,-178.15,4.888,4.827,78.186,0.844,0.562,-0.257,0.084,0.81,0.108,8.522,7.455,5.15,2.158,3.662,2.948,34.871,4.124,5.67,1.255,1.443,1.516,1.735,1.731,1.797,1.887,1.959,1.975,2.026,2.162,2.453,3.002,3.639,4.014,4.198,4.161,3.829,3.495,3.323,3.301,3.198,3.048,3.034,3.006,2.908,2.817,2.727,2.833,3.312,4.583,6.757,10.695,16.64,24.721,31.422,31.558,36.183,36.721,36.721,37.016,37.066,36.305,35.539,36.247,35.736,35.351,34.736,33.872,32.319,27.692
1.419,1010.553,0.926,-278.927,2.167,1637.8,0.923,-502.017,4.694,4.581,68.592,0.834,0.483,-0.288,0.05,0.798,0.109,7.877,6.961,4.828,1.924,3.23,2.596,28.672,3.602,4.92,1.09,1.255,1.314,1.525,1.516,1.595,1.675,1.742,1.768,1.817,1.938,2.2,2.655,3.173,3.509,3.668,3.628,3.373,3.112,2.99,2.962,2.87,2.737,2.709,2.658,2.562,2.467,2.377,2.479,2.919,3.986,5.853,9.222,14.326,20.76,26.379,26.358,29.815,30.159,30.317,30.608,30.65,30.054,29.914,29.799,29.262,28.727,27.972,27.066,26.212,23.17
1.341,709.547,0.933,-183.94,2.216,1208.767,0.931,-303.617,4.469,4.299,74.392,0.827,0.464,-0.31,0.026,0.791,0.103,7.571,6.713,4.562,1.904,3.199,2.603,27.415,3.554,4.929,1.076,1.24,1.296,1.505,1.499,1.572,1.654,1.728,1.746,1.796,1.918,2.178,2.637,3.134,3.457,3.623,3.583,3.34,3.087,2.974,2.956,2.869,2.74,2.715,2.675,2.558,2.478,2.389,2.493,2.916,4.001,5.857,9.061,13.852,19.932,24.832,25.043,28.216,28.356,28.509,28.991,28.957,28.458,28.234,28.199,28.15,27.601,27.174,26.222,26.021,23.095
1.217,858.8,0.925,-205.7,1.989,1467.85,0.921,-364.383,4.496,4.009,71.23,0.789,0.421,-0.404,-0.081,0.755,0.086,6.15,5.493,3.395,2.019,3.533,2.973,25.264,3.891,5.748,1.154,1.315,1.374,1.573,1.577,1.66,1.739,1.817,1.85,1.916,2.053,2.319,2.802,3.376,3.743,3.966,3.964,3.708,3.486,3.383,3.372,3.283,3.161,3.138,3.098,2.95,2.825,2.699,2.784,3.314,4.688,6.809,10.04,14.525,19.718,23.743,22.886,25.97,26.166,26.28,26.599,26.796,26.198,26.217,26.33,25.716,25.582,24.879,24.199,23.82,21.317
0.752,749.357,0.882,-139.157,1.176,1239.267,0.873,-219.1,3.972,2.509,54.657,0.688,0.354,-0.574,-0.297,0.695,-0.013,4.554,4.288,2.007,2.376,4.175,4.282,23.19,4.385,7.711,1.297,1.464,1.551,1.777,1.804,1.922,2.036,2.146,2.229,2.298,2.456,2.723,3.199,3.772,4.188,4.439,4.528,4.449,4.331,4.309,4.359,4.346,4.286,4.36,4.381,4.257,4.143,3.968,4.079,4.784,6.527,8.895,11.905,15.464,19.272,21.757,20.195,23.56,23.843,23.952,24.651,24.749,24.0,23.945,24.283,24.112,23.751,23.223,22.598,21.916,19.066
0.357,778.957,0.865,-109.821,0.562,1277.2,0.851,-188.817,3.499,1.21,27.067,0.53,0.243,-0.72,-0.509,0.598,-0.1,2.972,2.969,1.073,2.835,4.67,5.704,18.549,4.673,8.947,1.435,1.666,1.767,1.994,2.082,2.263,2.403,2.592,2.699,2.819,3.014,3.256,3.634,4.099,4.436,4.693,4.892,4.976,4.998,5.072,5.23,5.313,5.36,5.492,5.592,5.612,5.573,5.51,5.69,6.456,8.046,9.849,11.612,13.757,15.743,16.909,15.442,18.011,18.141,18.3,18.595,18.956,18.727,19.137,19.282,19.426,19.343,19.47,19.035,19.185,17.182
0.098,359.877,0.84,-96.854,0.139,563.133,0.839,-126.233,3.026,0.234,4.467,0.326,0.13,-0.821,-0.671,0.46,-0.158,1.705,1.812,0.484,3.427,5.091,7.003,13.769,4.896,9.28,1.637,2.137,2.1,2.409,2.5,2.735,2.938,3.25,3.338,3.46,3.673,3.876,4.147,4.375,4.657,4.883,5.148,5.375,5.557,5.722,5.953,6.14,6.296,6.513,6.683,6.811,6.918,6.985,7.274,7.839,8.762,9.798,11.097,10.746,12.162,12.786,11.265,13.151,13.317,13.38,13.677,13.852,13.576,14.942,14.241,14.575,14.496,14.517,14.331,16.419,10.799
0.147,984.819,0.16,-72.644,0.169,1673.0,0.122,-115.417,0.208,0.207,7.485,0.182,0.113,-0.865,-0.747,0.303,-0.128,0.87,0.91,0.241,9.527,12.871,16.646,24.067,12.599,19.394,6.283,6.628,6.848,7.413,7.646,8.177,8.563,8.962,9.293,9.638,10.027,10.505,11.048,11.661,12.174,12.615,13.007,13.364,13.703,13.949,14.322,14.694,15.022,15.33,15.769,16.2,16.602,17.034,17.533,18.055,18.963,19.825,20.671,21.469,22.275,22.627,21.894,22.972,23.303,23.565,23.945,24.213,24.398,24.727,24.777,24.983,25.127,24.997,24.615,24.525,22.958
0.17,880.119,0.25,-86.444,0.248,1574.533,0.213,-144.583,0.44,0.44,20.854,0.309,0.193,-0.827,-0.681,0.398,-0.1,1.32,1.32,0.513,8.132,11.164,13.656,25.898,11.161,17.119,5.569,5.853,6.014,6.452,6.594,7.02,7.385,7.663,7.914,8.104,8.484,8.907,9.581,10.264,10.828,11.19,11.464,11.599,11.669,11.827,12.051,12.268,12.451,12.756,13.032,13.323,13.567,13.918,14.252,14.748,16.058,18.18,20.059,22.163,24.201,24.994,23.582,25.283,25.497,25.42,25.827,26.179,26.107,26.648,26.755,26.888,26.714,26.986,26.072,26.524,23.985
0.134,864.341,0.355,-135.847,0.227,1526.55,0.31,-237.417,0.659,0.658,24.435,0.322,0.181,-0.822,-0.674,0.395,-0.084,1.305,1.291,0.517,7.042,9.641,11.407,22.224,9.702,14.649,4.992,5.197,5.334,5.701,5.763,6.1,6.346,6.65,6.825,7.053,7.324,7.72,8.32,8.932,9.435,9.736,9.934,9.997,10.024,10.106,10.286,10.435,10.539,10.763,10.944,11.104,11.335,11.507,11.854,12.342,13.731,15.567,17.42,19.189,20.959,21.755,20.7,22.02,22.093,21.895,22.497,22.655,22.54,22.885,22.836,22.93,22.895,22.72,22.588,22.582,19.526
0.61,943.638,0.544,-181.163,0.863,1540.15,0.503,-294.55,1.216,1.209,39.519,0.481,0.281,-0.75,-0.556,0.511,-0.039,2.087,1.967,0.984,5.699,8.245,8.921,25.452,8.577,12.826,4.056,4.245,4.324,4.702,4.662,4.947,5.136,5.347,5.484,5.616,5.883,6.253,6.924,7.816,8.317,8.659,8.755,8.545,8.361,8.391,8.44,8.455,8.494,8.59,8.72,8.753,8.786,8.834,9.05,9.715,11.465,14.188,17.504,20.751,23.961,25.397,23.497,26.007,25.855,25.577,25.948,25.975,25.848,26.075,26.137,26.699,25.926,25.781,25.155,24.82,22.479
0.669,973.788,0.701,-238.488,1.003,1671.267,0.68,-427.067,1.99,1.971,52.374,0.681,0.455,-0.582,-0.309,0.669,0.023,4.04,3.644,1.963,4.284,6.62,6.32,33.368,7.186,11.262,3.05,3.253,3.3,3.495,3.545,3.689,3.826,3.936,4.072,4.181,4.384,4.699,5.484,6.446,7.019,7.267,7.271,6.885,6.483,6.355,6.37,6.277,6.172,6.229,6.222,6.143,6.134,6.18,6.382,6.952,9.208,13.316,18.656,24.927,30.341,33.079,31.009,34.841,34.678,34.801,34.833,34.713,34.218,34.053,34.165,33.875,33.583,33.185,32.311,31.89,28.362
1.092,1002.08,0.817,-296.953,1.512,1621.717,0.805,-485.6,2.858,2.825,70.983,0.816,0.547,-0.34,-0.008,0.763,0.139,6.445,5.53,3.235,2.782,4.692,3.547,34.931,5.349,8.248,2.075,2.264,2.249,2.378,2.335,2.411,2.468,2.539,2.552,2.608,2.748,3.079,3.848,4.77,5.248,5.46,5.34,4.872,4.402,4.175,4.112,3.938,3.742,3.702,3.586,3.429,3.348,3.286,3.442,4.038,6.187,10.31,16.4,23.38,29.964,33.772,33.313,36.221,36.269,36.397,36.536,36.604,36.017,36.029,35.902,35.255,34.764,34.314,33.508,33.047,29.788
0.787,471.953,0.901,-124.68,0.994,623.133,0.9,-157.917,3.846,3.797,86.299,0.878,0.743,-0.131,0.211,0.819,0.208,9.074,7.299,4.405,2.844,4.994,3.276,50.304,6.061,9.307,2.403,2.65,2.518,2.706,2.545,2.539,2.596,2.682,2.582,2.576,2.705,3.05,4.023,5.366,5.976,6.219,5.989,5.116,4.342,4.013,3.897,3.667,3.405,3.383,3.3,3.157,3.055,2.999,3.206,3.833,6.548,12.066,21.034,31.731,43.115,49.8,45.114,53.911,54.093,53.826,54.015,53.586,51.784,50.511,51.805,51.153,50.599,49.844,48.691,47.105,38.522
1.077,1036.393,0.935,-286.427,1.626,1676.617,0.933,-502.867,4.728,4.678,86.916,0.92,0.667,0.09,0.411,0.874,0.235,13.852,11.145,6.404,1.451,2.701,1.674,40.111,3.303,5.417,1.103,1.218,1.207,1.314,1.257,1.284,1.315,1.343,1.306,1.312,1.386,1.573,2.092,2.835,3.227,3.41,3.271,2.796,2.372,2.185,2.119,1.976,1.821,1.794,1.732,1.625,1.533,1.471,1.583,1.982,3.63,7.205,13.374,22.258,31.815,39.017,37.597,42.453,42.586,42.595,42.878,42.812,41.71,41.443,41.257,40.378,39.818,38.839,37.67,36.767,32.868
1.045,730.667,0.955,-178.167,1.763,1236.4,0.957,-304.3,5.053,5.011,93.195,0.919,0.74,0.085,0.407,0.878,0.214,14.353,11.625,6.565,1.693,3.049,1.973,46.814,3.708,6.188,1.312,1.46,1.425,1.575,1.473,1.492,1.535,1.584,1.527,1.526,1.615,1.837,2.426,3.236,3.648,3.831,3.645,3.112,2.656,2.473,2.415,2.262,2.093,2.067,2.018,1.902,1.817,1.769,1.912,2.322,4.093,8.283,15.565,25.736,37.141,45.167,43.022,49.699,49.808,49.486,50.083,49.667,48.411,47.771,47.929,47.771,46.863,46.036,44.135,43.654,37.873
1.047,890.727,0.966,-241.4,1.704,1519.367,0.967,-430.867,4.428,4.391,93.321,0.912,0.659,0.044,0.372,0.871,0.201,13.506,11.095,6.11,1.55,2.746,1.825,39.829,3.293,5.602,1.221,1.332,1.323,1.454,1.38,1.396,1.428,1.458,1.416,1.418,1.485,1.659,2.142,2.836,3.212,3.402,3.265,2.844,2.469,2.299,2.242,2.099,1.95,1.924,1.885,1.788,1.688,1.625,1.731,2.136,3.775,7.429,13.845,22.56,31.742,38.563,37.534,41.845,41.974,41.957,42.304,42.441,41.472,41.199,41.303,40.213,39.807,38.653,37.448,36.696,32.589
0.938,754.307,0.959,-172.579,1.413,1232.967,0.96,-292.983,3.525,3.335,91.974,0.885,0.704,-0.101,0.241,0.831,0.204,9.806,8.129,4.275,2.228,4.235,2.8,45.768,5.014,8.676,1.696,1.843,1.837,2.014,1.919,1.947,1.996,2.047,2.02,2.038,2.143,2.439,3.192,4.259,4.844,5.155,5.043,4.495,3.946,3.633,3.552,3.331,3.067,3.024,2.946,2.755,2.596,2.456,2.575,3.251,5.987,11.364,19.379,29.263,39.227,45.171,40.989,48.833,48.913,48.683,49.607,49.522,47.508,46.988,47.608,47.098,45.994,44.56,43.314,41.657,35.249
0.862,819.629,0.951,-186.7,1.353,1343.9,0.948,-334.567,2.593,2.138,96.09,0.858,0.654,-0.209,0.133,0.786,0.22,7.362,6.236,2.678,2.311,5.092,3.256,42.581,5.885,11.578,1.656,1.798,1.817,1.958,1.908,1.942,1.991,2.053,2.021,2.051,2.215,2.619,3.595,4.802,5.575,6.041,6.038,5.564,4.968,4.666,4.582,4.278,3.903,3.805,3.603,3.225,2.918,2.621,2.71,3.908,8.241,14.916,22.465,30.674,37.768,41.572,38.799,43.989,43.92,44.147,44.528,45.02,44.24,44.041,44.157,43.654,42.82,42.335,40.596,39.876,36.594
0.288,372.723,0.934,-135.646,0.384,583.867,0.935,-176.933,1.66,0.942,95.79,0.726,0.516,-0.521,-0.227,0.66,0.126,3.888,3.486,1.127,3.105,7.595,5.89,37.127,8.277,17.452,2.012,2.226,2.247,2.416,2.363,2.44,2.528,2.613,2.592,2.675,2.991,3.765,5.235,6.782,7.83,8.422,8.578,8.365,7.86,7.631,7.652,7.415,7.028,7.007,6.67,5.912,5.274,4.507,4.629,7.236,13.954,20.95,26.368,31.083,35.294,37.526,32.918,38.596,38.676,38.669,38.916,38.887,37.863,37.736,38.553,38.826,38.442,37.707,36.085,35.42,29.605
0.098,990.381,0.181,-63.988,0.126,1696.0,0.113,-98.417,0.249,0.247,8.165,0.181,0.112,-0.865,-0.748,0.299,-0.125,0.853,0.891,0.242,9.671,12.919,16.604,23.945,12.665,19.284,6.532,6.838,7.089,7.53,7.862,8.401,8.764,9.117,9.43,9.782,10.164,10.59,11.124,11.756,12.242,12.674,13.08,13.382,13.728,13.968,14.314,14.687,15.015,15.335,15.733,16.192,16.537,16.998,17.464,17.97,18.872,19.697,20.374,21.243,22.03,22.359,21.463,22.712,23.024,23.363,23.688,24.04,24.289,24.638,24.617,24.847,25.026,25.077,24.622,24.62,23.143
0.169,884.388,0.294,-117.625,0.258,1567.0,0.245,-193.55,0.477,0.477,24.299,0.359,0.22,-0.808,-0.65,0.43,-0.084,1.506,1.467,0.588,7.213,10.317,12.204,25.856,10.481,16.285,4.953,5.205,5.332,5.772,5.847,6.197,6.511,6.747,6.981,7.146,7.497,7.93,8.698,9.525,10.121,10.55,10.772,10.764,10.708,10.768,10.944,11.097,11.205,11.471,11.706,11.889,12.091,12.346,12.671,13.252,14.969,17.601,19.863,22.154,24.235,25.013,23.729,25.274,25.498,25.359,25.876,26.154,26.087,26.557,26.745,26.775,26.704,26.944,26.062,26.408,23.669
0.264,858.094,0.352,-116.741,0.416,1528.75,0.308,-202.033,0.943,0.942,24.558,0.322,0.182,-0.823,-0.674,0.401,-0.091,1.337,1.324,0.514,6.895,9.627,11.551,22.499,9.681,14.865,4.837,5.045,5.19,5.545,5.631,5.967,6.206,6.495,6.677,6.886,7.16,7.576,8.194,8.857,9.371,9.718,9.954,10.006,10.036,10.154,10.35,10.503,10.642,10.864,11.052,11.245,11.475,11.683,12.013,12.525,13.942,15.789,17.627,19.434,21.099,21.87,20.961,22.17,22.225,22.095,22.725,22.917,22.858,23.109,23.124,23.189,23.192,23.059,22.905,22.803,20.156
0.565,1008.833,0.581,-160.067,0.731,1554.017,0.5,-236.433,1.402,1.396,45.558,0.549,0.347,-0.707,-0.488,0.558,-0.013,2.529,2.345,1.186,5.488,8.303,8.523,29.301,8.76,13.405,3.851,4.063,4.135,4.48,4.469,4.737,4.915,5.105,5.229,5.359,5.639,6.045,6.871,7.91,8.524,8.844,8.911,8.638,8.347,8.336,8.345,8.283,8.267,8.329,8.399,8.373,8.323,8.328,8.554,9.353,11.616,15.195,19.407,23.781,27.606,29.375,26.521,30.326,30.26,29.84,30.141,30.24,29.793,30.022,30.042,30.586,29.663,29.49,28.756,28.519,25.32
0.722,1031.687,0.654,-217.98,1.067,1663.133,0.613,-361.867,2.158,2.145,56.176,0.672,0.446,-0.594,-0.325,0.661,0.021,3.891,3.499,1.851,4.23,6.734,6.461,32.94,7.322,11.555,2.92,3.137,3.194,3.368,3.449,3.604,3.742,3.859,3.991,4.124,4.338,4.673,5.506,6.535,7.125,7.409,7.431,7.011,6.613,6.48,6.497,6.404,6.299,6.378,6.36,6.289,6.261,6.309,6.514,7.119,9.496,13.614,18.721,24.839,30.11,32.749,29.789,34.219,34.046,34.19,34.235,34.183,33.787,33.721,33.702,33.571,33.241,32.945,32.24,31.872,28.358
0.933,994.6,0.814,-259.7,1.296,1616.85,0.775,-423.417,2.933,2.914,70.844,0.789,0.5,-0.403,-0.081,0.742,0.115,5.743,4.951,2.831,2.75,4.74,3.76,31.963,5.371,8.342,1.949,2.132,2.142,2.243,2.26,2.357,2.422,2.5,2.519,2.584,2.735,3.054,3.826,4.768,5.244,5.477,5.391,4.928,4.499,4.291,4.235,4.077,3.907,3.887,3.793,3.654,3.572,3.512,3.653,4.249,6.4,10.285,15.783,22.013,27.915,31.231,30.114,33.008,32.935,33.058,33.155,33.291,32.729,32.9,32.723,32.251,31.894,31.552,31.045,30.796,28.001
0.641,461.66,0.775,-110.273,0.853,601.917,0.892,-142.383,3.564,3.54,87.444,0.88,0.727,-0.121,0.222,0.816,0.228,8.858,7.051,4.269,2.61,4.906,3.082,48.362,6.007,9.179,2.102,2.364,2.22,2.398,2.248,2.248,2.31,2.408,2.302,2.321,2.475,2.881,3.936,5.342,5.915,6.172,5.933,5.011,4.223,3.867,3.754,3.512,3.234,3.206,3.117,2.969,2.863,2.796,2.994,3.63,6.438,11.919,20.734,30.743,41.536,48.253,43.18,51.658,52.068,51.753,52.01,51.499,49.762,48.672,49.826,49.312,48.717,48.044,46.936,45.535,36.452
0.918,1031.653,0.804,-256.593,1.461,1680.633,0.91,-439.467,4.51,4.467,89.143,0.898,0.64,-0.034,0.302,0.849,0.206,11.288,9.298,5.507,1.76,3.17,2.086,38.957,3.783,5.987,1.271,1.405,1.417,1.528,1.493,1.541,1.581,1.614,1.586,1.604,1.703,1.93,2.52,3.294,3.699,3.887,3.764,3.293,2.858,2.643,2.575,2.428,2.268,2.234,2.157,2.032,1.933,1.863,1.965,2.419,4.187,7.786,13.728,22.278,31.318,37.969,35.843,41.111,41.226,41.326,41.479,41.631,40.466,40.28,40.103,39.331,38.76,37.908,36.75,36.016,32.128
0.887,718.987,0.822,-184.313,1.592,1223.317,0.952,-313.15,4.448,4.418,94.101,0.911,0.72,0.037,0.366,0.862,0.23,12.48,10.018,5.837,1.842,3.373,2.112,45.462,4.126,6.649,1.402,1.568,1.532,1.695,1.595,1.613,1.661,1.712,1.655,1.655,1.751,2.004,2.687,3.613,4.067,4.26,4.052,3.442,2.915,2.694,2.624,2.449,2.258,2.226,2.167,2.031,1.944,1.891,2.049,2.474,4.422,8.877,16.341,26.562,37.641,45.084,42.236,48.896,48.812,48.436,48.818,48.33,46.772,46.088,46.277,46.179,45.307,44.467,42.699,42.221,36.389
1.102,877.127,0.835,-235.0,1.757,1503.267,0.962,-417.317,3.624,3.575,95.684,0.908,0.651,0.02,0.351,0.861,0.218,12.386,10.102,5.669,1.6,2.942,1.89,39.375,3.547,5.904,1.175,1.296,1.308,1.447,1.385,1.415,1.451,1.484,1.447,1.457,1.534,1.732,2.277,3.051,3.465,3.66,3.515,3.055,2.636,2.441,2.373,2.213,2.045,2.012,1.964,1.849,1.739,1.673,1.779,2.212,4.0,7.808,14.242,23.004,32.07,38.55,37.399,41.539,41.671,41.553,41.814,42.082,40.976,40.696,40.751,39.571,39.173,38.13,36.906,36.211,32.148
1.037,718.75,0.884,-160.114,1.573,1146.5,0.95,-267.717,2.946,2.829,82.11,0.893,0.661,-0.061,0.278,0.837,0.221,10.291,8.473,4.627,1.907,3.643,2.322,41.135,4.342,7.311,1.396,1.519,1.544,1.711,1.638,1.667,1.713,1.747,1.722,1.731,1.83,2.09,2.756,3.685,4.207,4.472,4.348,3.857,3.356,3.097,3.011,2.809,2.58,2.543,2.462,2.297,2.143,2.013,2.108,2.688,5.016,9.606,16.643,25.698,34.645,40.371,37.839,43.607,43.814,43.603,44.431,44.376,42.795,42.31,42.497,42.06,41.148,39.958,38.77,37.284,32.529
0.832,796.986,0.811,-180.086,1.307,1323.133,0.943,-331.667,2.077,1.772,96.73,0.864,0.64,-0.185,0.158,0.79,0.235,7.519,6.299,2.94,2.231,4.798,2.975,40.878,5.601,10.376,1.521,1.675,1.712,1.883,1.827,1.868,1.918,1.98,1.95,1.98,2.136,2.536,3.483,4.639,5.354,5.752,5.696,5.193,4.593,4.288,4.186,3.887,3.532,3.444,3.266,2.944,2.684,2.429,2.516,3.539,7.307,13.445,20.889,29.007,35.905,39.821,38.059,42.54,42.471,42.612,42.953,43.29,42.578,42.205,42.369,41.694,40.956,40.272,38.712,37.845,34.616
0.29,374.454,0.852,-166.015,0.371,586.2,0.917,-225.317,1.207,0.715,97.399,0.745,0.571,-0.491,-0.188,0.67,0.149,4.058,3.582,1.201,3.426,8.283,6.134,41.901,9.144,19.04,2.175,2.401,2.484,2.643,2.627,2.728,2.808,2.88,2.849,2.934,3.274,4.125,5.808,7.537,8.707,9.323,9.403,9.067,8.411,8.144,8.151,7.841,7.385,7.34,6.981,6.185,5.476,4.675,4.783,7.498,15.01,23.069,29.423,35.645,40.477,43.074,37.906,44.197,44.058,43.956,44.038,44.054,42.735,42.657,43.135,43.293,42.889,42.149,40.294,39.528,33.627
0.054,656.746,0.566,-90.0,0.064,1071.35,0.627,-128.45,0.684,0.212,49.881,0.494,0.285,-0.743,-0.544,0.543,-0.067,2.379,2.385,0.482,3.507,7.417,8.485,25.063,7.405,16.915,2.121,2.274,2.314,2.544,2.513,2.645,2.797,2.968,3.082,3.26,3.651,4.319,5.333,6.281,6.956,7.461,7.798,8.02,8.138,8.253,8.511,8.635,8.661,8.869,8.753,8.221,7.962,7.346,7.59,10.653,15.382,18.449,20.199,21.839,23.128,23.93,20.936,24.814,24.911,25.132,25.614,26.037,25.939,26.041,26.531,26.42,26.316,25.893,25.016,24.769,21.577
1.299,967.925,0.781,-203.956,2.154,1652.217,0.775,-353.017,2.964,2.958,73.49,0.834,0.475,-0.289,0.049,0.767,0.185,6.588,5.47,4.069,2.038,3.693,2.542,28.023,4.331,5.529,1.392,1.525,1.568,1.708,1.688,1.748,1.793,1.844,1.825,1.879,1.998,2.288,2.928,3.742,4.206,4.446,4.34,3.857,3.409,3.183,3.126,2.959,2.759,2.707,2.64,2.506,2.39,2.302,2.397,2.853,4.236,6.821,10.798,16.901,23.486,28.06,27.007,30.053,29.966,29.982,30.077,29.957,29.045,28.715,28.836,28.298,27.833,27.282,25.976,25.142,22.179
1.382,853.106,0.867,-181.241,2.308,1461.883,0.869,-333.017,4.808,4.769,88.27,0.869,0.585,-0.166,0.177,0.804,0.218,8.2,6.654,5.025,2.001,3.875,2.49,35.649,4.658,5.917,1.272,1.452,1.487,1.676,1.62,1.674,1.734,1.806,1.762,1.791,1.925,2.267,3.046,3.999,4.558,4.781,4.634,4.061,3.483,3.189,3.125,2.922,2.696,2.655,2.592,2.447,2.32,2.223,2.342,2.854,4.444,7.39,12.203,19.842,29.01,35.848,33.815,39.155,39.061,38.788,38.988,38.64,37.029,36.495,36.88,36.082,35.671,34.312,32.799,31.025,25.996
1.63,859.565,0.915,-208.935,2.934,1589.433,0.917,-408.283,5.735,5.585,92.73,0.901,0.632,-0.022,0.314,0.838,0.255,10.369,8.31,6.397,1.695,3.351,1.99,38.099,4.092,5.151,1.079,1.241,1.267,1.451,1.409,1.434,1.493,1.539,1.479,1.497,1.607,1.906,2.602,3.512,4.0,4.209,4.068,3.499,2.948,2.698,2.624,2.426,2.216,2.171,2.123,1.978,1.832,1.717,1.811,2.299,3.772,6.529,11.335,18.964,28.649,36.636,35.539,41.252,41.35,41.131,41.317,41.143,39.846,39.223,39.073,39.075,37.895,36.712,35.324,34.11,28.494
1.775,946.74,0.94,-251.34,2.784,1437.917,0.943,-414.267,6.44,6.236,94.53,0.887,0.616,-0.088,0.253,0.836,0.199,10.212,8.37,6.168,1.764,3.337,2.23,37.412,3.993,5.219,1.107,1.258,1.284,1.494,1.443,1.482,1.55,1.604,1.556,1.585,1.714,1.993,2.626,3.43,3.899,4.106,3.975,3.477,3.005,2.787,2.729,2.583,2.394,2.382,2.338,2.193,2.071,1.967,2.071,2.59,3.976,6.463,10.637,17.885,27.652,36.064,32.874,41.175,41.215,41.105,41.396,41.1,39.621,38.872,39.148,38.202,37.307,35.496,33.542,32.409,27.715
1.827,962.727,0.946,-306.98,2.888,1589.883,0.952,-515.567,6.211,6.105,92.78,0.89,0.536,-0.076,0.264,0.839,0.201,10.427,8.641,6.299,1.443,2.688,1.788,30.72,3.187,4.209,0.902,1.027,1.047,1.196,1.169,1.209,1.264,1.315,1.281,1.306,1.404,1.624,2.14,2.765,3.117,3.266,3.177,2.811,2.443,2.25,2.227,2.096,1.951,1.916,1.89,1.771,1.672,1.585,1.646,2.036,3.172,5.246,8.401,14.082,21.44,28.137,26.64,32.223,33.016,32.575,32.637,32.704,31.708,31.419,31.786,31.617,30.766,30.727,30.097,28.771,24.109
1.64,811.713,0.949,-242.927,2.678,1376.917,0.952,-417.933,6.133,5.97,94.96,0.876,0.557,-0.139,0.204,0.825,0.183,9.442,7.885,5.911,1.766,3.159,2.181,32.991,3.713,4.774,1.11,1.259,1.307,1.484,1.461,1.509,1.563,1.616,1.582,1.616,1.728,1.975,2.539,3.243,3.626,3.806,3.707,3.307,2.893,2.68,2.635,2.5,2.336,2.325,2.288,2.171,2.052,1.951,2.024,2.454,3.683,5.865,9.517,15.713,24.065,31.084,30.702,35.736,35.739,35.573,36.14,36.237,34.532,34.059,34.147,33.801,33.273,32.131,30.504,28.717,23.582
1.535,868.067,0.95,-226.4,2.33,1404.017,0.953,-373.133,5.857,5.648,95.31,0.874,0.577,-0.147,0.196,0.824,0.177,9.387,7.869,5.809,1.875,3.34,2.334,34.697,3.912,5.096,1.191,1.328,1.379,1.569,1.544,1.591,1.652,1.709,1.687,1.722,1.844,2.109,2.685,3.397,3.831,4.002,3.904,3.49,3.084,2.856,2.815,2.667,2.503,2.459,2.419,2.31,2.201,2.099,2.188,2.662,3.957,6.235,10.028,16.551,25.401,33.032,31.752,37.985,38.119,37.52,37.921,37.985,36.463,35.66,36.432,35.704,34.792,33.623,31.608,30.309,24.583
1.555,839.093,0.954,-241.64,2.638,1504.3,0.956,-442.783,5.64,5.25,95.61,0.869,0.561,-0.167,0.176,0.818,0.175,9.017,7.63,5.688,1.905,3.356,2.355,33.618,3.895,5.027,1.177,1.32,1.371,1.587,1.549,1.597,1.668,1.735,1.71,1.75,1.871,2.164,2.748,3.42,3.816,3.979,3.892,3.507,3.105,2.9,2.841,2.699,2.53,2.5,2.449,2.327,2.211,2.116,2.209,2.672,3.925,6.128,10.12,16.189,24.327,31.135,30.931,35.631,36.134,36.243,36.186,36.226,35.345,34.693,35.148,34.003,33.641,32.643,31.308,29.895,26.25
0.709,302.96,0.932,-73.24,1.003,417.617,0.93,-99.767,5.546,5.006,93.8,0.846,0.526,-0.25,0.091,0.803,0.135,8.156,6.961,4.92,1.99,3.457,2.635,31.654,3.976,5.347,1.243,1.411,1.43,1.625,1.614,1.673,1.745,1.83,1.789,1.841,1.972,2.252,2.822,3.494,3.89,4.054,3.984,3.6,3.232,3.041,2.998,2.885,2.728,2.731,2.682,2.594,2.493,2.416,2.524,3.007,4.267,6.427,10.095,15.831,23.737,30.071,28.096,34.188,34.324,34.217,34.853,34.416,32.891,32.649,33.088,32.347,32.291,31.16,29.565,28.462,22.259
0.694,301.113,0.916,-88.967,1.077,479.917,0.915,-129.95,5.141,4.125,87.86,0.822,0.47,-0.324,0.011,0.774,0.13,6.862,5.878,4.086,2.028,3.573,2.75,28.093,4.084,5.524,1.225,1.387,1.422,1.615,1.609,1.68,1.758,1.86,1.819,1.874,2.013,2.316,2.901,3.584,3.997,4.153,4.103,3.736,3.377,3.167,3.142,3.013,2.85,2.856,2.8,2.684,2.604,2.503,2.642,3.16,4.465,6.582,10.085,15.424,22.458,27.917,24.989,30.88,30.724,30.536,30.754,30.38,29.056,28.491,29.558,28.986,28.497,27.526,25.954,25.209,19.856
0.836,625.164,0.882,-134.921,1.331,1115.55,0.881,-230.183,4.593,2.897,81.6,0.711,0.391,-0.543,-0.257,0.697,0.028,4.591,4.161,2.247,2.457,4.571,4.32,25.557,4.952,7.871,1.342,1.537,1.579,1.812,1.836,1.938,2.047,2.199,2.235,2.334,2.528,2.878,3.494,4.245,4.728,5.032,5.096,4.848,4.593,4.535,4.572,4.51,4.41,4.434,4.406,4.259,4.131,3.994,4.136,4.877,6.622,9.121,12.327,16.914,21.879,25.333,22.367,27.115,27.211,27.175,27.452,27.455,26.444,26.149,26.875,26.421,26.203,25.278,24.519,23.5,19.192
0.521,919.4,0.891,-154.623,0.741,1417.733,0.881,-216.317,4.457,2.016,65.29,0.64,0.298,-0.629,-0.374,0.644,-0.006,3.611,3.355,1.587,2.411,4.328,4.38,19.957,4.583,7.715,1.225,1.399,1.494,1.747,1.783,1.91,2.031,2.154,2.245,2.332,2.509,2.799,3.312,3.904,4.345,4.638,4.765,4.618,4.472,4.427,4.475,4.471,4.401,4.483,4.484,4.345,4.217,4.063,4.167,4.902,6.625,8.805,11.167,14.609,18.023,20.098,17.444,21.198,21.308,21.12,21.393,21.493,20.744,20.751,20.991,20.625,20.431,19.705,18.76,18.025,15.367
0.25,624.792,0.857,-94.269,0.35,986.867,0.852,-134.467,4.321,1.135,30.76,0.453,0.192,-0.766,-0.58,0.549,-0.128,2.433,2.439,0.728,2.563,4.682,6.05,16.071,4.673,9.3,1.293,1.455,1.51,1.76,1.805,1.958,2.113,2.298,2.404,2.533,2.736,3.01,3.45,3.962,4.374,4.704,4.941,5.035,5.109,5.194,5.369,5.495,5.571,5.753,5.876,5.902,5.929,5.863,6.096,6.934,8.483,10.117,11.483,13.411,15.215,16.216,13.789,16.74,16.768,16.72,17.082,17.15,16.64,16.648,16.858,16.841,16.555,16.183,15.518,14.908,12.668
1.248,985.619,0.734,-192.981,1.977,1687.283,0.717,-315.917,2.239,2.238,61.921,0.756,0.443,-0.47,-0.163,0.719,0.081,5.124,4.439,3.043,2.786,4.634,3.939,28.379,5.218,7.019,1.908,2.074,2.107,2.28,2.282,2.395,2.468,2.563,2.572,2.656,2.8,3.1,3.736,4.58,5.059,5.326,5.269,4.815,4.421,4.254,4.245,4.13,3.984,3.967,3.946,3.863,3.794,3.746,3.89,4.37,5.738,8.301,12.001,17.795,24.219,28.432,26.339,30.328,30.329,30.244,30.361,30.176,29.152,28.953,29.259,28.932,28.516,28.092,26.774,25.849,22.373
1.517,907.065,0.841,-191.641,2.501,1558.65,0.83,-351.267,4.029,4.002,82.796,0.86,0.586,-0.201,0.142,0.797,0.2,7.862,6.439,4.858,2.155,4.078,2.718,36.139,4.858,6.17,1.366,1.548,1.598,1.802,1.756,1.811,1.874,1.946,1.915,1.948,2.09,2.438,3.22,4.187,4.743,4.988,4.844,4.274,3.702,3.402,3.34,3.136,2.915,2.872,2.813,2.672,2.546,2.45,2.575,3.097,4.699,7.64,12.47,20.165,29.325,36.116,34.077,39.502,39.408,39.173,39.393,39.018,37.455,36.953,37.43,36.57,36.286,34.929,33.416,31.762,26.718
1.499,848.565,0.888,-207.159,2.688,1530.783,0.883,-401.017,4.813,4.781,82.727,0.904,0.647,-0.005,0.329,0.843,0.254,10.772,8.6,6.469,1.626,3.337,1.985,39.282,4.092,5.259,0.991,1.157,1.174,1.36,1.317,1.348,1.408,1.472,1.404,1.426,1.54,1.847,2.561,3.489,3.995,4.208,4.072,3.488,2.932,2.678,2.61,2.421,2.201,2.163,2.115,1.966,1.819,1.704,1.807,2.319,3.839,6.68,11.523,19.242,29.443,37.709,36.199,42.424,42.638,42.406,42.555,42.299,40.822,40.198,40.43,40.525,39.259,38.088,36.658,35.514,29.215
1.552,910.3,0.921,-236.088,2.436,1462.8,0.917,-394.917,5.022,4.994,94.359,0.904,0.639,-0.002,0.331,0.855,0.217,11.81,9.557,7.24,1.571,3.01,1.937,38.556,3.652,4.679,1.005,1.145,1.168,1.356,1.299,1.327,1.387,1.438,1.379,1.402,1.515,1.768,2.351,3.126,3.569,3.764,3.624,3.126,2.665,2.458,2.405,2.26,2.077,2.067,2.029,1.903,1.795,1.702,1.804,2.26,3.508,5.851,9.884,17.103,27.365,36.508,34.359,42.359,42.5,42.337,42.716,42.441,40.753,40.11,40.379,39.37,38.347,36.627,34.569,33.269,28.21
1.838,992.06,0.941,-312.507,2.962,1621.417,0.942,-526.333,5.23,5.186,93.906,0.892,0.596,-0.064,0.275,0.851,0.172,11.439,9.605,6.893,1.538,2.851,2.016,35.468,3.345,4.494,0.848,0.982,1.015,1.192,1.186,1.25,1.326,1.396,1.365,1.399,1.518,1.761,2.294,2.925,3.274,3.424,3.335,2.968,2.604,2.432,2.406,2.279,2.148,2.127,2.107,1.995,1.894,1.804,1.872,2.315,3.467,5.52,8.913,15.176,23.584,31.686,31.79,36.979,37.878,37.567,37.642,37.796,36.858,36.447,36.674,36.338,35.28,35.252,34.482,32.984,28.061
1.694,827.107,0.948,-262.287,2.782,1377.967,0.95,-458.617,5.483,5.383,94.811,0.888,0.61,-0.088,0.253,0.842,0.179,10.678,8.883,6.549,1.72,3.158,2.198,36.883,3.732,4.886,1.015,1.186,1.224,1.402,1.381,1.445,1.504,1.579,1.528,1.561,1.682,1.94,2.519,3.255,3.64,3.831,3.725,3.295,2.873,2.668,2.621,2.494,2.333,2.337,2.305,2.184,2.062,1.959,2.034,2.507,3.781,5.991,9.793,16.407,26.06,34.282,34.011,40.033,40.025,39.786,40.44,40.495,38.533,37.963,38.214,37.985,37.277,36.05,34.147,32.223,26.062
1.776,929.52,0.95,-246.82,2.806,1502.783,0.95,-408.033,5.64,5.506,98.136,0.885,0.617,-0.101,0.24,0.842,0.167,10.647,8.915,6.493,1.79,3.233,2.306,37.653,3.798,5.025,1.08,1.223,1.285,1.478,1.454,1.51,1.573,1.63,1.604,1.638,1.764,2.021,2.58,3.29,3.714,3.891,3.789,3.368,2.97,2.764,2.729,2.59,2.44,2.409,2.383,2.275,2.178,2.074,2.168,2.653,3.917,6.133,9.918,16.679,26.402,35.116,34.178,40.97,41.188,40.659,41.124,41.201,39.519,38.518,39.595,38.826,38.002,36.7,34.429,33.089,26.794
1.639,915.627,0.956,-249.233,2.735,1615.7,0.953,-461.033,5.805,5.596,96.949,0.889,0.587,-0.081,0.26,0.843,0.184,10.726,9.0,6.79,1.664,2.975,2.05,34.882,3.488,4.478,1.005,1.145,1.191,1.381,1.348,1.395,1.46,1.517,1.489,1.519,1.629,1.888,2.42,3.054,3.418,3.57,3.478,3.095,2.723,2.535,2.481,2.355,2.201,2.176,2.139,2.025,1.922,1.83,1.92,2.34,3.469,5.487,9.282,15.486,24.092,31.596,31.99,36.786,37.254,37.392,37.446,37.514,36.686,36.014,36.459,35.332,34.874,33.957,32.669,31.221,27.64
0.717,347.04,0.939,-86.493,1.001,457.7,0.933,-135.083,5.538,5.161,98.401,0.866,0.535,-0.179,0.164,0.82,0.158,9.134,7.732,5.665,1.772,3.118,2.269,31.602,3.619,4.742,1.066,1.216,1.269,1.436,1.44,1.495,1.557,1.613,1.589,1.635,1.75,2.003,2.533,3.165,3.537,3.698,3.623,3.25,2.894,2.703,2.663,2.545,2.395,2.392,2.34,2.243,2.14,2.055,2.143,2.573,3.73,5.754,9.237,15.036,23.021,29.747,28.243,34.126,34.194,34.013,34.729,34.318,33.023,32.787,33.036,32.262,32.12,31.055,29.354,28.356,22.412
0.683,327.88,0.917,-79.393,1.063,502.767,0.91,-115.15,5.103,4.335,95.657,0.841,0.523,-0.265,0.075,0.796,0.136,7.827,6.652,4.676,2.005,3.585,2.726,31.647,4.136,5.576,1.198,1.361,1.411,1.62,1.605,1.666,1.747,1.835,1.793,1.842,1.986,2.281,2.885,3.611,4.042,4.213,4.153,3.75,3.361,3.143,3.11,2.977,2.816,2.83,2.777,2.657,2.574,2.478,2.614,3.148,4.476,6.676,10.412,16.417,24.46,31.006,28.405,34.673,34.494,34.314,34.571,34.272,32.847,32.135,33.348,32.64,32.093,30.978,29.073,28.374,22.486
0.768,664.093,0.89,-138.771,1.29,1180.8,0.888,-237.8,4.437,2.776,86.479,0.734,0.428,-0.508,-0.211,0.704,0.062,4.763,4.227,2.186,2.484,4.846,4.283,27.926,5.342,8.766,1.277,1.431,1.575,1.711,1.808,1.945,2.026,2.11,2.169,2.294,2.532,2.998,3.795,4.618,5.127,5.459,5.442,5.022,4.771,4.682,4.694,4.549,4.426,4.445,4.366,4.146,3.969,3.94,4.089,5.024,7.282,10.251,14.26,19.725,24.912,28.165,26.445,29.59,29.813,30.003,29.865,29.217,27.166,28.304,29.335,28.582,28.332,27.734,26.596,24.904,23.007
0.408,872.1,0.883,-125.214,0.609,1430.6,0.877,-181.65,4.091,1.88,67.159,0.623,0.307,-0.645,-0.398,0.619,0.007,3.252,2.999,1.366,2.544,5.012,4.946,21.313,5.329,9.008,1.207,1.412,1.532,1.814,1.854,1.979,2.104,2.234,2.323,2.424,2.631,2.999,3.652,4.424,5.006,5.407,5.575,5.421,5.235,5.168,5.223,5.189,5.089,5.169,5.158,4.938,4.742,4.498,4.599,5.516,7.693,10.324,12.906,16.568,19.922,21.755,19.15,22.686,22.727,22.472,22.717,22.802,22.022,22.029,22.221,21.936,21.771,21.092,20.042,19.319,16.711
0.173,627.162,0.841,-79.954,0.248,992.683,0.832,-112.45,4.0,1.066,30.72,0.439,0.188,-0.773,-0.592,0.548,-0.143,2.42,2.441,0.683,2.468,4.745,6.326,16.229,4.717,9.643,1.168,1.328,1.393,1.645,1.697,1.839,2.0,2.185,2.3,2.433,2.643,2.937,3.404,3.942,4.391,4.75,5.01,5.14,5.225,5.317,5.524,5.663,5.755,5.948,6.106,6.178,6.229,6.185,6.42,7.219,8.819,10.466,11.77,13.643,15.346,16.291,14.15,16.769,16.816,16.748,17.139,17.237,16.725,16.741,17.049,16.983,16.817,16.421,15.742,15.146,12.954
0.134,797.085,0.838,-82.815,0.198,1248.35,0.828,-113.567,3.909,0.251,11.084,0.321,0.124,-0.823,-0.674,0.488,-0.198,1.908,2.034,0.432,2.701,4.548,6.796,13.224,4.359,9.234,1.195,1.38,1.478,1.74,1.824,2.019,2.218,2.43,2.592,2.747,2.952,3.171,3.478,3.8,4.089,4.365,4.622,4.848,5.043,5.209,5.477,5.713,5.903,6.111,6.345,6.516,6.724,6.891,7.201,7.783,8.769,9.699,10.215,11.184,12.151,12.691,11.248,13.037,13.078,13.199,13.42,13.694,13.491,13.727,14.046,14.046,13.84,13.763,13.397,12.89,11.486
1.08,926.969,0.621,-162.144,1.624,1461.533,0.6,-257.433,2.081,2.075,56.11,0.717,0.432,-0.535,-0.245,0.679,0.074,4.233,3.692,2.493,3.391,5.565,4.8,29.119,6.206,8.337,2.244,2.436,2.525,2.798,2.787,2.915,3.009,3.098,3.15,3.238,3.414,3.786,4.517,5.456,6.014,6.324,6.281,5.771,5.361,5.188,5.17,5.047,4.871,4.872,4.822,4.722,4.618,4.564,4.715,5.285,6.897,9.776,14.071,19.993,25.85,29.463,27.584,31.048,30.943,30.934,31.017,30.66,29.738,29.798,29.776,29.602,29.203,28.808,27.454,26.741,23.473
1.326,883.935,0.669,-175.218,2.182,1496.183,0.705,-318.15,2.862,2.849,67.83,0.801,0.513,-0.377,-0.05,0.742,0.146,5.74,4.841,3.597,2.81,4.833,3.599,32.574,5.576,7.087,1.736,1.937,2.035,2.298,2.28,2.39,2.463,2.535,2.576,2.636,2.804,3.144,3.934,4.896,5.435,5.715,5.579,5.019,4.508,4.223,4.185,4.026,3.836,3.799,3.707,3.534,3.424,3.319,3.428,3.985,5.568,8.605,13.303,20.277,27.926,33.29,31.184,35.584,35.297,35.28,35.324,35.231,33.685,33.293,33.726,32.777,32.492,31.408,30.206,28.569,24.554
1.412,841.471,0.709,-173.488,2.322,1503.783,0.74,-328.9,3.643,3.617,89.4,0.841,0.577,-0.265,0.075,0.787,0.16,7.405,6.31,4.654,2.485,4.324,3.13,36.339,4.971,6.427,1.504,1.732,1.784,2.032,2.036,2.108,2.205,2.28,2.241,2.294,2.447,2.789,3.515,4.368,4.868,5.08,4.965,4.5,4.05,3.805,3.761,3.57,3.355,3.299,3.246,3.08,2.954,2.841,2.959,3.531,5.055,7.799,12.472,19.907,28.724,35.46,33.761,38.786,38.846,38.888,38.868,38.804,37.783,37.128,37.327,37.397,36.669,35.412,34.133,33.221,28.064
1.29,904.613,0.804,-198.194,2.045,1458.717,0.815,-326.233,4.206,4.122,91.35,0.857,0.616,-0.211,0.131,0.794,0.199,7.69,6.369,4.808,2.468,4.49,2.997,39.024,5.296,6.719,1.454,1.636,1.748,2.006,2.004,2.083,2.179,2.227,2.189,2.235,2.411,2.795,3.622,4.603,5.181,5.455,5.252,4.671,4.115,3.799,3.718,3.505,3.256,3.218,3.137,2.943,2.77,2.649,2.791,3.47,5.167,8.272,13.384,21.734,31.709,39.36,36.614,43.264,43.057,42.835,43.045,42.695,41.282,40.162,40.324,39.233,38.31,36.416,34.875,33.903,29.343
1.593,982.907,0.831,-259.567,2.486,1607.467,0.873,-436.2,4.158,4.084,92.84,0.856,0.581,-0.216,0.126,0.801,0.175,8.055,6.81,4.832,2.194,3.969,2.787,35.944,4.602,6.163,1.23,1.417,1.491,1.718,1.74,1.826,1.907,1.975,1.956,2.002,2.169,2.508,3.209,4.028,4.505,4.71,4.591,4.138,3.667,3.467,3.409,3.23,3.029,2.974,2.925,2.766,2.61,2.486,2.573,3.177,4.765,7.562,11.909,19.059,26.747,33.804,33.841,37.556,38.34,37.979,38.032,38.207,37.149,36.967,36.918,36.512,35.559,35.468,34.798,33.183,28.658
1.478,791.833,0.777,-188.727,2.207,1293.933,0.887,-322.033,4.083,4.024,87.48,0.842,0.562,-0.265,0.075,0.786,0.165,7.331,6.195,4.456,2.367,4.198,3.008,34.976,4.861,6.41,1.381,1.572,1.663,1.901,1.907,2.003,2.07,2.139,2.115,2.18,2.339,2.681,3.414,4.261,4.748,4.973,4.862,4.397,3.921,3.644,3.566,3.438,3.212,3.195,3.139,2.957,2.832,2.71,2.82,3.403,5.051,7.77,12.067,18.989,27.323,33.779,33.34,37.788,37.616,37.367,38.124,38.194,36.425,35.741,36.072,35.813,35.155,34.163,32.317,31.055,25.47
1.504,885.46,0.781,-195.08,2.33,1392.65,0.887,-326.933,3.98,3.939,87.48,0.85,0.549,-0.237,0.105,0.79,0.184,7.508,6.351,4.517,2.151,3.931,2.711,33.445,4.55,6.063,1.251,1.413,1.481,1.714,1.7,1.764,1.857,1.927,1.919,1.972,2.119,2.487,3.164,3.97,4.446,4.641,4.563,4.116,3.662,3.451,3.369,3.177,2.96,2.904,2.834,2.676,2.538,2.42,2.506,3.103,4.724,7.401,11.697,18.476,26.244,32.796,31.228,36.164,36.073,35.962,36.148,36.125,34.78,34.086,34.788,34.233,33.283,32.581,31.002,30.05,25.178
1.275,869.393,0.767,-199.427,2.101,1515.3,0.887,-351.467,3.932,3.853,95.51,0.835,0.515,-0.284,0.055,0.767,0.191,6.572,5.505,4.043,2.197,4.124,2.799,31.229,4.801,6.193,1.183,1.347,1.432,1.65,1.661,1.747,1.853,1.928,1.939,2.008,2.183,2.589,3.331,4.188,4.685,4.905,4.813,4.293,3.829,3.571,3.504,3.345,3.089,3.026,2.95,2.773,2.62,2.48,2.572,3.174,4.771,7.615,12.032,18.533,25.658,30.683,29.603,33.005,33.305,33.508,33.337,33.347,32.636,31.922,32.445,31.671,31.225,30.269,29.165,28.115,24.881
0.606,323.707,0.747,-62.793,0.805,419.017,0.848,-85.9,3.878,3.744,92.24,0.802,0.469,-0.374,-0.046,0.747,0.139,5.893,5.033,3.449,2.279,4.159,3.143,28.671,4.753,6.444,1.275,1.475,1.518,1.721,1.758,1.846,1.922,2.04,2.029,2.106,2.277,2.651,3.359,4.133,4.604,4.852,4.803,4.344,3.924,3.731,3.684,3.557,3.364,3.347,3.262,3.105,2.958,2.817,2.941,3.571,5.174,7.714,11.372,16.561,23.058,27.88,26.023,30.489,30.762,30.713,31.285,30.945,29.549,29.334,29.585,29.352,29.193,28.367,27.465,26.179,20.823
0.613,313.967,0.735,-83.04,0.942,467.833,0.837,-122.05,3.588,2.993,87.62,0.757,0.402,-0.469,-0.16,0.709,0.104,4.878,4.242,2.702,2.344,4.228,3.434,24.855,4.742,6.713,1.286,1.45,1.537,1.76,1.798,1.905,2.01,2.111,2.11,2.182,2.358,2.719,3.357,4.114,4.576,4.827,4.823,4.449,4.101,3.907,3.901,3.795,3.614,3.607,3.541,3.348,3.242,3.1,3.26,3.94,5.527,7.899,11.089,16.251,21.923,25.709,22.688,27.136,26.921,26.82,27.011,26.711,25.406,25.226,26.007,25.63,25.149,24.346,23.133,22.52,18.12
0.533,645.879,0.767,-107.271,0.845,1137.7,0.798,-179.833,3.438,1.681,51.81,0.477,0.233,-0.753,-0.56,0.545,-0.093,2.4,2.378,0.869,3.311,5.791,6.98,19.689,5.829,10.535,1.691,1.911,2.023,2.29,2.401,2.6,2.761,2.94,3.077,3.254,3.515,3.861,4.478,5.102,5.51,5.872,6.104,6.174,6.221,6.25,6.408,6.481,6.534,6.697,6.868,6.869,6.852,6.743,6.99,7.839,9.622,11.449,13.357,15.607,18.247,19.395,16.734,20.155,20.116,19.942,20.216,20.317,20.068,20.115,20.673,20.535,20.786,20.453,19.92,19.216,16.092
0.197,840.579,0.714,-96.257,0.304,1385.933,0.782,-141.2,3.44,0.799,23.12,0.333,0.141,-0.818,-0.667,0.469,-0.162,1.77,1.835,0.46,3.313,5.435,7.531,15.053,5.31,10.308,1.675,1.86,1.985,2.27,2.358,2.577,2.776,2.999,3.168,3.325,3.58,3.853,4.228,4.657,5.005,5.324,5.6,5.788,5.932,6.078,6.301,6.516,6.721,6.927,7.155,7.308,7.45,7.526,7.845,8.508,9.692,10.924,11.692,12.958,14.209,14.646,13.105,14.876,14.957,14.956,15.255,15.522,15.411,15.496,15.769,15.903,15.904,15.681,15.038,14.697,13.216
